{"type":"FeatureCollection","properties":{"attribution":"Street geometry \u00a9 OpenStreetMap contributors (ODbL); historical additions traced from public-domain USGS quads"},"features":[{"type":"Feature","properties":{"name":"Nimitz Freeway","kind":"freeway","eras":["1965","1985"],"src":"osm"},"geometry":{"type":"LineString","coordinates":[[-122.300684,37.814238],[-122.300201,37.814605],[-122.300088,37.814688]]}},{"type":"Feature","properties":{"name":"Nimitz Freeway","kind":"freeway","eras":["1985"],"src":"osm"},"geometry":{"type":"LineString","coordinates":[[-122.276468,37.808162],[-122.276432,37.80822],[-122.276392,37.808279],[-122.276374,37.808304],[-122.276354,37.808333],[-122.276331,37.808363],[-122.276308,37.808392],[-122.276284,37.808419],[-122.276255,37.80845],[-122.276209,37.808496],[-122.276158,37.808541],[-122.276109,37.808583],[-122.276092,37.808596],[-122.276053,37.808625],[-122.276011,37.808655],[-122.275839,37.80877]]}},{"type":"Feature","properties":{"name":"Nimitz Freeway","kind":"freeway","eras":["1965","1985"],"src":"osm"},"geometry":{"type":"LineString","coordinates":[[-122.279695,37.801171],[-122.279707,37.801333],[-122.279784,37.80153],[-122.279814,37.801657],[-122.279832,37.801772],[-122.279841,37.801894],[-122.279843,37.80201],[-122.279836,37.802118],[-122.279826,37.802215]]}},{"type":"Feature","properties":{"name":"Nimitz Freeway","kind":"freeway","eras":["1965","1985"],"src":"osm"},"geometry":{"type":"LineString","coordinates":[[-122.302094,37.803985],[-122.302246,37.804205],[-122.302465,37.80443],[-122.302496,37.804466],[-122.302525,37.804497],[-122.30255,37.804527],[-122.302576,37.804556],[-122.302607,37.804587],[-122.3027,37.804698],[-122.302811,37.804834],[-122.302897,37.804941],[-122.302982,37.805052],[-122.303067,37.805164],[-122.303152,37.805281],[-122.303243,37.805406],[-122.303324,37.805523],[-122.303407,37.805651],[-122.303482,37.805771],[-122.303555,37.805891],[-122.303632,37.806016],[-122.303701,37.80613]]}},{"type":"Feature","properties":{"name":"Nimitz Freeway","kind":"freeway","eras":["1965","1985"],"src":"osm"},"geometry":{"type":"LineString","coordinates":[[-122.280168,37.800666],[-122.280439,37.800863],[-122.280805,37.801032],[-122.281458,37.801324]]}},{"type":"Feature","properties":{"name":"Nimitz Freeway","kind":"freeway","eras":["1985"],"src":"osm"},"geometry":{"type":"LineString","coordinates":[[-122.274296,37.811911],[-122.274584,37.811793],[-122.274893,37.811555],[-122.275023,37.811456],[-122.275134,37.811369],[-122.275241,37.811282],[-122.275325,37.811212]]}},{"type":"Feature","properties":{"name":"Nimitz Freeway","kind":"freeway","eras":["1985"],"src":"osm"},"geometry":{"type":"LineString","coordinates":[[-122.277163,37.809165],[-122.277153,37.809082],[-122.277312,37.808789]]}},{"type":"Feature","properties":{"name":"Nimitz Freeway","kind":"freeway","eras":["1965","1985"],"src":"osm"},"geometry":{"type":"LineString","coordinates":[[-122.291079,37.803482],[-122.291258,37.803374],[-122.291391,37.803299],[-122.29153,37.803222],[-122.291664,37.80315],[-122.291751,37.803107],[-122.291838,37.803066],[-122.291913,37.803034],[-122.291985,37.803004],[-122.292085,37.802965]]}},{"type":"Feature","properties":{"name":"Ferro Street","kind":"street","eras":["1950","1965","1985"],"src":"osm"},"geometry":{"type":"LineString","coordinates":[[-122.302309,37.796428],[-122.302309,37.796528],[-122.302309,37.796674],[-122.301278,37.796839],[-122.301163,37.796861],[-122.300918,37.796906],[-122.300651,37.797029],[-122.300686,37.797226]]}},{"type":"Feature","properties":{"name":"Clay Street","kind":"street","eras":["1950","1965","1985"],"src":"osm"},"geometry":{"type":"LineString","coordinates":[[-122.276615,37.800461],[-122.27656,37.800549],[-122.276442,37.800738],[-122.276248,37.801048],[-122.276239,37.801064],[-122.27619,37.801142],[-122.276132,37.801234],[-122.27612,37.801253],[-122.275949,37.801527],[-122.275808,37.801752],[-122.27576,37.801829]]}},{"type":"Feature","properties":{"name":"Goss Street","kind":"street","eras":["1950","1965","1985"],"src":"osm"},"geometry":{"type":"LineString","coordinates":[[-122.300618,37.807384],[-122.30204,37.807699],[-122.302142,37.80772],[-122.302246,37.807741],[-122.302527,37.807802],[-122.302922,37.807888],[-122.303069,37.807921],[-122.303441,37.808002],[-122.303479,37.808019],[-122.303502,37.808042]]}},{"type":"Feature","properties":{"name":"Franklin Street","kind":"street","eras":["1950","1965","1985"],"src":"osm"},"geometry":{"type":"LineString","coordinates":[[-122.273404,37.798354],[-122.273037,37.798943],[-122.272985,37.799028]]}},{"type":"Feature","properties":{"name":"Franklin Street","kind":"street","eras":["1950","1965","1985"],"src":"osm"},"geometry":{"type":"LineString","coordinates":[[-122.274282,37.796967],[-122.274332,37.796886],[-122.274659,37.796358],[-122.274712,37.796273],[-122.274764,37.796191],[-122.275067,37.795701],[-122.275089,37.795666],[-122.27512,37.795616],[-122.275141,37.795582],[-122.275188,37.795506],[-122.2754,37.795157],[-122.275489,37.795003],[-122.275507,37.794974],[-122.275535,37.794928]]}},{"type":"Feature","properties":{"name":"22nd Street","kind":"street","eras":["1950","1965","1985"],"src":"osm"},"geometry":{"type":"LineString","coordinates":[[-122.275093,37.812359],[-122.275182,37.812393],[-122.27562,37.812563],[-122.275963,37.812696],[-122.276157,37.81277],[-122.27625,37.812811],[-122.276356,37.812858],[-122.276885,37.813059],[-122.277113,37.813146],[-122.27743,37.813267],[-122.278759,37.813793],[-122.278796,37.813808],[-122.278897,37.813848]]}},{"type":"Feature","properties":{"name":"Curtis Street","kind":"street","eras":["1950","1965","1985"],"src":"osm"},"geometry":{"type":"LineString","coordinates":[[-122.27823,37.811995],[-122.278191,37.812057],[-122.278182,37.812071],[-122.278063,37.812261],[-122.278015,37.812335]]}},{"type":"Feature","properties":{"name":"10th Street","kind":"street","eras":["1950","1965","1985"],"src":"osm"},"geometry":{"type":"LineString","coordinates":[[-122.296314,37.808414],[-122.296541,37.808527],[-122.296936,37.808724],[-122.297137,37.808824],[-122.297505,37.80901],[-122.297541,37.809029],[-122.297611,37.809064],[-122.297687,37.809101],[-122.297724,37.809119],[-122.297933,37.809222],[-122.298231,37.809371],[-122.298238,37.809375],[-122.298555,37.809533],[-122.298826,37.809669],[-122.298893,37.809703],[-122.298969,37.809741],[-122.299415,37.809965],[-122.299482,37.809998],[-122.299562,37.810038],[-122.299672,37.810093],[-122.300102,37.810309],[-122.300172,37.810344],[-122.30028,37.810398],[-122.300706,37.810612],[-122.301475,37.810997]]}},{"type":"Feature","properties":{"name":"12th Street","kind":"major","eras":["1950","1965","1985"],"src":"osm"},"geometry":{"type":"LineString","coordinates":[[-122.279765,37.805968],[-122.279904,37.805986],[-122.280023,37.805993],[-122.280129,37.805994],[-122.28021,37.805986],[-122.280239,37.805983],[-122.280343,37.805965]]}},{"type":"Feature","properties":{"name":"10th Street","kind":"street","eras":["1950","1965","1985"],"src":"osm"},"geometry":{"type":"LineString","coordinates":[[-122.272963,37.801584],[-122.273076,37.801628],[-122.27359,37.80183],[-122.274058,37.802013],[-122.274153,37.80205]]}},{"type":"Feature","properties":{"name":"Lewis Street","kind":"street","eras":["1950","1965","1985"],"src":"osm"},"geometry":{"type":"LineString","coordinates":[[-122.299076,37.803337],[-122.298858,37.803934],[-122.298532,37.804828],[-122.298229,37.805666]]}},{"type":"Feature","properties":{"name":"24th Street","kind":"street","eras":["1950","1965","1985"],"src":"osm"},"geometry":{"type":"LineString","coordinates":[[-122.268595,37.813472],[-122.26876,37.813501],[-122.269457,37.813621],[-122.269536,37.813633],[-122.269698,37.813663],[-122.270493,37.813797]]}},{"type":"Feature","properties":{"name":"24th Street","kind":"street","eras":["1950","1965","1985"],"src":"osm"},"geometry":{"type":"LineString","coordinates":[[-122.288386,37.818346],[-122.2885,37.818294],[-122.288591,37.81825],[-122.288689,37.818224],[-122.288795,37.818216],[-122.289006,37.818226],[-122.289114,37.818233]]}},{"type":"Feature","properties":{"name":"24th Street","kind":"street","eras":["1950","1965","1985"],"src":"osm"},"geometry":{"type":"LineString","coordinates":[[-122.272344,37.814279],[-122.272457,37.814298],[-122.273455,37.814459],[-122.274455,37.814622],[-122.274543,37.814636]]}},{"type":"Feature","properties":{"name":"Linden Street","kind":"street","eras":["1950","1965","1985"],"src":"osm"},"geometry":{"type":"LineString","coordinates":[[-122.287545,37.799194],[-122.287336,37.799791],[-122.287218,37.800125],[-122.287204,37.800165],[-122.287089,37.800495],[-122.28707,37.800549],[-122.287055,37.800589]]}},{"type":"Feature","properties":{"name":"Linden Street","kind":"street","eras":["1950","1965","1985"],"src":"osm"},"geometry":{"type":"LineString","coordinates":[[-122.285029,37.806133],[-122.284533,37.807523],[-122.284501,37.807612]]}},{"type":"Feature","properties":{"name":"Linden Street","kind":"street","eras":["1950","1965","1985"],"src":"osm"},"geometry":{"type":"LineString","coordinates":[[-122.280115,37.819785],[-122.279883,37.820426],[-122.279637,37.821105],[-122.279622,37.821144],[-122.27961,37.821176],[-122.27948,37.821531],[-122.27929,37.822066],[-122.27913,37.8225],[-122.279026,37.822781],[-122.278863,37.823274],[-122.278705,37.823694],[-122.278482,37.824285],[-122.278275,37.824916],[-122.278268,37.824945],[-122.278243,37.825015]]}},{"type":"Feature","properties":{"name":"Linden Street","kind":"street","eras":["1950","1965","1985"],"src":"osm"},"geometry":{"type":"LineString","coordinates":[[-122.286222,37.80279],[-122.286169,37.80296],[-122.286057,37.803323],[-122.286013,37.803465]]}},{"type":"Feature","properties":{"name":"Alicia Street","kind":"street","eras":["1950","1965","1985"],"src":"osm"},"geometry":{"type":"LineString","coordinates":[[-122.276853,37.818589],[-122.276872,37.818606],[-122.277009,37.818639],[-122.277053,37.81865],[-122.277158,37.818676]]}},{"type":"Feature","properties":{"name":"Peralta Street","kind":"street","eras":["1950","1965","1985"],"src":"osm"},"geometry":{"type":"LineString","coordinates":[[-122.300168,37.803585],[-122.300053,37.80373],[-122.299075,37.804952],[-122.298365,37.805847]]}},{"type":"Feature","properties":{"name":"15th Street","kind":"street","eras":["1950","1965","1985"],"src":"osm"},"geometry":{"type":"LineString","coordinates":[[-122.280578,37.808859],[-122.280088,37.808664],[-122.279091,37.808279],[-122.278325,37.807981],[-122.278225,37.807941]]}},{"type":"Feature","properties":{"name":"15th Street","kind":"street","eras":["1950","1965","1985"],"src":"osm"},"geometry":{"type":"LineString","coordinates":[[-122.29144,37.811586],[-122.291524,37.811605],[-122.291581,37.811618],[-122.292618,37.811857]]}},{"type":"Feature","properties":{"name":"15th Street","kind":"street","eras":["1950","1965","1985"],"src":"osm"},"geometry":{"type":"LineString","coordinates":[[-122.276729,37.807351],[-122.276622,37.807309],[-122.276151,37.807125],[-122.275549,37.80689],[-122.275033,37.806686],[-122.274833,37.806607],[-122.274476,37.806466],[-122.274428,37.806447],[-122.274365,37.806422]]}},{"type":"Feature","properties":{"name":"15th Street","kind":"street","eras":["1950","1965","1985"],"src":"osm"},"geometry":{"type":"LineString","coordinates":[[-122.293447,37.812013],[-122.293568,37.812075],[-122.294313,37.812453],[-122.294628,37.812614],[-122.294664,37.812632],[-122.294717,37.812659],[-122.294803,37.812702],[-122.294843,37.812722],[-122.295933,37.813265],[-122.295964,37.813281],[-122.29601,37.813304]]}},{"type":"Feature","properties":{"name":"Center Street","kind":"street","eras":["1950","1965","1985"],"src":"osm"},"geometry":{"type":"LineString","coordinates":[[-122.294566,37.806417],[-122.294548,37.806465],[-122.294288,37.807176],[-122.294113,37.807668],[-122.293982,37.808039],[-122.29394,37.808161],[-122.293892,37.808301],[-122.293746,37.808712],[-122.29366,37.808958],[-122.293492,37.809433]]}},{"type":"Feature","properties":{"name":"Center Street","kind":"street","eras":["1950","1965","1985"],"src":"osm"},"geometry":{"type":"LineString","coordinates":[[-122.293396,37.80967],[-122.293224,37.810166]]}},{"type":"Feature","properties":{"name":"Center Street","kind":"street","eras":["1950","1965","1985"],"src":"osm"},"geometry":{"type":"LineString","coordinates":[[-122.293224,37.810166],[-122.293146,37.81038],[-122.293092,37.81054],[-122.292894,37.81112],[-122.292877,37.811165],[-122.292747,37.81151],[-122.29272,37.811585],[-122.292711,37.811609],[-122.292618,37.811857],[-122.292529,37.812124],[-122.292373,37.812598],[-122.292152,37.813227],[-122.29214,37.813262],[-122.292113,37.813339]]}},{"type":"Feature","properties":{"name":"Center Street","kind":"street","eras":["1950","1965","1985"],"src":"osm"},"geometry":{"type":"LineString","coordinates":[[-122.29589,37.802614],[-122.295661,37.803267],[-122.295364,37.804114]]}},{"type":"Feature","properties":{"name":"Chester Street","kind":"street","eras":["1950","1965","1985"],"src":"osm"},"geometry":{"type":"LineString","coordinates":[[-122.296996,37.802869],[-122.296547,37.804095],[-122.296448,37.804365]]}},{"type":"Feature","properties":{"name":"9th Street","kind":"street","eras":["1950","1965","1985"],"src":"osm"},"geometry":{"type":"LineString","coordinates":[[-122.293074,37.806912],[-122.293125,37.806919],[-122.293174,37.80693],[-122.294288,37.807176],[-122.294898,37.807317],[-122.295214,37.80739],[-122.295279,37.807412],[-122.295339,37.807439],[-122.296584,37.808071]]}},{"type":"Feature","properties":{"name":"9th Street","kind":"street","eras":["1950","1965","1985"],"src":"osm"},"geometry":{"type":"LineString","coordinates":[[-122.299517,37.808947],[-122.300715,37.809544],[-122.300795,37.809584],[-122.300893,37.809633],[-122.301456,37.809915],[-122.302033,37.810206],[-122.302094,37.810237]]}},{"type":"Feature","properties":{"name":"9th Street","kind":"street","eras":["1950","1965","1985"],"src":"osm"},"geometry":{"type":"LineString","coordinates":[[-122.27918,37.80318],[-122.279073,37.803137],[-122.278124,37.802764],[-122.277652,37.802576],[-122.277632,37.802568],[-122.277466,37.802502],[-122.277055,37.802339],[-122.277006,37.802319],[-122.276941,37.802293],[-122.276895,37.802275],[-122.276837,37.802252],[-122.275863,37.801869],[-122.27576,37.801829]]}},{"type":"Feature","properties":{"name":"Henry Street","kind":"street","eras":["1950","1965","1985"],"src":"osm"},"geometry":{"type":"LineString","coordinates":[[-122.29804,37.803101],[-122.297499,37.804594],[-122.297332,37.805054],[-122.297318,37.805094],[-122.297191,37.805442],[-122.297168,37.805506],[-122.297112,37.805662],[-122.297104,37.805682],[-122.297064,37.805794],[-122.297022,37.805923],[-122.297016,37.805939],[-122.296971,37.806066],[-122.296725,37.806758],[-122.296692,37.806847],[-122.296653,37.806953],[-122.296487,37.807386]]}},{"type":"Feature","properties":{"name":"Chase Street","kind":"street","eras":["1950","1965","1985"],"src":"osm"},"geometry":{"type":"LineString","coordinates":[[-122.302042,37.809196],[-122.302671,37.809504]]}},{"type":"Feature","properties":{"name":"Chase Street","kind":"street","eras":["1950","1965","1985"],"src":"osm"},"geometry":{"type":"LineString","coordinates":[[-122.300125,37.808178],[-122.300209,37.80822],[-122.301334,37.808781],[-122.301363,37.808795],[-122.301403,37.808815]]}},{"type":"Feature","properties":{"name":"18th Street","kind":"street","eras":["1950","1965","1985"],"src":"osm"},"geometry":{"type":"LineString","coordinates":[[-122.279893,37.811141],[-122.280001,37.81117],[-122.280305,37.811244],[-122.28094,37.811389],[-122.281357,37.81148],[-122.281949,37.811616],[-122.282544,37.811751],[-122.282971,37.811847],[-122.283497,37.811969],[-122.284052,37.812098],[-122.285002,37.812313],[-122.285033,37.812325],[-122.285135,37.812365]]}},{"type":"Feature","properties":{"name":"18th Street","kind":"street","eras":["1950","1965","1985"],"src":"osm"},"geometry":{"type":"LineString","coordinates":[[-122.279759,37.811114],[-122.279667,37.811098],[-122.27954,37.81107],[-122.279364,37.811013],[-122.279327,37.810996],[-122.279142,37.810915],[-122.279041,37.810859],[-122.278987,37.810827],[-122.278557,37.810575],[-122.278457,37.810516]]}},{"type":"Feature","properties":{"name":"Campbell Street","kind":"street","eras":["1950","1965","1985"],"src":"osm"},"geometry":{"type":"LineString","coordinates":[[-122.298912,37.807417],[-122.298898,37.807441],[-122.298774,37.807599],[-122.298596,37.807828],[-122.29835,37.808136],[-122.29822,37.8083],[-122.297962,37.80863],[-122.297691,37.808965],[-122.297657,37.809007],[-122.297611,37.809064],[-122.297555,37.809134],[-122.297535,37.809158],[-122.297443,37.809273],[-122.296988,37.809811],[-122.296453,37.810479],[-122.296375,37.810575],[-122.296309,37.810659],[-122.295757,37.811345],[-122.295335,37.811892],[-122.295318,37.811914],[-122.295244,37.81201],[-122.295219,37.812041],[-122.295194,37.812072],[-122.295172,37.812099],[-122.294773,37.81259],[-122.294717,37.812659],[-122.294682,37.812702],[-122.294245,37.813249],[-122.294218,37.813284],[-122.294162,37.813354]]}},{"type":"Feature","properties":{"name":"Myrtle Street","kind":"street","eras":["1950","1965","1985"],"src":"osm"},"geometry":{"type":"LineString","coordinates":[[-122.285027,37.800127],[-122.285032,37.800085],[-122.285038,37.800032],[-122.285048,37.800004],[-122.285372,37.799117],[-122.28552,37.798716]]}},{"type":"Feature","properties":{"name":"Isabella Street","kind":"street","eras":["1950","1965","1985"],"src":"osm"},"geometry":{"type":"LineString","coordinates":[[-122.275031,37.814796],[-122.275163,37.814821],[-122.275227,37.814829],[-122.275583,37.81477],[-122.275745,37.814737],[-122.276273,37.814629],[-122.276741,37.814531],[-122.276956,37.814489],[-122.277066,37.814467],[-122.277755,37.814331],[-122.277788,37.814316],[-122.277841,37.814294],[-122.277903,37.814268]]}},{"type":"Feature","properties":{"name":"31st Street","kind":"street","eras":["1950","1965","1985"],"src":"osm"},"geometry":{"type":"LineString","coordinates":[[-122.266934,37.819992],[-122.267084,37.820015],[-122.267722,37.820113],[-122.267767,37.820121],[-122.267866,37.820136],[-122.267997,37.820156],[-122.268084,37.820169],[-122.268423,37.820222],[-122.268479,37.820247],[-122.268519,37.820289],[-122.268535,37.82034],[-122.268554,37.820565],[-122.268546,37.820694],[-122.268434,37.821114],[-122.268385,37.821162],[-122.268324,37.821177]]}},{"type":"Feature","properties":{"name":"31st Street","kind":"street","eras":["1950","1965","1985"],"src":"osm"},"geometry":{"type":"LineString","coordinates":[[-122.270303,37.82052],[-122.270756,37.820593],[-122.270869,37.82061],[-122.271536,37.820718],[-122.271646,37.820735],[-122.272042,37.820799],[-122.272091,37.820807],[-122.272326,37.820844],[-122.272591,37.820886],[-122.273326,37.821002],[-122.273884,37.82109],[-122.274132,37.821129],[-122.27428,37.821152],[-122.275239,37.821303],[-122.275295,37.821312],[-122.276113,37.821441],[-122.276141,37.821444],[-122.276225,37.821456]]}},{"type":"Feature","properties":{"name":"3rd Street","kind":"street","eras":["1950","1965","1985"],"src":"osm"},"geometry":{"type":"LineString","coordinates":[[-122.294736,37.802363],[-122.29589,37.802614],[-122.296996,37.802869],[-122.297347,37.802947],[-122.29804,37.803101],[-122.298615,37.803232],[-122.299076,37.803337],[-122.300168,37.803585]]}},{"type":"Feature","properties":{"name":"5th Street","kind":"street","eras":["1950","1965","1985"],"src":"osm"},"geometry":{"type":"LineString","coordinates":[[-122.272691,37.797152],[-122.272201,37.796959],[-122.272048,37.796899],[-122.271616,37.796728]]}},{"type":"Feature","properties":{"name":"5th Street","kind":"street","eras":["1950","1965","1985"],"src":"osm"},"geometry":{"type":"LineString","coordinates":[[-122.270319,37.79623],[-122.269517,37.795913],[-122.269442,37.795884],[-122.26938,37.795872],[-122.269216,37.79584],[-122.269104,37.795819]]}},{"type":"Feature","properties":{"name":"Northgate Avenue","kind":"major","eras":["1950","1965","1985"],"src":"osm"},"geometry":{"type":"LineString","coordinates":[[-122.271338,37.81224],[-122.271331,37.812258],[-122.271291,37.812354]]}},{"type":"Feature","properties":{"name":"Webster Street","kind":"major","eras":["1950","1965","1985"],"src":"osm"},"geometry":{"type":"LineString","coordinates":[[-122.271807,37.798565],[-122.271892,37.798492]]}},{"type":"Feature","properties":{"name":"14th Street","kind":"street","eras":["1950","1965","1985"],"src":"osm"},"geometry":{"type":"LineString","coordinates":[[-122.292894,37.81112],[-122.293747,37.811314],[-122.293826,37.811332],[-122.293848,37.811338],[-122.293956,37.811373]]}},{"type":"Feature","properties":{"name":"14th Street","kind":"major","eras":["1950","1965","1985"],"src":"osm"},"geometry":{"type":"LineString","coordinates":[[-122.291739,37.810858],[-122.291661,37.81084],[-122.291345,37.810765]]}},{"type":"Feature","properties":{"name":"Magnolia Street","kind":"street","eras":["1950","1965","1985"],"src":"osm"},"geometry":{"type":"LineString","coordinates":[[-122.284489,37.817429],[-122.284187,37.818235],[-122.283917,37.81898],[-122.283794,37.819326],[-122.283713,37.819562],[-122.28336,37.820536]]}},{"type":"Feature","properties":{"name":"Magnolia Street","kind":"street","eras":["1950","1965","1985"],"src":"osm"},"geometry":{"type":"LineString","coordinates":[[-122.289318,37.804029],[-122.289551,37.803376],[-122.289605,37.803223]]}},{"type":"Feature","properties":{"name":"Magnolia Street","kind":"street","eras":["1950","1965","1985"],"src":"osm"},"geometry":{"type":"LineString","coordinates":[[-122.288303,37.806883],[-122.28828,37.806947],[-122.288269,37.806976],[-122.287804,37.808258],[-122.287796,37.808275],[-122.287764,37.808354],[-122.287733,37.808438],[-122.287727,37.808455],[-122.287625,37.808737],[-122.287593,37.808826],[-122.28726,37.809746]]}},{"type":"Feature","properties":{"name":"Magnolia Street","kind":"street","eras":["1950","1965","1985"],"src":"osm"},"geometry":{"type":"LineString","coordinates":[[-122.28983,37.80265],[-122.289838,37.802627],[-122.290007,37.802151],[-122.290114,37.801849],[-122.290254,37.801457],[-122.290265,37.801425],[-122.290281,37.801378],[-122.290297,37.801331]]}},{"type":"Feature","properties":{"name":"Jefferson Street","kind":"street","eras":["1950","1965","1985"],"src":"osm"},"geometry":{"type":"LineString","coordinates":[[-122.280765,37.796169],[-122.280761,37.796175],[-122.280438,37.796683]]}},{"type":"Feature","properties":{"name":"William Street","kind":"street","eras":["1950","1965","1985"],"src":"osm"},"geometry":{"type":"LineString","coordinates":[[-122.269757,37.808941],[-122.269892,37.808962],[-122.270824,37.809108],[-122.271019,37.809138],[-122.271352,37.80919],[-122.271399,37.809198]]}},{"type":"Feature","properties":{"name":"Adeline Street","kind":"major","eras":["1950","1965","1985"],"src":"osm"},"geometry":{"type":"LineString","coordinates":[[-122.289272,37.801103],[-122.289246,37.801144],[-122.289216,37.801189],[-122.289079,37.801484],[-122.289024,37.801629],[-122.28892,37.801907]]}},{"type":"Feature","properties":{"name":"Filbert Street","kind":"street","eras":["1950","1965","1985"],"src":"osm"},"geometry":{"type":"LineString","coordinates":[[-122.286533,37.79895],[-122.286262,37.799709],[-122.286095,37.800179],[-122.286069,37.800252],[-122.286065,37.800265],[-122.286044,37.800322],[-122.286031,37.800358],[-122.286016,37.800408],[-122.286001,37.800454],[-122.285998,37.80047],[-122.285907,37.800702],[-122.285734,37.801181],[-122.285506,37.801813]]}},{"type":"Feature","properties":{"name":"Filbert Street","kind":"street","eras":["1950","1965","1985"],"src":"osm"},"geometry":{"type":"LineString","coordinates":[[-122.284646,37.80418],[-122.284636,37.804214],[-122.284528,37.804504],[-122.28447,37.804667],[-122.284456,37.804713],[-122.284298,37.805172],[-122.284255,37.805282],[-122.284232,37.805341],[-122.284065,37.80581],[-122.284031,37.805906],[-122.283989,37.806009],[-122.283817,37.806429],[-122.283608,37.807011],[-122.283476,37.807377]]}},{"type":"Feature","properties":{"name":"Valley Street","kind":"street","eras":["1950","1965","1985"],"src":"osm"},"geometry":{"type":"LineString","coordinates":[[-122.268016,37.811083],[-122.267999,37.811145],[-122.267909,37.811484],[-122.267894,37.81154],[-122.267889,37.81156],[-122.267868,37.81163],[-122.267839,37.811728],[-122.267822,37.8118],[-122.267817,37.81182],[-122.267746,37.812079],[-122.267666,37.812395],[-122.26747,37.813127],[-122.26741,37.813352],[-122.267335,37.813633],[-122.267319,37.813692]]}},{"type":"Feature","properties":{"name":"30th Street","kind":"street","eras":["1950","1965","1985"],"src":"osm"},"geometry":{"type":"LineString","coordinates":[[-122.276543,37.820859],[-122.276603,37.820873],[-122.276679,37.820892]]}},{"type":"Feature","properties":{"name":"8th Street","kind":"street","eras":["1950","1965","1985"],"src":"osm"},"geometry":{"type":"LineString","coordinates":[[-122.284739,37.804128],[-122.285425,37.804287],[-122.285502,37.804305],[-122.28556,37.804319],[-122.286659,37.804569],[-122.286751,37.804591],[-122.28686,37.804616],[-122.287111,37.804673],[-122.287589,37.804784]]}},{"type":"Feature","properties":{"name":"8th Street","kind":"street","eras":["1950","1965","1985"],"src":"osm"},"geometry":{"type":"LineString","coordinates":[[-122.278563,37.802057],[-122.278701,37.802158],[-122.279002,37.802281]]}},{"type":"Feature","properties":{"name":"26th Street","kind":"street","eras":["1950","1965","1985"],"src":"osm"},"geometry":{"type":"LineString","coordinates":[[-122.271818,37.816368],[-122.271904,37.816382],[-122.272329,37.816452],[-122.272355,37.816457],[-122.272702,37.816513],[-122.273115,37.816581],[-122.273804,37.816694],[-122.274283,37.816773],[-122.274386,37.81679],[-122.274506,37.816811],[-122.275217,37.816933],[-122.275287,37.816945]]}},{"type":"Feature","properties":{"name":"26th Street","kind":"street","eras":["1950","1965","1985"],"src":"osm"},"geometry":{"type":"LineString","coordinates":[[-122.264546,37.814839],[-122.264681,37.814862],[-122.264793,37.814881],[-122.265949,37.815078],[-122.266505,37.815173],[-122.266754,37.815215],[-122.267861,37.815404],[-122.267978,37.815424],[-122.2681,37.815444]]}},{"type":"Feature","properties":{"name":"26th Street","kind":"street","eras":["1950","1965","1985"],"src":"osm"},"geometry":{"type":"LineString","coordinates":[[-122.277558,37.817563],[-122.277674,37.817557],[-122.277881,37.817602],[-122.27807,37.817646],[-122.278618,37.817771],[-122.278732,37.817797],[-122.27896,37.817848],[-122.279177,37.817898],[-122.279652,37.818008],[-122.28018,37.818125],[-122.280676,37.818235],[-122.281256,37.818371],[-122.281766,37.818491],[-122.282835,37.818725],[-122.283917,37.81898],[-122.284857,37.819195],[-122.284982,37.819224],[-122.285688,37.819384],[-122.285769,37.819403],[-122.285969,37.819449],[-122.286912,37.819666],[-122.287271,37.819747],[-122.287386,37.819787],[-122.287708,37.819952],[-122.288506,37.820345],[-122.288553,37.820369],[-122.288759,37.820485]]}},{"type":"Feature","properties":{"name":"17th Street","kind":"street","eras":["1950","1965","1985"],"src":"osm"},"geometry":{"type":"LineString","coordinates":[[-122.293617,37.814036],[-122.293735,37.814095],[-122.293772,37.814112],[-122.294913,37.814674],[-122.295739,37.815102],[-122.295895,37.815182],[-122.296087,37.815282],[-122.296117,37.815298],[-122.296181,37.815331]]}},{"type":"Feature","properties":{"name":"Poplar Street","kind":"street","eras":["1950","1965","1985"],"src":"osm"},"geometry":{"type":"LineString","coordinates":[[-122.290356,37.807347],[-122.290331,37.807416],[-122.290323,37.807438],[-122.290132,37.807985],[-122.289927,37.808567],[-122.289928,37.80859]]}},{"type":"Feature","properties":{"name":"21st Street","kind":"street","eras":["1950","1965","1985"],"src":"osm"},"geometry":{"type":"LineString","coordinates":[[-122.273331,37.810895],[-122.273234,37.810918],[-122.273097,37.810949],[-122.273036,37.81095],[-122.272481,37.810856],[-122.271217,37.810643],[-122.271134,37.810629],[-122.270937,37.810596],[-122.270801,37.810573],[-122.27056,37.810533],[-122.270353,37.810498],[-122.270217,37.810475],[-122.269911,37.810423],[-122.26958,37.810368],[-122.269547,37.810362],[-122.269399,37.810337],[-122.269264,37.810314],[-122.268966,37.810263],[-122.268222,37.810137],[-122.268189,37.810132],[-122.268024,37.810107]]}},{"type":"Feature","properties":{"name":"21st Street","kind":"street","eras":["1950","1965","1985"],"src":"osm"},"geometry":{"type":"LineString","coordinates":[[-122.275499,37.811721],[-122.275594,37.811758],[-122.275955,37.8119],[-122.276566,37.812137],[-122.276659,37.812172],[-122.277165,37.812373],[-122.277436,37.812476]]}},{"type":"Feature","properties":{"name":"21st Street","kind":"street","eras":["1950","1965","1985"],"src":"osm"},"geometry":{"type":"LineString","coordinates":[[-122.279061,37.813413],[-122.27918,37.813435],[-122.279222,37.813442],[-122.279655,37.813522],[-122.279814,37.813551],[-122.280052,37.813595],[-122.280134,37.813612],[-122.280215,37.813629],[-122.280541,37.813696],[-122.281171,37.813815],[-122.281411,37.81386],[-122.28166,37.813906],[-122.281738,37.813921],[-122.282106,37.813989],[-122.282218,37.814011]]}},{"type":"Feature","properties":{"name":"Brush Street","kind":"street","eras":["1950","1965","1985"],"src":"osm"},"geometry":{"type":"LineString","coordinates":[[-122.283501,37.798864],[-122.283867,37.798272]]}},{"type":"Feature","properties":{"name":"4th Street","kind":"street","eras":["1950","1965","1985"],"src":"osm"},"geometry":{"type":"LineString","coordinates":[[-122.270128,37.795351],[-122.270607,37.79553],[-122.270647,37.795544],[-122.27073,37.795575],[-122.270845,37.795616],[-122.271749,37.795965],[-122.271932,37.796036],[-122.272089,37.796098],[-122.272751,37.796363],[-122.272989,37.796458],[-122.273105,37.796504]]}},{"type":"Feature","properties":{"name":"Hannah Street","kind":"street","eras":["1950","1965","1985"],"src":"osm"},"geometry":{"type":"LineString","coordinates":[[-122.286147,37.82116],[-122.286151,37.8213],[-122.28616,37.821328],[-122.286302,37.821779],[-122.286836,37.823479],[-122.287392,37.825231]]}},{"type":"Feature","properties":{"name":"29th Street","kind":"street","eras":["1950","1965","1985"],"src":"osm"},"geometry":{"type":"LineString","coordinates":[[-122.271221,37.818745],[-122.271336,37.818762],[-122.271356,37.818765],[-122.271946,37.81886],[-122.271983,37.818866],[-122.272281,37.818912],[-122.272502,37.818946],[-122.272649,37.818969],[-122.273078,37.819035],[-122.273164,37.819048],[-122.273686,37.819132],[-122.273795,37.819146],[-122.273906,37.819163],[-122.275698,37.819441],[-122.275787,37.819454],[-122.275994,37.819487],[-122.276024,37.819483],[-122.276094,37.819475]]}},{"type":"Feature","properties":{"name":"13th Street","kind":"street","eras":["1950","1965","1985"],"src":"osm"},"geometry":{"type":"LineString","coordinates":[[-122.281126,37.807353],[-122.281018,37.807311],[-122.280701,37.807187],[-122.279949,37.80689],[-122.279855,37.806853],[-122.279323,37.806646],[-122.279099,37.806558]]}},{"type":"Feature","properties":{"name":"13th Street","kind":"street","eras":["1950","1965","1985"],"src":"osm"},"geometry":{"type":"LineString","coordinates":[[-122.293146,37.81038],[-122.29407,37.810587],[-122.294376,37.810656],[-122.294488,37.810707],[-122.294615,37.810771],[-122.295692,37.811312],[-122.295757,37.811345],[-122.29587,37.811402],[-122.296225,37.811579],[-122.296531,37.811732],[-122.296957,37.811945],[-122.296999,37.811966],[-122.297057,37.811996],[-122.297142,37.812038],[-122.297184,37.812059],[-122.297473,37.812206],[-122.297763,37.812352],[-122.297875,37.812408],[-122.298264,37.812605],[-122.29833,37.812638]]}},{"type":"Feature","properties":{"name":"Chestnut Street","kind":"street","eras":["1950","1965","1985"],"src":"osm"},"geometry":{"type":"LineString","coordinates":[[-122.288541,37.799708],[-122.288181,37.800732],[-122.288173,37.800751],[-122.288141,37.800843],[-122.288121,37.800887],[-122.2881,37.800934],[-122.288094,37.800949],[-122.287907,37.801471],[-122.28761,37.802296]]}},{"type":"Feature","properties":{"name":"Chestnut Street","kind":"street","eras":["1950","1965","1985"],"src":"osm"},"geometry":{"type":"LineString","coordinates":[[-122.286146,37.806388],[-122.286096,37.80652],[-122.285847,37.807169],[-122.285637,37.807758],[-122.285603,37.807855]]}},{"type":"Feature","properties":{"name":"McElroy Street","kind":"street","eras":["1950","1965","1985"],"src":"osm"},"geometry":{"type":"LineString","coordinates":[[-122.302042,37.809196],[-122.301456,37.809915]]}},{"type":"Feature","properties":{"name":"Ettie Street","kind":"street","eras":["1950","1965","1985"],"src":"osm"},"geometry":{"type":"LineString","coordinates":[[-122.287391,37.821451],[-122.287375,37.82151],[-122.287442,37.821712],[-122.287553,37.822066],[-122.287632,37.822312],[-122.287711,37.822549],[-122.287788,37.82278],[-122.287936,37.823251],[-122.288498,37.825018],[-122.28864,37.825467],[-122.288794,37.825929],[-122.288856,37.826119]]}},{"type":"Feature","properties":{"name":"I-980 \u00b7 Grove Shafter Fwy","kind":"freeway","eras":["1985"],"src":"osm"},"geometry":{"type":"LineString","coordinates":[[-122.276794,37.799322],[-122.2782,37.800058],[-122.278364,37.80013],[-122.278483,37.800182],[-122.278665,37.800266],[-122.278801,37.800342],[-122.278959,37.80043],[-122.279077,37.800513],[-122.27921,37.80061],[-122.279316,37.800706],[-122.279522,37.800927],[-122.279695,37.801171]]}},{"type":"Feature","properties":{"name":"Cypress Street","kind":"major","eras":["1950"],"src":"osm"},"geometry":{"type":"LineString","coordinates":[[-122.294193,37.802351],[-122.29426,37.802413],[-122.294304,37.802469],[-122.294378,37.802573],[-122.2944,37.802632],[-122.294418,37.802696],[-122.294432,37.802796],[-122.29443,37.802877],[-122.294412,37.802964],[-122.29435,37.803139],[-122.294134,37.803745],[-122.294097,37.803821]]}},{"type":"Feature","properties":{"name":"Cypress Structure \u00b7 Nimitz Fwy","kind":"freeway","eras":["1965","1985"],"src":"osm"},"geometry":{"type":"LineString","coordinates":[[-122.294193,37.802351],[-122.29426,37.802413],[-122.294304,37.802469],[-122.294378,37.802573],[-122.2944,37.802632],[-122.294418,37.802696],[-122.294432,37.802796],[-122.29443,37.802877],[-122.294412,37.802964],[-122.29435,37.803139],[-122.294134,37.803745],[-122.294097,37.803821]]}},{"type":"Feature","properties":{"name":"Cypress Street","kind":"major","eras":["1950"],"src":"osm"},"geometry":{"type":"LineString","coordinates":[[-122.289262,37.824582],[-122.289147,37.824224],[-122.289088,37.823979],[-122.289045,37.823712],[-122.289045,37.823423],[-122.289084,37.823101],[-122.28909,37.823031],[-122.2891,37.822913],[-122.289147,37.822258],[-122.289158,37.822105],[-122.289171,37.821917],[-122.289179,37.821809],[-122.289188,37.821713],[-122.289276,37.820815],[-122.289282,37.820746],[-122.289284,37.820633],[-122.289364,37.819539],[-122.289382,37.819291],[-122.289423,37.818802],[-122.289481,37.818278],[-122.2895,37.818124]]}},{"type":"Feature","properties":{"name":"Cypress Structure \u00b7 Nimitz Fwy","kind":"freeway","eras":["1965","1985"],"src":"osm"},"geometry":{"type":"LineString","coordinates":[[-122.289262,37.824582],[-122.289147,37.824224],[-122.289088,37.823979],[-122.289045,37.823712],[-122.289045,37.823423],[-122.289084,37.823101],[-122.28909,37.823031],[-122.2891,37.822913],[-122.289147,37.822258],[-122.289158,37.822105],[-122.289171,37.821917],[-122.289179,37.821809],[-122.289188,37.821713],[-122.289276,37.820815],[-122.289282,37.820746],[-122.289284,37.820633],[-122.289364,37.819539],[-122.289382,37.819291],[-122.289423,37.818802],[-122.289481,37.818278],[-122.2895,37.818124]]}},{"type":"Feature","properties":{"name":"Union Street","kind":"major","eras":["1950","1965","1985"],"src":"osm"},"geometry":{"type":"LineString","coordinates":[[-122.290767,37.80354],[-122.290522,37.804042]]}},{"type":"Feature","properties":{"name":"Union Street","kind":"street","eras":["1950","1965","1985"],"src":"osm"},"geometry":{"type":"LineString","coordinates":[[-122.291405,37.801589],[-122.291389,37.801633],[-122.291371,37.801681],[-122.291139,37.802294],[-122.29111,37.802371]]}},{"type":"Feature","properties":{"name":"Willow Street","kind":"street","eras":["1950","1965","1985"],"src":"osm"},"geometry":{"type":"LineString","coordinates":[[-122.293297,37.816716],[-122.293155,37.816882],[-122.292686,37.817461],[-122.292229,37.818051],[-122.292191,37.818099]]}},{"type":"Feature","properties":{"name":"23rd Street","kind":"street","eras":["1950","1965","1985"],"src":"osm"},"geometry":{"type":"LineString","coordinates":[[-122.274452,37.813349],[-122.274575,37.813385],[-122.27503,37.813519],[-122.27569,37.813713]]}},{"type":"Feature","properties":{"name":"23rd Street","kind":"street","eras":["1950","1965","1985"],"src":"osm"},"geometry":{"type":"LineString","coordinates":[[-122.27252,37.813574],[-122.272634,37.813593],[-122.272788,37.813617],[-122.273631,37.813755],[-122.273937,37.813806],[-122.27421,37.81385],[-122.274295,37.813858]]}},{"type":"Feature","properties":{"name":"20th Street","kind":"street","eras":["1950","1965","1985"],"src":"osm"},"geometry":{"type":"LineString","coordinates":[[-122.288783,37.814967],[-122.289624,37.815167],[-122.289639,37.81517],[-122.289718,37.815188]]}},{"type":"Feature","properties":{"name":"20th Street","kind":"street","eras":["1950","1965","1985"],"src":"osm"},"geometry":{"type":"LineString","coordinates":[[-122.275913,37.811083],[-122.275991,37.811113],[-122.276414,37.811279],[-122.276796,37.811427],[-122.277062,37.81153],[-122.277138,37.81156],[-122.277734,37.811795],[-122.277796,37.81182],[-122.278082,37.811935],[-122.278151,37.811963],[-122.27823,37.811995],[-122.278317,37.812028],[-122.279264,37.812397],[-122.279304,37.812412],[-122.279404,37.812452]]}},{"type":"Feature","properties":{"name":"7th Street","kind":"major","eras":["1950","1965","1985"],"src":"osm"},"geometry":{"type":"LineString","coordinates":[[-122.27997,37.801734],[-122.27986,37.80169],[-122.27976,37.80165],[-122.279678,37.801625],[-122.279537,37.801592],[-122.279453,37.801566],[-122.279085,37.801422],[-122.278978,37.80138],[-122.278878,37.801341],[-122.277946,37.800979],[-122.277896,37.800959],[-122.277851,37.800942],[-122.277792,37.800919],[-122.277752,37.800903],[-122.277694,37.800881],[-122.277114,37.800655],[-122.276721,37.800502],[-122.276615,37.800461]]}},{"type":"Feature","properties":{"name":"7th Street","kind":"major","eras":["1950","1965","1985"],"src":"osm"},"geometry":{"type":"LineString","coordinates":[[-122.279812,37.801894],[-122.279856,37.801904],[-122.279916,37.801921],[-122.279976,37.801943],[-122.280483,37.802141],[-122.280775,37.802235]]}},{"type":"Feature","properties":{"name":"32nd Street","kind":"street","eras":["1950","1965","1985"],"src":"osm"},"geometry":{"type":"LineString","coordinates":[[-122.269852,37.821427],[-122.270519,37.821534],[-122.271864,37.821747],[-122.272255,37.821809],[-122.273093,37.821942],[-122.273923,37.822071],[-122.274182,37.822112],[-122.274435,37.822153],[-122.274546,37.82217],[-122.27461,37.82218],[-122.2751,37.822256],[-122.275299,37.822288],[-122.275418,37.822306],[-122.275875,37.82238],[-122.275915,37.822386],[-122.276019,37.822403],[-122.276128,37.82242],[-122.276166,37.822426],[-122.276979,37.822552],[-122.277004,37.822556],[-122.277098,37.82257]]}},{"type":"Feature","properties":{"name":"32nd Street","kind":"street","eras":["1950","1965","1985"],"src":"osm"},"geometry":{"type":"LineString","coordinates":[[-122.266681,37.82093],[-122.266833,37.820953],[-122.26715,37.821],[-122.267475,37.821049],[-122.267976,37.821125],[-122.268198,37.821158],[-122.268324,37.821177]]}},{"type":"Feature","properties":{"name":"10th Street","kind":"major","eras":["1950","1965","1985"],"src":"osm"},"geometry":{"type":"LineString","coordinates":[[-122.281536,37.805375],[-122.281419,37.805378],[-122.281288,37.805387],[-122.28115,37.805411],[-122.280995,37.805433],[-122.280877,37.805446],[-122.280762,37.805445],[-122.280647,37.805429],[-122.280517,37.805403]]}},{"type":"Feature","properties":{"name":"11th Street","kind":"street","eras":["1950","1965","1985"],"src":"osm"},"geometry":{"type":"LineString","coordinates":[[-122.292542,37.808436],[-122.292596,37.808448],[-122.292648,37.80846],[-122.293746,37.808712]]}},{"type":"Feature","properties":{"name":"25th Street","kind":"street","eras":["1950","1965","1985"],"src":"osm"},"geometry":{"type":"LineString","coordinates":[[-122.271999,37.814949],[-122.27202,37.814955],[-122.272054,37.814961],[-122.272168,37.81498],[-122.272282,37.814998],[-122.272472,37.815029],[-122.27249,37.815032],[-122.27364,37.815215],[-122.274644,37.815376],[-122.274783,37.815399]]}},{"type":"Feature","properties":{"name":"25th Street","kind":"street","eras":["1950","1965","1985"],"src":"osm"},"geometry":{"type":"LineString","coordinates":[[-122.268371,37.814355],[-122.268531,37.814379],[-122.268565,37.814385],[-122.268928,37.814439],[-122.269133,37.814472],[-122.26955,37.814534],[-122.26985,37.814579],[-122.27006,37.814611],[-122.270304,37.814647]]}},{"type":"Feature","properties":{"name":"16th Street","kind":"street","eras":["1950","1965","1985"],"src":"osm"},"geometry":{"type":"LineString","coordinates":[[-122.270496,37.806109],[-122.270572,37.806121],[-122.271297,37.806238],[-122.271363,37.806249],[-122.271421,37.806258],[-122.271631,37.80629],[-122.271725,37.806293],[-122.271775,37.806294],[-122.271936,37.806309]]}},{"type":"Feature","properties":{"name":"Milton Street","kind":"street","eras":["1950","1965","1985"],"src":"osm"},"geometry":{"type":"LineString","coordinates":[[-122.275361,37.817175],[-122.275492,37.817196]]}},{"type":"Feature","properties":{"name":"Merrimac Street","kind":"street","eras":["1950","1965","1985"],"src":"osm"},"geometry":{"type":"LineString","coordinates":[[-122.267792,37.816617],[-122.267964,37.816651],[-122.26842,37.816761],[-122.268595,37.816803],[-122.268675,37.816822],[-122.269378,37.81699],[-122.26941,37.817007],[-122.269429,37.817031],[-122.269437,37.817056],[-122.269437,37.817084],[-122.269278,37.817616],[-122.26926,37.817649],[-122.269225,37.817675]]}},{"type":"Feature","properties":{"name":"Merrimac Street","kind":"street","eras":["1950","1965","1985"],"src":"osm"},"geometry":{"type":"LineString","coordinates":[[-122.271202,37.817373],[-122.27141,37.817405],[-122.271552,37.817428]]}},{"type":"Feature","properties":{"name":"Harrison Street","kind":"street","eras":["1950","1965","1985"],"src":"osm"},"geometry":{"type":"LineString","coordinates":[[-122.272089,37.796098],[-122.272041,37.796176],[-122.271927,37.796365],[-122.271809,37.796447],[-122.271783,37.796465],[-122.271616,37.796728]]}},{"type":"Feature","properties":{"name":"Harrison Street","kind":"street","eras":["1950","1965","1985"],"src":"osm"},"geometry":{"type":"LineString","coordinates":[[-122.271749,37.795965],[-122.271609,37.7962],[-122.271587,37.79624],[-122.271577,37.796277],[-122.271576,37.796336],[-122.271546,37.796415],[-122.271421,37.796613],[-122.271395,37.796626],[-122.271373,37.79663],[-122.271342,37.79663]]}},{"type":"Feature","properties":{"name":"Castro Street","kind":"street","eras":["1950","1965","1985"],"src":"osm"},"geometry":{"type":"LineString","coordinates":[[-122.27997,37.801734],[-122.279885,37.801808],[-122.279812,37.801894],[-122.279771,37.801927],[-122.279736,37.801958],[-122.279701,37.801993],[-122.27968,37.802017],[-122.279634,37.802069],[-122.279587,37.802126],[-122.279543,37.802188],[-122.279501,37.802253],[-122.279463,37.80232],[-122.279429,37.802383],[-122.279404,37.802438],[-122.279388,37.802478],[-122.279374,37.802518],[-122.279355,37.802582],[-122.27918,37.80318],[-122.279136,37.803332],[-122.279112,37.803405],[-122.279088,37.803473],[-122.279062,37.803542],[-122.279036,37.803601],[-122.27901,37.803656],[-122.278976,37.803719],[-122.278941,37.803782],[-122.278903,37.803844],[-122.278867,37.803901],[-122.278533,37.804443],[-122.27849,37.804524],[-122.278453,37.804596]]}},{"type":"Feature","properties":{"name":"Castro Street","kind":"street","eras":["1950","1965","1985"],"src":"osm"},"geometry":{"type":"LineString","coordinates":[[-122.281887,37.799091],[-122.281819,37.799197],[-122.281454,37.799783],[-122.281089,37.80037],[-122.28107,37.800402],[-122.281013,37.800474]]}},{"type":"Feature","properties":{"name":"Martin Luther King Junior Way","kind":"major","eras":["1950","1965","1985"],"src":"osm"},"geometry":{"type":"LineString","coordinates":[[-122.271627,37.81713],[-122.271607,37.817206],[-122.271582,37.81731],[-122.271552,37.817428],[-122.27154,37.817476],[-122.271451,37.817831],[-122.271357,37.818204],[-122.271237,37.81868],[-122.271221,37.818745],[-122.271198,37.818836],[-122.27115,37.819025],[-122.271145,37.819046],[-122.271123,37.819135],[-122.270992,37.819655],[-122.270865,37.820158],[-122.270786,37.820475],[-122.270756,37.820593],[-122.270726,37.82071],[-122.270534,37.821472],[-122.270519,37.821534],[-122.270496,37.821624],[-122.270409,37.821972],[-122.270406,37.821983],[-122.270381,37.822082],[-122.270376,37.822101],[-122.27023,37.822685],[-122.270197,37.822814],[-122.270093,37.82323],[-122.270083,37.82327],[-122.270069,37.823325],[-122.270053,37.823389]]}},{"type":"Feature","properties":{"name":"Martin Luther King Junior Way","kind":"street","eras":["1950","1965","1985"],"src":"osm"},"geometry":{"type":"LineString","coordinates":[[-122.279411,37.800684],[-122.279369,37.800752],[-122.279032,37.801294],[-122.278978,37.80138],[-122.27892,37.801475],[-122.278632,37.801945],[-122.278563,37.802057]]}},{"type":"Feature","properties":{"name":"Mead Avenue","kind":"street","eras":["1950","1965","1985"],"src":"osm"},"geometry":{"type":"LineString","coordinates":[[-122.275253,37.816445],[-122.275341,37.816427],[-122.276315,37.81623],[-122.277165,37.816062],[-122.277698,37.815955],[-122.277981,37.815898],[-122.278011,37.815892],[-122.278041,37.815899],[-122.278142,37.815944]]}},{"type":"Feature","properties":{"name":"12th Street","kind":"street","eras":["1950","1965","1985"],"src":"osm"},"geometry":{"type":"LineString","coordinates":[[-122.293396,37.80967],[-122.293758,37.809751],[-122.294082,37.809795]]}},{"type":"Feature","properties":{"name":"12th Street","kind":"street","eras":["1950","1965","1985"],"src":"osm"},"geometry":{"type":"LineString","coordinates":[[-122.290863,37.808844],[-122.290934,37.80886],[-122.291398,37.808961],[-122.291855,37.809065],[-122.291959,37.80909],[-122.292044,37.809107],[-122.29229,37.809161],[-122.292334,37.809171],[-122.292395,37.809185],[-122.293492,37.809433]]}},{"type":"Feature","properties":{"name":"28th Street","kind":"street","eras":["1950","1965","1985"],"src":"osm"},"geometry":{"type":"LineString","coordinates":[[-122.275957,37.818839],[-122.276095,37.818867],[-122.276133,37.818875],[-122.276855,37.819039],[-122.276903,37.81905],[-122.277011,37.819075],[-122.277117,37.8191],[-122.277153,37.819108],[-122.278056,37.819321],[-122.278148,37.819342],[-122.27826,37.819367],[-122.279086,37.819555],[-122.279226,37.819585],[-122.280115,37.819785],[-122.281192,37.820029],[-122.281564,37.820114],[-122.2817,37.820145],[-122.282134,37.820244],[-122.282272,37.820281],[-122.282389,37.820312],[-122.282933,37.820437],[-122.28336,37.820536],[-122.284452,37.820781],[-122.285395,37.820987],[-122.285764,37.821072],[-122.286044,37.821137],[-122.286147,37.82116],[-122.286272,37.82119],[-122.287391,37.821451],[-122.287973,37.821578],[-122.288004,37.821585],[-122.288274,37.821644],[-122.288561,37.821712],[-122.288759,37.821758],[-122.28883,37.821775],[-122.288952,37.821803],[-122.289001,37.821813],[-122.289097,37.821822],[-122.289179,37.821809]]}},{"type":"Feature","properties":{"name":"28th Street","kind":"street","eras":["1950","1965","1985"],"src":"osm"},"geometry":{"type":"LineString","coordinates":[[-122.270902,37.818112],[-122.271228,37.818179],[-122.271244,37.818182],[-122.271357,37.818204]]}},{"type":"Feature","properties":{"name":"28th Street","kind":"street","eras":["1950","1965","1985"],"src":"osm"},"geometry":{"type":"LineString","coordinates":[[-122.271451,37.817831],[-122.271587,37.817853],[-122.272342,37.817974]]}},{"type":"Feature","properties":{"name":"28th Street","kind":"street","eras":["1950","1965","1985"],"src":"osm"},"geometry":{"type":"LineString","coordinates":[[-122.274023,37.818238],[-122.274144,37.818258],[-122.274451,37.818305],[-122.274687,37.818342],[-122.275214,37.818424],[-122.275491,37.818467],[-122.275705,37.8185],[-122.275854,37.818523]]}},{"type":"Feature","properties":{"name":"28th Street","kind":"street","eras":["1950","1965","1985"],"src":"osm"},"geometry":{"type":"LineString","coordinates":[[-122.26762,37.817332],[-122.267785,37.81737],[-122.268062,37.817433],[-122.268746,37.81759],[-122.26893,37.817631],[-122.269144,37.817681],[-122.269185,37.817681],[-122.269225,37.817675]]}},{"type":"Feature","properties":{"name":"19th Street","kind":"street","eras":["1950","1965","1985"],"src":"osm"},"geometry":{"type":"LineString","coordinates":[[-122.269922,37.808256],[-122.269928,37.808291],[-122.269943,37.80832],[-122.269964,37.808343],[-122.270003,37.808367],[-122.270062,37.808381],[-122.270977,37.808521],[-122.271057,37.808534],[-122.27132,37.808575],[-122.271497,37.808602],[-122.271545,37.808609]]}},{"type":"Feature","properties":{"name":"19th Street","kind":"street","eras":["1950","1965","1985"],"src":"osm"},"geometry":{"type":"LineString","coordinates":[[-122.284795,37.813307],[-122.284863,37.813322],[-122.284917,37.813334],[-122.284972,37.813346],[-122.285479,37.81346],[-122.285681,37.813505],[-122.285733,37.813516],[-122.286894,37.813776],[-122.286918,37.813789],[-122.286938,37.813807]]}},{"type":"Feature","properties":{"name":"19th Street","kind":"street","eras":["1950","1965","1985"],"src":"osm"},"geometry":{"type":"LineString","coordinates":[[-122.279656,37.811755],[-122.279547,37.811715],[-122.279499,37.811697],[-122.279366,37.811647],[-122.279351,37.811641],[-122.279341,37.811637],[-122.279202,37.811581],[-122.279126,37.81155],[-122.279032,37.811513],[-122.278978,37.811492],[-122.278946,37.811479],[-122.278813,37.811426],[-122.27872,37.811389],[-122.278561,37.811327],[-122.278182,37.811179],[-122.277952,37.811087],[-122.277924,37.811076],[-122.277904,37.811068],[-122.277857,37.81105],[-122.27756,37.810934],[-122.277538,37.810926],[-122.277458,37.810895],[-122.277382,37.810865],[-122.277357,37.810855],[-122.276408,37.810482],[-122.276317,37.810447]]}},{"type":"Feature","properties":{"name":"Kirkham Street","kind":"street","eras":["1950","1965","1985"],"src":"osm"},"geometry":{"type":"LineString","coordinates":[[-122.289698,37.811986],[-122.289629,37.812176],[-122.289531,37.812444],[-122.289317,37.813031],[-122.289299,37.813077],[-122.289159,37.813463]]}},{"type":"Feature","properties":{"name":"Kirkham Ct","kind":"street","eras":["1950","1965","1985"],"src":"osm"},"geometry":{"type":"LineString","coordinates":[[-122.290863,37.808844],[-122.290293,37.810405],[-122.290245,37.810518]]}},{"type":"Feature","properties":{"name":"Kirkham Street","kind":"street","eras":["1950","1965","1985"],"src":"osm"},"geometry":{"type":"LineString","coordinates":[[-122.290934,37.80886],[-122.290956,37.808797],[-122.290996,37.808687],[-122.291103,37.808385]]}},{"type":"Feature","properties":{"name":"Kirkham Street","kind":"street","eras":["1950","1965","1985"],"src":"osm"},"geometry":{"type":"LineString","coordinates":[[-122.292786,37.803516],[-122.292449,37.804419],[-122.292341,37.804718]]}},{"type":"Feature","properties":{"name":"Poplar Way","kind":"street","eras":["1950","1965","1985"],"src":"osm"},"geometry":{"type":"LineString","coordinates":[[-122.291306,37.805634],[-122.291281,37.805707],[-122.291098,37.806229],[-122.291082,37.806275],[-122.291074,37.806297],[-122.2909,37.806795],[-122.2907,37.807368],[-122.290681,37.807421],[-122.29066,37.807482],[-122.290512,37.807904]]}},{"type":"Feature","properties":{"name":"Nimitz Freeway","kind":"freeway","eras":["1985"],"src":"osm"},"geometry":{"type":"LineString","coordinates":[[-122.268944,37.820549],[-122.268634,37.821386],[-122.26838,37.822145],[-122.268343,37.822254],[-122.268303,37.822362],[-122.268263,37.822456],[-122.268216,37.822547],[-122.268165,37.82263],[-122.268113,37.822706],[-122.268068,37.822764],[-122.268019,37.822822],[-122.267963,37.822882],[-122.267901,37.822943],[-122.267846,37.822994],[-122.267789,37.823041],[-122.267723,37.823092],[-122.267657,37.823138],[-122.267564,37.823199],[-122.267467,37.823254],[-122.267367,37.823304],[-122.267289,37.823339],[-122.267217,37.823368],[-122.267137,37.823398],[-122.267069,37.823421],[-122.266989,37.823445],[-122.266906,37.823468],[-122.266819,37.823489],[-122.266718,37.823507],[-122.266619,37.823521],[-122.266523,37.823532],[-122.266428,37.823538],[-122.266329,37.823542],[-122.266253,37.823543],[-122.266181,37.823541],[-122.266098,37.823538],[-122.266028,37.823531],[-122.26595,37.823522],[-122.265874,37.823512],[-122.265792,37.823498],[-122.265695,37.823479]]}},{"type":"Feature","properties":{"name":"29th Street","kind":"street","eras":["1950","1965","1985"],"src":"osm"},"geometry":{"type":"LineString","coordinates":[[-122.267404,37.818231],[-122.267545,37.818308],[-122.268908,37.818621],[-122.268924,37.818624],[-122.269323,37.81872],[-122.270997,37.819107],[-122.271011,37.81911],[-122.271123,37.819135]]}},{"type":"Feature","properties":{"name":"30th Street","kind":"street","eras":["1950","1965","1985"],"src":"osm"},"geometry":{"type":"LineString","coordinates":[[-122.267186,37.819053],[-122.267337,37.819078],[-122.267375,37.819084],[-122.267767,37.819147],[-122.267827,37.819157],[-122.268003,37.819185],[-122.268635,37.819288],[-122.268687,37.819296],[-122.268859,37.819324],[-122.270846,37.819633],[-122.270992,37.819655],[-122.271123,37.819676],[-122.271515,37.819739],[-122.271594,37.819752],[-122.271839,37.819793],[-122.272172,37.819845],[-122.272393,37.81988],[-122.272464,37.819892],[-122.27273,37.819935],[-122.2734,37.820041],[-122.273562,37.820066],[-122.273736,37.820094],[-122.27419,37.820166],[-122.274743,37.820252],[-122.274958,37.820285],[-122.275339,37.820344],[-122.275741,37.820407],[-122.276273,37.82049],[-122.276299,37.820493],[-122.276337,37.820495],[-122.276425,37.820496]]}},{"type":"Feature","properties":{"name":"Nimitz Freeway","kind":"freeway","eras":["1985"],"src":"osm"},"geometry":{"type":"LineString","coordinates":[[-122.270066,37.816949],[-122.269941,37.817367],[-122.269902,37.817494],[-122.269863,37.817618],[-122.269545,37.818595]]}},{"type":"Feature","properties":{"name":"Nimitz Freeway","kind":"freeway","eras":["1985"],"src":"osm"},"geometry":{"type":"LineString","coordinates":[[-122.269012,37.8227],[-122.269158,37.822517],[-122.269246,37.822315],[-122.269295,37.822194],[-122.269344,37.822069],[-122.269461,37.821703],[-122.269592,37.821444],[-122.269756,37.821197],[-122.269821,37.821082],[-122.269853,37.821025],[-122.269886,37.820963],[-122.269917,37.820902],[-122.269949,37.820839],[-122.269976,37.82078],[-122.270004,37.820714],[-122.270028,37.820651],[-122.27005,37.820588],[-122.270069,37.820524],[-122.270087,37.820455],[-122.27012,37.820329],[-122.270184,37.820073],[-122.270273,37.819717]]}},{"type":"Feature","properties":{"name":"Sycamore Street","kind":"street","eras":["1950","1965","1985"],"src":"osm"},"geometry":{"type":"LineString","coordinates":[[-122.268192,37.815056],[-122.268355,37.815083],[-122.269558,37.815279],[-122.270028,37.815356],[-122.270057,37.815361],[-122.270157,37.815377]]}},{"type":"Feature","properties":{"name":"Market Street","kind":"street","eras":["1950","1965","1985"],"src":"osm"},"geometry":{"type":"LineString","coordinates":[[-122.276457,37.820591],[-122.276416,37.820727],[-122.276363,37.820913],[-122.276344,37.820988],[-122.276314,37.821106],[-122.276261,37.821316],[-122.276251,37.821356],[-122.276244,37.821381],[-122.276225,37.821456]]}},{"type":"Feature","properties":{"name":"Market Street","kind":"street","eras":["1950","1965","1985"],"src":"osm"},"geometry":{"type":"LineString","coordinates":[[-122.276191,37.821713],[-122.27625,37.821614],[-122.276278,37.821575],[-122.276299,37.821548],[-122.27631,37.821539],[-122.276398,37.82148]]}},{"type":"Feature","properties":{"name":"West Street","kind":"street","eras":["1950","1965","1985"],"src":"osm"},"geometry":{"type":"LineString","coordinates":[[-122.274287,37.817185],[-122.274304,37.817117],[-122.274335,37.816998],[-122.274369,37.816859],[-122.274386,37.81679],[-122.274402,37.816727],[-122.274542,37.816167],[-122.274559,37.816099]]}},{"type":"Feature","properties":{"name":"Northgate Avenue","kind":"major","eras":["1950","1965","1985"],"src":"osm"},"geometry":{"type":"LineString","coordinates":[[-122.271058,37.816861],[-122.271057,37.816784],[-122.271057,37.81674],[-122.271023,37.816603],[-122.270971,37.816477],[-122.270747,37.816191],[-122.270543,37.816003],[-122.270419,37.815857],[-122.270325,37.815695]]}},{"type":"Feature","properties":{"name":"Northgate Avenue","kind":"major","eras":["1950","1965","1985"],"src":"osm"},"geometry":{"type":"LineString","coordinates":[[-122.27056,37.81366],[-122.270493,37.813797],[-122.270396,37.814207],[-122.270304,37.814647],[-122.270232,37.815043]]}},{"type":"Feature","properties":{"name":"Nimitz Freeway","kind":"freeway","eras":["1985"],"src":"osm"},"geometry":{"type":"LineString","coordinates":[[-122.264774,37.823791],[-122.265843,37.824033],[-122.265999,37.824068],[-122.266085,37.824086],[-122.266172,37.824104],[-122.266249,37.824118],[-122.266327,37.824132],[-122.266412,37.824144],[-122.266492,37.824155],[-122.266565,37.824163],[-122.266637,37.824171],[-122.266729,37.824179],[-122.266813,37.824184],[-122.266892,37.824188],[-122.266968,37.824191],[-122.267056,37.824192],[-122.267142,37.824192],[-122.267224,37.82419],[-122.26731,37.824185],[-122.267387,37.824178],[-122.26747,37.824168],[-122.267547,37.824156],[-122.267624,37.824141],[-122.267707,37.824123],[-122.26779,37.824101],[-122.26789,37.824072],[-122.267971,37.824044],[-122.268045,37.824016],[-122.268112,37.823989],[-122.268177,37.82396],[-122.26824,37.823929],[-122.2683,37.823897],[-122.268371,37.823857],[-122.268435,37.823817],[-122.268501,37.823773],[-122.268563,37.823728],[-122.268622,37.823681],[-122.268675,37.823636],[-122.26873,37.823586],[-122.268783,37.823531],[-122.268832,37.823478],[-122.268877,37.823424],[-122.26892,37.823366],[-122.268962,37.823309],[-122.268999,37.82325],[-122.269032,37.823193],[-122.269064,37.823133],[-122.269091,37.823074],[-122.269114,37.823019],[-122.269134,37.822962],[-122.269157,37.822894],[-122.269177,37.822829],[-122.269195,37.822764],[-122.269212,37.822702],[-122.269487,37.821684],[-122.26977,37.820732]]}},{"type":"Feature","properties":{"name":"Nimitz Freeway","kind":"freeway","eras":["1985"],"src":"osm"},"geometry":{"type":"LineString","coordinates":[[-122.26977,37.820732],[-122.269942,37.820073],[-122.270041,37.819681]]}},{"type":"Feature","properties":{"name":"Nimitz Freeway","kind":"freeway","eras":["1985"],"src":"osm"},"geometry":{"type":"LineString","coordinates":[[-122.269498,37.823733],[-122.269464,37.823671],[-122.269434,37.823609],[-122.269406,37.823547],[-122.269381,37.82348],[-122.26936,37.823415],[-122.269343,37.823351],[-122.269329,37.823288],[-122.269317,37.82322],[-122.269309,37.823153],[-122.269304,37.823089],[-122.269302,37.823021],[-122.269303,37.822951],[-122.269309,37.822881],[-122.269318,37.822817],[-122.269329,37.822752],[-122.269343,37.822687],[-122.269466,37.822162],[-122.269524,37.821903],[-122.26958,37.821649],[-122.269639,37.821387],[-122.269698,37.821124],[-122.269722,37.821002],[-122.26977,37.820732]]}},{"type":"Feature","properties":{"name":"Nimitz Freeway","kind":"freeway","eras":["1985"],"src":"osm"},"geometry":{"type":"LineString","coordinates":[[-122.269657,37.817307],[-122.269542,37.817704],[-122.269295,37.818538]]}},{"type":"Feature","properties":{"name":"Nimitz Freeway","kind":"freeway","eras":["1985"],"src":"osm"},"geometry":{"type":"LineString","coordinates":[[-122.269657,37.817307],[-122.269603,37.817709],[-122.269575,37.817861],[-122.269424,37.818567]]}},{"type":"Feature","properties":{"name":"Nimitz Freeway","kind":"freeway","eras":["1985"],"src":"osm"},"geometry":{"type":"LineString","coordinates":[[-122.268969,37.820465],[-122.268944,37.820549]]}},{"type":"Feature","properties":{"name":"Nimitz Freeway","kind":"freeway","eras":["1985"],"src":"osm"},"geometry":{"type":"LineString","coordinates":[[-122.270665,37.818041],[-122.270847,37.817511]]}},{"type":"Feature","properties":{"name":"Cypress Street","kind":"major","eras":["1950"],"src":"osm"},"geometry":{"type":"LineString","coordinates":[[-122.293157,37.806049],[-122.293124,37.806155],[-122.292857,37.806678],[-122.292782,37.806847],[-122.292716,37.807012],[-122.292638,37.807215],[-122.292532,37.807509],[-122.292464,37.807692],[-122.292455,37.807715],[-122.292419,37.807817],[-122.292388,37.807906],[-122.292294,37.808167],[-122.292191,37.808458],[-122.292086,37.808748],[-122.292,37.808984],[-122.291959,37.80909],[-122.291922,37.809198],[-122.291391,37.810641],[-122.291345,37.810765],[-122.29133,37.810809],[-122.291298,37.810897],[-122.290819,37.812129],[-122.29078,37.812234],[-122.290744,37.812337],[-122.290524,37.812953],[-122.290303,37.813575],[-122.290246,37.813712]]}},{"type":"Feature","properties":{"name":"Cypress Structure \u00b7 Nimitz Fwy","kind":"freeway","eras":["1965","1985"],"src":"osm"},"geometry":{"type":"LineString","coordinates":[[-122.293157,37.806049],[-122.293124,37.806155],[-122.292857,37.806678],[-122.292782,37.806847],[-122.292716,37.807012],[-122.292638,37.807215],[-122.292532,37.807509],[-122.292464,37.807692],[-122.292455,37.807715],[-122.292419,37.807817],[-122.292388,37.807906],[-122.292294,37.808167],[-122.292191,37.808458],[-122.292086,37.808748],[-122.292,37.808984],[-122.291959,37.80909],[-122.291922,37.809198],[-122.291391,37.810641],[-122.291345,37.810765],[-122.29133,37.810809],[-122.291298,37.810897],[-122.290819,37.812129],[-122.29078,37.812234],[-122.290744,37.812337],[-122.290524,37.812953],[-122.290303,37.813575],[-122.290246,37.813712]]}},{"type":"Feature","properties":{"name":"Campbell Street","kind":"street","eras":["1950","1965","1985"],"src":"osm"},"geometry":{"type":"LineString","coordinates":[[-122.28898,37.819827],[-122.288887,37.819943],[-122.288553,37.820369]]}},{"type":"Feature","properties":{"name":"24th Street","kind":"street","eras":["1950","1965","1985"],"src":"osm"},"geometry":{"type":"LineString","coordinates":[[-122.289715,37.81896],[-122.289668,37.818922],[-122.289423,37.818802]]}},{"type":"Feature","properties":{"name":"Peralta Street","kind":"street","eras":["1950","1965","1985"],"src":"osm"},"geometry":{"type":"LineString","coordinates":[[-122.289094,37.817483],[-122.288991,37.817558],[-122.288438,37.818235],[-122.288386,37.818346]]}},{"type":"Feature","properties":{"name":"17th Street","kind":"street","eras":["1950","1965","1985"],"src":"osm"},"geometry":{"type":"LineString","coordinates":[[-122.290867,37.813053],[-122.290932,37.813068],[-122.290983,37.81308],[-122.292004,37.813313],[-122.292049,37.813324],[-122.292113,37.813339]]}},{"type":"Feature","properties":{"name":"Willow Street","kind":"street","eras":["1950","1965","1985"],"src":"osm"},"geometry":{"type":"LineString","coordinates":[[-122.290968,37.819609],[-122.289997,37.820813],[-122.289873,37.820968],[-122.289828,37.821024],[-122.28979,37.821071],[-122.289705,37.821184],[-122.289462,37.821485],[-122.289411,37.821582],[-122.28932,37.821695],[-122.289258,37.821752],[-122.289179,37.821809]]}},{"type":"Feature","properties":{"name":"West Grand Avenue","kind":"street","eras":["1950","1965","1985"],"src":"osm"},"geometry":{"type":"LineString","coordinates":[[-122.293465,37.818736],[-122.292191,37.818099],[-122.291282,37.817645],[-122.291148,37.817577],[-122.290903,37.817469]]}},{"type":"Feature","properties":{"name":"West Grand Avenue","kind":"street","eras":["1950","1965","1985"],"src":"osm"},"geometry":{"type":"LineString","coordinates":[[-122.2908,37.817588],[-122.29106,37.817787],[-122.291196,37.817874],[-122.291414,37.817984],[-122.29177,37.818165],[-122.29202,37.818291],[-122.293306,37.818937]]}},{"type":"Feature","properties":{"name":"West 14th Street","kind":"street","eras":["1950","1965","1985"],"src":"osm"},"geometry":{"type":"LineString","coordinates":[[-122.303405,37.814818],[-122.304525,37.814932],[-122.305086,37.814988],[-122.305389,37.815016],[-122.305453,37.815022],[-122.305942,37.815069],[-122.306484,37.815126],[-122.306948,37.815173],[-122.307113,37.81519],[-122.307172,37.815196],[-122.307463,37.815227],[-122.308055,37.815294],[-122.308237,37.815313]]}},{"type":"Feature","properties":{"name":"Union Street","kind":"street","eras":["1950","1965","1985"],"src":"osm"},"geometry":{"type":"LineString","coordinates":[[-122.286116,37.816109],[-122.286089,37.816187],[-122.285817,37.816969],[-122.285569,37.817681],[-122.285241,37.818544],[-122.284982,37.819224]]}},{"type":"Feature","properties":{"name":"Nimitz Freeway","kind":"freeway","eras":["1965","1985"],"src":"osm"},"geometry":{"type":"LineString","coordinates":[[-122.299585,37.815684],[-122.300527,37.814926],[-122.300647,37.814836],[-122.301139,37.814481]]}},{"type":"Feature","properties":{"name":"West Grand Avenue","kind":"major","eras":["1950","1965","1985"],"src":"osm"},"geometry":{"type":"LineString","coordinates":[[-122.294147,37.819274],[-122.294649,37.8196],[-122.295106,37.819961],[-122.295576,37.82036],[-122.295616,37.820393],[-122.295796,37.820537],[-122.295844,37.820573],[-122.295907,37.82062],[-122.295966,37.820662],[-122.296029,37.820707],[-122.296277,37.820872],[-122.296647,37.821088],[-122.296995,37.821262],[-122.29751,37.821511],[-122.297646,37.821571]]}},{"type":"Feature","properties":{"name":"Frontage Road","kind":"major","eras":["1950","1965","1985"],"src":"osm"},"geometry":{"type":"LineString","coordinates":[[-122.294147,37.819274],[-122.294153,37.819159]]}},{"type":"Feature","properties":{"name":"12th Street","kind":"street","eras":["1950","1965","1985"],"src":"osm"},"geometry":{"type":"LineString","coordinates":[[-122.294082,37.809795],[-122.293935,37.809746],[-122.293806,37.809677],[-122.293554,37.809473],[-122.293492,37.809433]]}},{"type":"Feature","properties":{"name":"12th Street","kind":"street","eras":["1950","1965","1985"],"src":"osm"},"geometry":{"type":"LineString","coordinates":[[-122.295041,37.810011],[-122.29517,37.81004],[-122.295342,37.810079],[-122.295411,37.810104],[-122.295464,37.810128],[-122.296375,37.810575],[-122.297306,37.811043],[-122.297611,37.811197],[-122.297672,37.811228],[-122.297757,37.81127],[-122.298133,37.811459],[-122.298391,37.811589],[-122.298852,37.811821],[-122.298906,37.811848],[-122.29896,37.81186]]}},{"type":"Feature","properties":{"name":"Kirkham Street","kind":"street","eras":["1950","1965","1985"],"src":"osm"},"geometry":{"type":"LineString","coordinates":[[-122.291396,37.80758],[-122.291409,37.807529],[-122.29159,37.807022],[-122.291613,37.806958],[-122.291623,37.80693],[-122.291793,37.806452],[-122.291803,37.806424],[-122.291815,37.806393],[-122.292001,37.80587],[-122.292027,37.805796]]}},{"type":"Feature","properties":{"name":"Union Street","kind":"street","eras":["1950","1965","1985"],"src":"osm"},"geometry":{"type":"LineString","coordinates":[[-122.291082,37.806275],[-122.290999,37.806256],[-122.290743,37.806197],[-122.289894,37.806],[-122.289806,37.80598]]}},{"type":"Feature","properties":{"name":"12th Street","kind":"street","eras":["1950","1965","1985"],"src":"osm"},"geometry":{"type":"LineString","coordinates":[[-122.289928,37.80859],[-122.289943,37.808613],[-122.289963,37.808632],[-122.289974,37.808634],[-122.290221,37.808692],[-122.290863,37.808844]]}},{"type":"Feature","properties":{"name":"Nimitz Freeway","kind":"freeway","eras":["1965","1985"],"src":"osm"},"geometry":{"type":"LineString","coordinates":[[-122.291194,37.825292],[-122.291184,37.825161],[-122.291181,37.825031],[-122.291187,37.824901],[-122.291201,37.824773],[-122.291223,37.824642],[-122.291249,37.824517],[-122.291286,37.824388],[-122.29133,37.824262],[-122.291381,37.82414],[-122.291439,37.824018],[-122.291505,37.823896],[-122.291571,37.823777],[-122.291637,37.823658],[-122.291704,37.823535],[-122.29177,37.823415],[-122.291836,37.823294],[-122.291903,37.823172],[-122.291968,37.823053],[-122.292036,37.822933],[-122.292107,37.822812],[-122.292177,37.822695],[-122.29225,37.822575],[-122.292322,37.822461],[-122.292399,37.822341],[-122.292474,37.822224],[-122.292553,37.822108],[-122.292635,37.82199],[-122.292713,37.821877],[-122.292797,37.821761],[-122.292879,37.821649],[-122.292965,37.821535],[-122.293051,37.821422],[-122.29314,37.821311],[-122.293227,37.821202],[-122.293317,37.821091],[-122.293407,37.820983],[-122.293502,37.820872],[-122.293595,37.820765],[-122.293695,37.820653],[-122.29379,37.820548],[-122.293888,37.820442],[-122.293989,37.820336],[-122.294087,37.820234],[-122.29419,37.820129],[-122.29429,37.820028],[-122.2944,37.81992],[-122.294505,37.81982],[-122.294608,37.819724],[-122.294717,37.819623],[-122.294825,37.819525],[-122.294936,37.819426],[-122.295049,37.819327],[-122.295162,37.819232],[-122.295255,37.819154]]}},{"type":"Feature","properties":{"name":"West Grand Avenue","kind":"major","eras":["1950","1965","1985"],"src":"osm"},"geometry":{"type":"LineString","coordinates":[[-122.296348,37.820759],[-122.296141,37.820633],[-122.295768,37.820367],[-122.29566,37.820273],[-122.295156,37.819843],[-122.294654,37.819458]]}},{"type":"Feature","properties":{"name":"Nimitz Freeway","kind":"freeway","eras":["1965","1985"],"src":"osm"},"geometry":{"type":"LineString","coordinates":[[-122.296327,37.818292],[-122.297394,37.817438],[-122.298461,37.816584],[-122.299585,37.815684]]}},{"type":"Feature","properties":{"name":"22nd Street","kind":"street","eras":["1950","1965","1985"],"src":"osm"},"geometry":{"type":"LineString","coordinates":[[-122.269219,37.811047],[-122.26937,37.811067],[-122.269408,37.811072],[-122.270381,37.811235],[-122.270973,37.811334],[-122.270989,37.811337],[-122.271204,37.811373],[-122.271572,37.811435],[-122.272743,37.811631],[-122.272795,37.811643],[-122.272844,37.811668],[-122.27287,37.811691],[-122.272889,37.811713],[-122.272964,37.811817]]}},{"type":"Feature","properties":{"name":"6th Street","kind":"street","eras":["1950","1965","1985"],"src":"osm"},"geometry":{"type":"LineString","coordinates":[[-122.282771,37.802037],[-122.282917,37.802101],[-122.28301,37.802139]]}},{"type":"Feature","properties":{"name":"Jefferson Street","kind":"street","eras":["1950","1965","1985"],"src":"osm"},"geometry":{"type":"LineString","coordinates":[[-122.278821,37.799273],[-122.278694,37.799474],[-122.278649,37.799546]]}},{"type":"Feature","properties":{"name":"5th Street","kind":"street","eras":["1950","1965","1985"],"src":"osm"},"geometry":{"type":"LineString","coordinates":[[-122.299075,37.804952],[-122.298532,37.804828],[-122.297499,37.804594],[-122.296448,37.804365]]}},{"type":"Feature","properties":{"name":"13th Street","kind":"street","eras":["1950","1965","1985"],"src":"osm"},"geometry":{"type":"LineString","coordinates":[[-122.276403,37.805522],[-122.276535,37.805585],[-122.276569,37.805598],[-122.277048,37.805784]]}},{"type":"Feature","properties":{"name":"Preservation Park Way","kind":"street","eras":["1950","1965","1985"],"src":"osm"},"geometry":{"type":"LineString","coordinates":[[-122.277155,37.805756],[-122.277482,37.805234],[-122.277561,37.805109]]}},{"type":"Feature","properties":{"name":"18th Street","kind":"street","eras":["1950","1965","1985"],"src":"osm"},"geometry":{"type":"LineString","coordinates":[[-122.274447,37.808657],[-122.274344,37.808618],[-122.27337,37.808241],[-122.273324,37.808223],[-122.273261,37.808199],[-122.273214,37.808181],[-122.27315,37.808157],[-122.272608,37.807949],[-122.272552,37.807929],[-122.272502,37.80791]]}},{"type":"Feature","properties":{"name":"19th Street","kind":"street","eras":["1950","1965","1985"],"src":"osm"},"geometry":{"type":"LineString","coordinates":[[-122.273909,37.80952],[-122.274004,37.809558],[-122.274308,37.80968],[-122.274656,37.809813],[-122.274995,37.809941],[-122.27509,37.809979]]}},{"type":"Feature","properties":{"name":"Nimitz Freeway","kind":"freeway","eras":["1965","1985"],"src":"osm"},"geometry":{"type":"LineString","coordinates":[[-122.280347,37.803593],[-122.28037,37.803464],[-122.280389,37.803367],[-122.280413,37.803223],[-122.280432,37.803072],[-122.280446,37.802938],[-122.280453,37.802796],[-122.280455,37.802661],[-122.280454,37.80252],[-122.280451,37.8024]]}},{"type":"Feature","properties":{"name":"I-980 \u00b7 Grove Shafter Fwy","kind":"freeway","eras":["1985"],"src":"osm"},"geometry":{"type":"LineString","coordinates":[[-122.279543,37.80361],[-122.279162,37.804379]]}},{"type":"Feature","properties":{"name":"I-980 \u00b7 Grove Shafter Fwy","kind":"freeway","eras":["1985"],"src":"osm"},"geometry":{"type":"LineString","coordinates":[[-122.274296,37.811911],[-122.274579,37.811653],[-122.274693,37.81154],[-122.274808,37.811431],[-122.274917,37.811326],[-122.275014,37.81122],[-122.275121,37.81111],[-122.275211,37.810994],[-122.27531,37.810879],[-122.275405,37.810764],[-122.275494,37.810654]]}},{"type":"Feature","properties":{"name":"Nimitz Freeway","kind":"freeway","eras":["1965","1985"],"src":"osm"},"geometry":{"type":"LineString","coordinates":[[-122.291993,37.803486],[-122.291946,37.803489],[-122.291913,37.803488],[-122.291877,37.803485],[-122.291841,37.803475],[-122.291809,37.803463],[-122.291785,37.803449],[-122.291761,37.803431],[-122.291739,37.803407],[-122.291722,37.803381],[-122.291709,37.803343],[-122.291703,37.803305],[-122.291703,37.80327],[-122.291713,37.803232],[-122.291727,37.803197],[-122.291751,37.803165],[-122.291786,37.80313],[-122.291824,37.803099],[-122.291866,37.80307],[-122.291918,37.80304],[-122.291985,37.803004]]}},{"type":"Feature","properties":{"name":"Nimitz Freeway","kind":"freeway","eras":["1965","1985"],"src":"osm"},"geometry":{"type":"LineString","coordinates":[[-122.277914,37.799376],[-122.277553,37.799213],[-122.276778,37.798916],[-122.275963,37.798553],[-122.274955,37.798194],[-122.274728,37.798103],[-122.274367,37.797921],[-122.273957,37.7977],[-122.273629,37.797559],[-122.273115,37.797359],[-122.272686,37.797189],[-122.272215,37.79701],[-122.271676,37.796831],[-122.271224,37.796694]]}},{"type":"Feature","properties":{"name":"Nimitz Freeway","kind":"freeway","eras":["1965","1985"],"src":"osm"},"geometry":{"type":"LineString","coordinates":[[-122.272269,37.797163],[-122.272081,37.797063],[-122.27146,37.796811],[-122.271224,37.796694]]}},{"type":"Feature","properties":{"name":"18th Street","kind":"street","eras":["1950","1965","1985"],"src":"osm"},"geometry":{"type":"LineString","coordinates":[[-122.274327,37.80885],[-122.274375,37.808877],[-122.274422,37.808899],[-122.274467,37.808918],[-122.274853,37.809066]]}},{"type":"Feature","properties":{"name":"Nimitz Freeway","kind":"freeway","eras":["1965","1985"],"src":"osm"},"geometry":{"type":"LineString","coordinates":[[-122.269263,37.796599],[-122.269681,37.796745],[-122.270031,37.796864],[-122.270182,37.796915]]}},{"type":"Feature","properties":{"name":"Nimitz Freeway","kind":"freeway","eras":["1965","1985"],"src":"osm"},"geometry":{"type":"LineString","coordinates":[[-122.270182,37.796915],[-122.270872,37.797195]]}},{"type":"Feature","properties":{"name":"Harrison Street","kind":"street","eras":["1950","1965","1985"],"src":"osm"},"geometry":{"type":"LineString","coordinates":[[-122.271932,37.796036],[-122.271971,37.795974],[-122.27199,37.795943],[-122.272305,37.79544],[-122.272365,37.795344],[-122.272421,37.795254],[-122.272555,37.795039],[-122.272729,37.794761],[-122.272745,37.794736],[-122.272751,37.794685],[-122.272756,37.794652]]}},{"type":"Feature","properties":{"name":"Posey Tube","kind":"major","eras":["1950","1965","1985"],"src":"osm"},"geometry":{"type":"LineString","coordinates":[[-122.276639,37.78744],[-122.276613,37.787817],[-122.276536,37.788258],[-122.276381,37.788658],[-122.272494,37.795018],[-122.271745,37.796306]]}},{"type":"Feature","properties":{"name":"Filbert Street","kind":"street","eras":["1950","1965","1985"],"src":"osm"},"geometry":{"type":"LineString","coordinates":[[-122.279086,37.819555],[-122.278956,37.819914],[-122.278891,37.820094],[-122.278877,37.820133],[-122.27863,37.820819],[-122.278453,37.821294],[-122.278331,37.821649],[-122.278286,37.821772],[-122.278069,37.822379],[-122.278032,37.822483],[-122.277866,37.822942],[-122.277853,37.822979],[-122.277831,37.82304]]}},{"type":"Feature","properties":{"name":"West Street","kind":"street","eras":["1950","1965","1985"],"src":"osm"},"geometry":{"type":"LineString","coordinates":[[-122.280347,37.806252],[-122.279949,37.80689]]}},{"type":"Feature","properties":{"name":"15th Street","kind":"street","eras":["1950","1965","1985"],"src":"osm"},"geometry":{"type":"LineString","coordinates":[[-122.26701,37.803901],[-122.267115,37.803944],[-122.267453,37.804075],[-122.268083,37.80432],[-122.26819,37.804363],[-122.2683,37.804407],[-122.269264,37.804789],[-122.269369,37.804828]]}},{"type":"Feature","properties":{"name":"San Pablo Avenue","kind":"major","eras":["1950","1965","1985"],"src":"osm"},"geometry":{"type":"LineString","coordinates":[[-122.274026,37.81262],[-122.274021,37.8126],[-122.273972,37.812449],[-122.273737,37.811727],[-122.273713,37.81165]]}},{"type":"Feature","properties":{"name":"17th Street","kind":"street","eras":["1950","1965","1985"],"src":"osm"},"geometry":{"type":"LineString","coordinates":[[-122.278457,37.810516],[-122.278352,37.810397],[-122.278258,37.810306],[-122.278134,37.810147],[-122.278107,37.81009],[-122.278091,37.810056],[-122.278043,37.809962]]}},{"type":"Feature","properties":{"name":"Harrison Street","kind":"major","eras":["1950","1965","1985"],"src":"osm"},"geometry":{"type":"LineString","coordinates":[[-122.271745,37.796306],[-122.270953,37.797558]]}},{"type":"Feature","properties":{"name":"7th Street","kind":"major","eras":["1950","1965","1985"],"src":"osm"},"geometry":{"type":"LineString","coordinates":[[-122.282826,37.802824],[-122.282972,37.802831],[-122.283106,37.802839],[-122.283156,37.802843],[-122.283294,37.802862],[-122.28342,37.802885],[-122.283714,37.802952],[-122.284354,37.803097],[-122.284971,37.803236],[-122.285256,37.8033],[-122.285555,37.803366]]}},{"type":"Feature","properties":{"name":"16th Street","kind":"street","eras":["1950","1965","1985"],"src":"osm"},"geometry":{"type":"LineString","coordinates":[[-122.29744,37.815034],[-122.297104,37.814863],[-122.296834,37.814727],[-122.296819,37.81472],[-122.29681,37.814712],[-122.296723,37.814647]]}},{"type":"Feature","properties":{"name":"13th Street","kind":"street","eras":["1950","1965","1985"],"src":"osm"},"geometry":{"type":"LineString","coordinates":[[-122.292021,37.809907],[-122.292074,37.809921],[-122.292119,37.809932],[-122.292652,37.810044],[-122.293224,37.810166]]}},{"type":"Feature","properties":{"name":"14th Street","kind":"major","eras":["1950","1965","1985"],"src":"osm"},"geometry":{"type":"LineString","coordinates":[[-122.286173,37.809497],[-122.286063,37.809472],[-122.28584,37.809421],[-122.283292,37.808841],[-122.283141,37.80882],[-122.283094,37.808817],[-122.28297,37.808807],[-122.282893,37.808805],[-122.282788,37.808797],[-122.282605,37.808767],[-122.282106,37.808651],[-122.282019,37.808631],[-122.281928,37.80861],[-122.281709,37.808553],[-122.281549,37.808494],[-122.281406,37.808425]]}},{"type":"Feature","properties":{"name":"14th Street","kind":"major","eras":["1950","1965","1985"],"src":"osm"},"geometry":{"type":"LineString","coordinates":[[-122.280929,37.808288],[-122.281025,37.808341],[-122.281331,37.808506],[-122.281401,37.808542],[-122.281489,37.808587],[-122.281685,37.808655],[-122.2819,37.808712],[-122.281982,37.808731],[-122.282578,37.808865],[-122.282754,37.808893],[-122.282858,37.808903],[-122.282941,37.808908],[-122.283098,37.808918],[-122.283266,37.808943],[-122.283418,37.808977],[-122.283984,37.809105],[-122.284903,37.809316],[-122.285043,37.809348],[-122.285106,37.809362],[-122.285571,37.809468]]}},{"type":"Feature","properties":{"name":"14th Street","kind":"major","eras":["1950","1965","1985"],"src":"osm"},"geometry":{"type":"LineString","coordinates":[[-122.288307,37.810087],[-122.289085,37.810265],[-122.289261,37.810315],[-122.289278,37.810318],[-122.289584,37.810384],[-122.289714,37.810417],[-122.289897,37.810463],[-122.290245,37.810518]]}},{"type":"Feature","properties":{"name":"Magnolia Street","kind":"street","eras":["1950","1965","1985"],"src":"osm"},"geometry":{"type":"LineString","coordinates":[[-122.287229,37.809844],[-122.287216,37.80988],[-122.287196,37.809938],[-122.286942,37.810606],[-122.286717,37.811214],[-122.286709,37.811234],[-122.286684,37.811301]]}},{"type":"Feature","properties":{"name":"Chestnut Street","kind":"street","eras":["1950","1965","1985"],"src":"osm"},"geometry":{"type":"LineString","coordinates":[[-122.284052,37.812098],[-122.284017,37.812194],[-122.284013,37.812207],[-122.283909,37.81249],[-122.283883,37.812562],[-122.283841,37.812677],[-122.283801,37.812786],[-122.283593,37.813357],[-122.283307,37.81414],[-122.283305,37.814146],[-122.283283,37.814207]]}},{"type":"Feature","properties":{"name":"Linden Street","kind":"street","eras":["1950","1965","1985"],"src":"osm"},"geometry":{"type":"LineString","coordinates":[[-122.283984,37.809105],[-122.28397,37.809142],[-122.283873,37.809409],[-122.283743,37.809763],[-122.283705,37.809867],[-122.283667,37.80997],[-122.283482,37.810476],[-122.283447,37.81057],[-122.283418,37.810648],[-122.283227,37.81116],[-122.283193,37.811252],[-122.283114,37.811463],[-122.283091,37.811526],[-122.28301,37.811741],[-122.282971,37.811847]]}},{"type":"Feature","properties":{"name":"Filbert Street","kind":"street","eras":["1950","1965","1985"],"src":"osm"},"geometry":{"type":"LineString","coordinates":[[-122.282941,37.808908],[-122.282925,37.80895],[-122.282827,37.809221],[-122.282794,37.809311],[-122.282551,37.809979],[-122.282425,37.810327],[-122.281988,37.811512],[-122.281949,37.811616],[-122.281907,37.811732],[-122.281527,37.812772],[-122.281171,37.813815],[-122.280975,37.814284],[-122.280831,37.81468],[-122.280824,37.814697],[-122.280795,37.814778]]}},{"type":"Feature","properties":{"name":"Myrtle Street","kind":"street","eras":["1950","1965","1985"],"src":"osm"},"geometry":{"type":"LineString","coordinates":[[-122.2819,37.808712],[-122.281887,37.808748],[-122.281772,37.809067],[-122.281673,37.809341],[-122.2814,37.810096],[-122.281365,37.81019],[-122.281225,37.810564],[-122.280977,37.811283],[-122.28094,37.811389],[-122.280901,37.811502],[-122.280831,37.811706],[-122.280708,37.812028],[-122.280683,37.812094],[-122.280479,37.81266],[-122.280403,37.81287],[-122.28034,37.813046],[-122.280307,37.813139],[-122.280157,37.81355],[-122.280134,37.813612],[-122.280111,37.81368],[-122.279862,37.814356],[-122.27979,37.814563],[-122.279767,37.814632],[-122.279723,37.81474]]}},{"type":"Feature","properties":{"name":"West Street","kind":"street","eras":["1950","1965","1985"],"src":"osm"},"geometry":{"type":"LineString","coordinates":[[-122.279506,37.807607],[-122.279485,37.80764],[-122.279453,37.807692],[-122.27914,37.808199],[-122.279091,37.808279],[-122.279042,37.80836],[-122.278729,37.808856],[-122.278672,37.808937]]}},{"type":"Feature","properties":{"name":"14th Street","kind":"major","eras":["1950","1965","1985"],"src":"osm"},"geometry":{"type":"LineString","coordinates":[[-122.278692,37.80722],[-122.278604,37.807189],[-122.278596,37.807187]]}},{"type":"Feature","properties":{"name":"","kind":"street","eras":["1950","1965","1985"],"src":"osm"},"geometry":{"type":"LineString","coordinates":[[-122.278015,37.812335],[-122.277868,37.812388],[-122.277749,37.812426],[-122.277649,37.812449],[-122.277436,37.812476]]}},{"type":"Feature","properties":{"name":"Palm Court","kind":"street","eras":["1950","1965","1985"],"src":"osm"},"geometry":{"type":"LineString","coordinates":[[-122.288865,37.806619],[-122.288767,37.80688],[-122.28876,37.8069],[-122.288732,37.806976]]}},{"type":"Feature","properties":{"name":"Middle Harbor Road","kind":"major","eras":["1950","1965","1985"],"src":"osm"},"geometry":{"type":"LineString","coordinates":[[-122.289554,37.800332],[-122.289395,37.800758],[-122.28934,37.800872]]}},{"type":"Feature","properties":{"name":"Middle Harbor Road","kind":"major","eras":["1950","1965","1985"],"src":"osm"},"geometry":{"type":"LineString","coordinates":[[-122.292575,37.799017],[-122.293279,37.798901],[-122.293682,37.798827],[-122.293991,37.798711]]}},{"type":"Feature","properties":{"name":"10th Street","kind":"street","eras":["1950","1965","1985"],"src":"osm"},"geometry":{"type":"LineString","coordinates":[[-122.282053,37.805451],[-122.282156,37.805476],[-122.283003,37.80568],[-122.283364,37.80576],[-122.283906,37.805879],[-122.284031,37.805906],[-122.284149,37.80593],[-122.284162,37.805934],[-122.284236,37.805952],[-122.284922,37.806109],[-122.285029,37.806133],[-122.285675,37.806279],[-122.286146,37.806388],[-122.286339,37.80643],[-122.286564,37.806482],[-122.286865,37.806551],[-122.287034,37.80659],[-122.287104,37.806606],[-122.287211,37.80663],[-122.287324,37.806659],[-122.287784,37.806761],[-122.288303,37.806883],[-122.288732,37.806976],[-122.28903,37.807042],[-122.289253,37.807096],[-122.289302,37.807108],[-122.289396,37.80713]]}},{"type":"Feature","properties":{"name":"San Pablo Avenue","kind":"major","eras":["1950","1965","1985"],"src":"osm"},"geometry":{"type":"LineString","coordinates":[[-122.273956,37.812816],[-122.273972,37.812866],[-122.273991,37.81292],[-122.274045,37.813083],[-122.274262,37.813755],[-122.274295,37.813858],[-122.274338,37.813994],[-122.274543,37.814636]]}},{"type":"Feature","properties":{"name":"14th Street","kind":"major","eras":["1950","1965","1985"],"src":"osm"},"geometry":{"type":"LineString","coordinates":[[-122.271189,37.80432],[-122.271072,37.804274],[-122.270145,37.803909],[-122.270089,37.803888],[-122.27008,37.803884],[-122.269982,37.803847]]}},{"type":"Feature","properties":{"name":"12th Street","kind":"major","eras":["1950","1965","1985"],"src":"osm"},"geometry":{"type":"LineString","coordinates":[[-122.272489,37.803119],[-122.272901,37.803279],[-122.272991,37.803315],[-122.273097,37.803356],[-122.273359,37.803459],[-122.273818,37.803639],[-122.274374,37.803858],[-122.274468,37.803895]]}},{"type":"Feature","properties":{"name":"18th Street","kind":"street","eras":["1950","1965","1985"],"src":"osm"},"geometry":{"type":"LineString","coordinates":[[-122.293076,37.814715],[-122.293369,37.814864],[-122.293435,37.814897],[-122.294253,37.81531],[-122.294361,37.815364],[-122.29438,37.815374],[-122.295135,37.815752],[-122.29555,37.81596],[-122.295647,37.816009]]}},{"type":"Feature","properties":{"name":"Brush Street","kind":"street","eras":["1950","1965","1985"],"src":"osm"},"geometry":{"type":"LineString","coordinates":[[-122.27473,37.812909],[-122.274792,37.812834],[-122.275093,37.812359],[-122.275318,37.812006],[-122.275499,37.811721],[-122.275712,37.81139],[-122.275857,37.811161],[-122.275913,37.811083]]}},{"type":"Feature","properties":{"name":"3rd Street","kind":"street","eras":["1950","1965","1985"],"src":"osm"},"geometry":{"type":"LineString","coordinates":[[-122.294193,37.802351],[-122.294128,37.802297],[-122.294059,37.802253],[-122.293969,37.802209],[-122.293829,37.802167],[-122.293639,37.80212],[-122.292703,37.801915],[-122.292247,37.801807],[-122.291753,37.801683],[-122.291647,37.801653],[-122.291405,37.801589]]}},{"type":"Feature","properties":{"name":"San Pablo Avenue","kind":"major","eras":["1950","1965","1985"],"src":"osm"},"geometry":{"type":"LineString","coordinates":[[-122.275957,37.818839],[-122.275924,37.818927],[-122.276094,37.819475],[-122.276119,37.819552],[-122.276202,37.819806],[-122.276315,37.820139],[-122.276372,37.820325]]}},{"type":"Feature","properties":{"name":"27th Street","kind":"street","eras":["1950","1965","1985"],"src":"osm"},"geometry":{"type":"LineString","coordinates":[[-122.275721,37.817905],[-122.275807,37.817885],[-122.276582,37.817724],[-122.277408,37.817571],[-122.277439,37.817569],[-122.277558,37.817563]]}},{"type":"Feature","properties":{"name":"Milton Street","kind":"street","eras":["1950","1965","1985"],"src":"osm"},"geometry":{"type":"LineString","coordinates":[[-122.275492,37.817196],[-122.275588,37.817189],[-122.275602,37.817188],[-122.276129,37.817081],[-122.276871,37.816932],[-122.277442,37.816816],[-122.277672,37.816771],[-122.277728,37.816769],[-122.27785,37.816758]]}},{"type":"Feature","properties":{"name":"Isabella Street","kind":"street","eras":["1950","1965","1985"],"src":"osm"},"geometry":{"type":"LineString","coordinates":[[-122.275031,37.814796],[-122.274946,37.814786],[-122.274828,37.81481],[-122.274739,37.814829]]}},{"type":"Feature","properties":{"name":"Isabella Street","kind":"street","eras":["1950","1965","1985"],"src":"osm"},"geometry":{"type":"LineString","coordinates":[[-122.274771,37.814951],[-122.27487,37.814926],[-122.274948,37.814909],[-122.275006,37.814867],[-122.275031,37.814796]]}},{"type":"Feature","properties":{"name":"Nimitz Freeway","kind":"freeway","eras":["1985"],"src":"osm"},"geometry":{"type":"LineString","coordinates":[[-122.275497,37.80932],[-122.27534,37.809785],[-122.275314,37.809854],[-122.275293,37.809912],[-122.275156,37.810282],[-122.275106,37.810407],[-122.275048,37.81053],[-122.275017,37.810591],[-122.274984,37.810651],[-122.274935,37.810728],[-122.274891,37.810792],[-122.274843,37.810858],[-122.274794,37.810919],[-122.274749,37.810974],[-122.274704,37.811028],[-122.274609,37.811133],[-122.274513,37.811237],[-122.274416,37.811342],[-122.274315,37.811445],[-122.274212,37.811545],[-122.274174,37.811586],[-122.274132,37.811637],[-122.274091,37.811693],[-122.274058,37.811746],[-122.273968,37.811889]]}},{"type":"Feature","properties":{"name":"San Pablo Avenue","kind":"major","eras":["1950","1965","1985"],"src":"osm"},"geometry":{"type":"LineString","coordinates":[[-122.275854,37.818523],[-122.275957,37.818839]]}},{"type":"Feature","properties":{"name":"San Pablo Avenue","kind":"major","eras":["1950","1965","1985"],"src":"osm"},"geometry":{"type":"LineString","coordinates":[[-122.275652,37.81768],[-122.275597,37.817514],[-122.275492,37.817196],[-122.275427,37.816991],[-122.275406,37.816924],[-122.275274,37.816513],[-122.275253,37.816445],[-122.275105,37.815983],[-122.27502,37.815718]]}},{"type":"Feature","properties":{"name":"Athens Avenue","kind":"street","eras":["1950","1965","1985"],"src":"osm"},"geometry":{"type":"LineString","coordinates":[[-122.27502,37.815718],[-122.275105,37.815701],[-122.275684,37.815585],[-122.276555,37.815407],[-122.277593,37.815199],[-122.278298,37.815059],[-122.278353,37.815047],[-122.278471,37.815025]]}},{"type":"Feature","properties":{"name":"Brush Street","kind":"street","eras":["1950","1965","1985"],"src":"osm"},"geometry":{"type":"LineString","coordinates":[[-122.2743,37.813459],[-122.274377,37.813404],[-122.274452,37.813349],[-122.274617,37.81309],[-122.274622,37.813082],[-122.274644,37.813046],[-122.274676,37.812996]]}},{"type":"Feature","properties":{"name":"12th Street","kind":"street","eras":["1950","1965","1985"],"src":"osm"},"geometry":{"type":"LineString","coordinates":[[-122.280347,37.806252],[-122.280407,37.806233],[-122.280442,37.806235],[-122.280477,37.806244],[-122.280832,37.806388]]}},{"type":"Feature","properties":{"name":"6th Street","kind":"major","eras":["1950","1965","1985"],"src":"osm"},"geometry":{"type":"LineString","coordinates":[[-122.284128,37.802357],[-122.284319,37.8024],[-122.285612,37.802583],[-122.286396,37.802613],[-122.287224,37.802644],[-122.287571,37.802686]]}},{"type":"Feature","properties":{"name":"Nimitz Freeway","kind":"freeway","eras":["1965","1985"],"src":"osm"},"geometry":{"type":"LineString","coordinates":[[-122.287497,37.802534],[-122.287262,37.80249],[-122.28678,37.802402],[-122.286298,37.802317],[-122.285951,37.802247],[-122.285646,37.802177],[-122.285347,37.802102]]}},{"type":"Feature","properties":{"name":"5th Street","kind":"major","eras":["1950","1965","1985"],"src":"osm"},"geometry":{"type":"LineString","coordinates":[[-122.290882,37.803417],[-122.290731,37.80338],[-122.290198,37.803241]]}},{"type":"Feature","properties":{"name":"5th Street","kind":"street","eras":["1950","1965","1985"],"src":"osm"},"geometry":{"type":"LineString","coordinates":[[-122.288637,37.802543],[-122.28856,37.802525],[-122.28761,37.802296],[-122.287096,37.802178],[-122.285506,37.801813],[-122.284402,37.801547],[-122.28364,37.801459]]}},{"type":"Feature","properties":{"name":"San Pablo Avenue","kind":"major","eras":["1950","1965","1985"],"src":"osm"},"geometry":{"type":"LineString","coordinates":[[-122.272668,37.808789],[-122.272682,37.808864],[-122.27286,37.809428]]}},{"type":"Feature","properties":{"name":"Jefferson Street","kind":"street","eras":["1950","1965","1985"],"src":"osm"},"geometry":{"type":"LineString","coordinates":[[-122.272791,37.808805],[-122.272837,37.808782],[-122.27288,37.808756],[-122.272919,37.808725],[-122.272941,37.808693],[-122.273227,37.808253],[-122.273261,37.808199],[-122.273295,37.808145],[-122.273456,37.807886],[-122.273555,37.807727],[-122.273616,37.807629],[-122.273672,37.807538],[-122.273725,37.807455],[-122.273913,37.807152],[-122.273955,37.807085],[-122.273998,37.807016],[-122.274321,37.806493],[-122.274365,37.806422],[-122.274401,37.806364],[-122.274736,37.805826],[-122.274793,37.805735]]}},{"type":"Feature","properties":{"name":"Thomas L. Berkley Way","kind":"street","eras":["1950","1965","1985"],"src":"osm"},"geometry":{"type":"LineString","coordinates":[[-122.273481,37.810207],[-122.273546,37.810216],[-122.273604,37.810227],[-122.273644,37.810236],[-122.273777,37.810284],[-122.274235,37.810448],[-122.274276,37.810463],[-122.274602,37.81058],[-122.274696,37.810612]]}},{"type":"Feature","properties":{"name":"Nimitz Freeway","kind":"freeway","eras":["1965","1985"],"src":"osm"},"geometry":{"type":"LineString","coordinates":[[-122.274228,37.798596],[-122.274326,37.798683],[-122.274373,37.798774],[-122.274401,37.798857]]}},{"type":"Feature","properties":{"name":"6th Street","kind":"street","eras":["1950","1965","1985"],"src":"osm"},"geometry":{"type":"LineString","coordinates":[[-122.273404,37.798354],[-122.273999,37.79863],[-122.274014,37.798637]]}},{"type":"Feature","properties":{"name":"6th Street","kind":"street","eras":["1950","1965","1985"],"src":"osm"},"geometry":{"type":"LineString","coordinates":[[-122.271169,37.797481],[-122.271132,37.797485],[-122.271095,37.797495],[-122.270953,37.797558]]}},{"type":"Feature","properties":{"name":"6th Street","kind":"street","eras":["1950","1965","1985"],"src":"osm"},"geometry":{"type":"LineString","coordinates":[[-122.271169,37.797481],[-122.27121,37.797486],[-122.271569,37.797615],[-122.27201,37.79779],[-122.272094,37.797823],[-122.27217,37.797848]]}},{"type":"Feature","properties":{"name":"6th Street","kind":"street","eras":["1950","1965","1985"],"src":"osm"},"geometry":{"type":"LineString","coordinates":[[-122.272282,37.797892],[-122.273404,37.798354]]}},{"type":"Feature","properties":{"name":"Webster Street Tube","kind":"major","eras":["1950","1965","1985"],"src":"osm"},"geometry":{"type":"LineString","coordinates":[[-122.273286,37.796693],[-122.275081,37.793829],[-122.276802,37.790934],[-122.277388,37.789773],[-122.278235,37.788097]]}},{"type":"Feature","properties":{"name":"Harrison Street","kind":"street","eras":["1950","1965","1985"],"src":"osm"},"geometry":{"type":"LineString","coordinates":[[-122.270869,37.797692],[-122.270833,37.7978],[-122.270738,37.797957],[-122.270697,37.798024],[-122.270642,37.798108]]}},{"type":"Feature","properties":{"name":"Alice Street","kind":"street","eras":["1950","1965","1985"],"src":"osm"},"geometry":{"type":"LineString","coordinates":[[-122.269637,37.797324],[-122.269515,37.797521],[-122.269497,37.79755],[-122.269443,37.797637],[-122.269385,37.797729],[-122.269365,37.797762],[-122.269082,37.798216],[-122.269061,37.79825],[-122.26901,37.798331],[-122.268956,37.798417],[-122.268937,37.798448],[-122.26888,37.798539],[-122.26865,37.798905],[-122.268629,37.798939],[-122.268582,37.799016]]}},{"type":"Feature","properties":{"name":"Nimitz Freeway","kind":"freeway","eras":["1965","1985"],"src":"osm"},"geometry":{"type":"LineString","coordinates":[[-122.268879,37.797422],[-122.268614,37.797251],[-122.26854,37.797183],[-122.268521,37.797165],[-122.268486,37.797105],[-122.268474,37.79706],[-122.268477,37.796997],[-122.268504,37.796909],[-122.268637,37.796693],[-122.268696,37.796625],[-122.268773,37.796569],[-122.268826,37.796549],[-122.268882,37.796538],[-122.268931,37.796534],[-122.269003,37.796538],[-122.269263,37.796599]]}},{"type":"Feature","properties":{"name":"5th Street","kind":"major","eras":["1950","1965","1985"],"src":"osm"},"geometry":{"type":"LineString","coordinates":[[-122.269104,37.795819],[-122.269013,37.795782],[-122.268425,37.795545],[-122.268032,37.795386],[-122.267932,37.795346]]}},{"type":"Feature","properties":{"name":"Webster Street","kind":"street","eras":["1950","1965","1985"],"src":"osm"},"geometry":{"type":"LineString","coordinates":[[-122.272691,37.797152],[-122.273049,37.796592],[-122.273105,37.796504],[-122.273158,37.796419],[-122.273486,37.795895],[-122.27354,37.795808],[-122.273588,37.795729],[-122.273942,37.795152],[-122.273962,37.79512]]}},{"type":"Feature","properties":{"name":"Castro Street","kind":"major","eras":["1950","1965","1985"],"src":"osm"},"geometry":{"type":"LineString","coordinates":[[-122.273536,37.811513],[-122.273464,37.811532],[-122.273248,37.811596]]}},{"type":"Feature","properties":{"name":"Broadway","kind":"major","eras":["1950","1965","1985"],"src":"osm"},"geometry":{"type":"LineString","coordinates":[[-122.275018,37.798119],[-122.274655,37.798698],[-122.274611,37.798768]]}},{"type":"Feature","properties":{"name":"Nimitz Freeway","kind":"freeway","eras":["1965","1985"],"src":"osm"},"geometry":{"type":"LineString","coordinates":[[-122.300684,37.814238],[-122.300153,37.814557],[-122.300031,37.814635]]}},{"type":"Feature","properties":{"name":"24th Street","kind":"street","eras":["1950","1965","1985"],"src":"osm"},"geometry":{"type":"LineString","coordinates":[[-122.265589,37.8134],[-122.265688,37.813417],[-122.265715,37.813422],[-122.266325,37.813525],[-122.266689,37.813586],[-122.266885,37.813619],[-122.267319,37.813692],[-122.268035,37.813814],[-122.268325,37.813863],[-122.268359,37.813869],[-122.268489,37.813891]]}},{"type":"Feature","properties":{"name":"Rashida Muhammad Street","kind":"street","eras":["1950","1965","1985"],"src":"osm"},"geometry":{"type":"LineString","coordinates":[[-122.271545,37.808609],[-122.271527,37.80868],[-122.271498,37.808796],[-122.271445,37.809013],[-122.271416,37.809129],[-122.271409,37.809158],[-122.271399,37.809198]]}},{"type":"Feature","properties":{"name":"11th Street","kind":"major","eras":["1950","1965","1985"],"src":"osm"},"geometry":{"type":"LineString","coordinates":[[-122.279958,37.805189],[-122.279807,37.805131]]}},{"type":"Feature","properties":{"name":"11th Street","kind":"major","eras":["1950","1965","1985"],"src":"osm"},"geometry":{"type":"LineString","coordinates":[[-122.278613,37.804658],[-122.278453,37.804596]]}},{"type":"Feature","properties":{"name":"11th Street","kind":"major","eras":["1950","1965","1985"],"src":"osm"},"geometry":{"type":"LineString","coordinates":[[-122.279209,37.804895],[-122.278613,37.804658]]}},{"type":"Feature","properties":{"name":"12th Street","kind":"major","eras":["1950","1965","1985"],"src":"osm"},"geometry":{"type":"LineString","coordinates":[[-122.278176,37.805355],[-122.279148,37.805738]]}},{"type":"Feature","properties":{"name":"14th Street","kind":"major","eras":["1950","1965","1985"],"src":"osm"},"geometry":{"type":"LineString","coordinates":[[-122.278596,37.807187],[-122.277783,37.806896]]}},{"type":"Feature","properties":{"name":"14th Street","kind":"major","eras":["1950","1965","1985"],"src":"osm"},"geometry":{"type":"LineString","coordinates":[[-122.27715,37.806665],[-122.277034,37.806624],[-122.276648,37.80647],[-122.276342,37.806347]]}},{"type":"Feature","properties":{"name":"17th Street","kind":"street","eras":["1950","1965","1985"],"src":"osm"},"geometry":{"type":"LineString","coordinates":[[-122.276993,37.809104],[-122.276526,37.808884]]}},{"type":"Feature","properties":{"name":"17th Street","kind":"street","eras":["1950","1965","1985"],"src":"osm"},"geometry":{"type":"LineString","coordinates":[[-122.274777,37.808129],[-122.274687,37.808084],[-122.274574,37.808019],[-122.274489,37.807975],[-122.274396,37.807934],[-122.274293,37.807894],[-122.274141,37.807835],[-122.273976,37.80777],[-122.273845,37.807719],[-122.27372,37.807671],[-122.273677,37.807654],[-122.273616,37.807629],[-122.27357,37.807613],[-122.273526,37.807597],[-122.272976,37.807376],[-122.272905,37.807348],[-122.272882,37.807339]]}},{"type":"Feature","properties":{"name":"18th Street","kind":"street","eras":["1950","1965","1985"],"src":"osm"},"geometry":{"type":"LineString","coordinates":[[-122.277854,37.810256],[-122.277936,37.810288],[-122.278099,37.810351],[-122.278173,37.81039],[-122.27828,37.810445],[-122.27838,37.810485],[-122.278457,37.810516]]}},{"type":"Feature","properties":{"name":"18th Street","kind":"street","eras":["1950","1965","1985"],"src":"osm"},"geometry":{"type":"LineString","coordinates":[[-122.275772,37.809418],[-122.276511,37.809705]]}},{"type":"Feature","properties":{"name":"I-980 \u00b7 Grove Shafter Fwy","kind":"freeway","eras":["1985"],"src":"osm"},"geometry":{"type":"LineString","coordinates":[[-122.274834,37.811062],[-122.274733,37.811169],[-122.274631,37.811272],[-122.274526,37.811375],[-122.274419,37.811477],[-122.274309,37.811579],[-122.274201,37.811679],[-122.273968,37.811889]]}},{"type":"Feature","properties":{"name":"I-980 \u00b7 Grove Shafter Fwy","kind":"freeway","eras":["1985"],"src":"osm"},"geometry":{"type":"LineString","coordinates":[[-122.273968,37.811889],[-122.273032,37.812722],[-122.272082,37.813566]]}},{"type":"Feature","properties":{"name":"I-980 \u00b7 Grove Shafter Fwy","kind":"freeway","eras":["1985"],"src":"osm"},"geometry":{"type":"LineString","coordinates":[[-122.272082,37.813566],[-122.27191,37.813719],[-122.271811,37.813811],[-122.271707,37.81391],[-122.271606,37.814011],[-122.271509,37.814113],[-122.271413,37.814219],[-122.271342,37.814302]]}},{"type":"Feature","properties":{"name":"I-980 \u00b7 Grove Shafter Fwy","kind":"freeway","eras":["1985"],"src":"osm"},"geometry":{"type":"LineString","coordinates":[[-122.271967,37.814063],[-122.271991,37.814032],[-122.272086,37.813918],[-122.272185,37.813803],[-122.272285,37.813694],[-122.272388,37.813587],[-122.272493,37.81348],[-122.272603,37.813375],[-122.272714,37.813274],[-122.272829,37.813172],[-122.273385,37.812696]]}},{"type":"Feature","properties":{"name":"I-980 \u00b7 Grove Shafter Fwy","kind":"freeway","eras":["1985"],"src":"osm"},"geometry":{"type":"LineString","coordinates":[[-122.27057,37.817101],[-122.270926,37.816034],[-122.270969,37.815907],[-122.271017,37.81577],[-122.271065,37.815636],[-122.271115,37.815505],[-122.271179,37.815357]]}},{"type":"Feature","properties":{"name":"I-980 \u00b7 Grove Shafter Fwy","kind":"freeway","eras":["1985"],"src":"osm"},"geometry":{"type":"LineString","coordinates":[[-122.271179,37.815357],[-122.271228,37.81525],[-122.271291,37.81512],[-122.271355,37.814994],[-122.271424,37.814867],[-122.271495,37.814745],[-122.271569,37.814622],[-122.271647,37.814503],[-122.27173,37.814381],[-122.271816,37.814261],[-122.271903,37.814145],[-122.271967,37.814063]]}},{"type":"Feature","properties":{"name":"I-980 \u00b7 Grove Shafter Fwy","kind":"freeway","eras":["1985"],"src":"osm"},"geometry":{"type":"LineString","coordinates":[[-122.271342,37.814302],[-122.271242,37.814425],[-122.271152,37.814542],[-122.271073,37.814652],[-122.271,37.814761],[-122.270926,37.814875],[-122.270855,37.814997],[-122.270786,37.815118],[-122.270719,37.815249],[-122.270663,37.815368],[-122.270613,37.815484],[-122.270564,37.815609],[-122.270518,37.815734],[-122.270476,37.815859],[-122.270435,37.815991],[-122.270401,37.816119],[-122.270368,37.81624],[-122.270332,37.81637]]}},{"type":"Feature","properties":{"name":"I-980 \u00b7 Grove Shafter Fwy","kind":"freeway","eras":["1985"],"src":"osm"},"geometry":{"type":"LineString","coordinates":[[-122.270165,37.816981],[-122.269712,37.818634]]}},{"type":"Feature","properties":{"name":"Nimitz Freeway","kind":"freeway","eras":["1985"],"src":"osm"},"geometry":{"type":"LineString","coordinates":[[-122.270273,37.819717],[-122.270356,37.81939]]}},{"type":"Feature","properties":{"name":"Nimitz Freeway","kind":"freeway","eras":["1985"],"src":"osm"},"geometry":{"type":"LineString","coordinates":[[-122.270356,37.81939],[-122.270417,37.819145]]}},{"type":"Feature","properties":{"name":"Nimitz Freeway","kind":"freeway","eras":["1985"],"src":"osm"},"geometry":{"type":"LineString","coordinates":[[-122.270041,37.819681],[-122.270163,37.819359]]}},{"type":"Feature","properties":{"name":"Nimitz Freeway","kind":"freeway","eras":["1985"],"src":"osm"},"geometry":{"type":"LineString","coordinates":[[-122.270119,37.819353],[-122.270183,37.819091]]}},{"type":"Feature","properties":{"name":"I-980 \u00b7 Grove Shafter Fwy","kind":"freeway","eras":["1985"],"src":"osm"},"geometry":{"type":"LineString","coordinates":[[-122.269921,37.819321],[-122.269996,37.819047]]}},{"type":"Feature","properties":{"name":"I-980 \u00b7 Grove Shafter Fwy","kind":"freeway","eras":["1985"],"src":"osm"},"geometry":{"type":"LineString","coordinates":[[-122.269835,37.819647],[-122.269921,37.819321]]}},{"type":"Feature","properties":{"name":"Nimitz Freeway","kind":"freeway","eras":["1985"],"src":"osm"},"geometry":{"type":"LineString","coordinates":[[-122.270041,37.819681],[-122.270119,37.819353]]}},{"type":"Feature","properties":{"name":"I-980 \u00b7 Grove Shafter Fwy","kind":"freeway","eras":["1985"],"src":"osm"},"geometry":{"type":"LineString","coordinates":[[-122.26945,37.819586],[-122.268971,37.82132],[-122.268898,37.82158],[-122.268822,37.821835],[-122.268746,37.822091],[-122.268668,37.822344],[-122.268588,37.822603],[-122.26851,37.822856]]}},{"type":"Feature","properties":{"name":"I-980 \u00b7 Grove Shafter Fwy","kind":"freeway","eras":["1985"],"src":"osm"},"geometry":{"type":"LineString","coordinates":[[-122.269539,37.819261],[-122.26945,37.819586]]}},{"type":"Feature","properties":{"name":"Nimitz Freeway","kind":"freeway","eras":["1985"],"src":"osm"},"geometry":{"type":"LineString","coordinates":[[-122.269228,37.819551],[-122.268969,37.820465]]}},{"type":"Feature","properties":{"name":"Nimitz Freeway","kind":"freeway","eras":["1985"],"src":"osm"},"geometry":{"type":"LineString","coordinates":[[-122.269342,37.819229],[-122.269228,37.819551]]}},{"type":"Feature","properties":{"name":"Nimitz Freeway","kind":"freeway","eras":["1985"],"src":"osm"},"geometry":{"type":"LineString","coordinates":[[-122.269295,37.818538],[-122.269199,37.818862]]}},{"type":"Feature","properties":{"name":"Nimitz Freeway","kind":"freeway","eras":["1985"],"src":"osm"},"geometry":{"type":"LineString","coordinates":[[-122.268998,37.819506],[-122.268861,37.819981],[-122.268816,37.820184],[-122.268791,37.820359],[-122.268778,37.820537],[-122.268726,37.821351],[-122.268694,37.821656],[-122.268646,37.821929],[-122.26851,37.822856]]}},{"type":"Feature","properties":{"name":"Nimitz Freeway","kind":"freeway","eras":["1985"],"src":"osm"},"geometry":{"type":"LineString","coordinates":[[-122.269097,37.819178],[-122.268998,37.819506]]}},{"type":"Feature","properties":{"name":"Nimitz Freeway","kind":"freeway","eras":["1985"],"src":"osm"},"geometry":{"type":"LineString","coordinates":[[-122.269199,37.818862],[-122.269097,37.819178]]}},{"type":"Feature","properties":{"name":"Clay Street","kind":"street","eras":["1950","1965","1985"],"src":"osm"},"geometry":{"type":"LineString","coordinates":[[-122.279512,37.795766],[-122.279498,37.795813],[-122.279377,37.796009],[-122.279322,37.796098],[-122.279272,37.796178],[-122.279243,37.796233]]}},{"type":"Feature","properties":{"name":"24th Street","kind":"street","eras":["1950","1965","1985"],"src":"osm"},"geometry":{"type":"LineString","coordinates":[[-122.289715,37.81896],[-122.28979,37.81901],[-122.290871,37.819559],[-122.290968,37.819609],[-122.291577,37.819913],[-122.291693,37.81997],[-122.29217,37.820208],[-122.292247,37.820246]]}},{"type":"Feature","properties":{"name":"San Pablo Avenue","kind":"major","eras":["1950","1965","1985"],"src":"osm"},"geometry":{"type":"LineString","coordinates":[[-122.272309,37.807483],[-122.272286,37.807411]]}},{"type":"Feature","properties":{"name":"San Pablo Avenue","kind":"street","eras":["1950","1965","1985"],"src":"osm"},"geometry":{"type":"LineString","coordinates":[[-122.272205,37.807144],[-122.272171,37.807035],[-122.271981,37.806453],[-122.271969,37.806411],[-122.271936,37.806309]]}},{"type":"Feature","properties":{"name":"Nimitz Freeway","kind":"freeway","eras":["1965","1985"],"src":"osm"},"geometry":{"type":"LineString","coordinates":[[-122.297944,37.802251],[-122.298105,37.802276],[-122.298263,37.802315],[-122.298417,37.802345],[-122.298564,37.802379],[-122.298734,37.802419],[-122.298896,37.802459],[-122.299041,37.802498],[-122.299201,37.802541],[-122.299352,37.802587],[-122.299505,37.802637],[-122.299658,37.802689],[-122.299803,37.802738],[-122.299956,37.802795],[-122.300101,37.802854],[-122.300251,37.802914],[-122.300387,37.802975],[-122.300524,37.803039],[-122.300663,37.803102],[-122.300786,37.803165],[-122.300901,37.803224],[-122.301006,37.803277],[-122.301144,37.803357]]}},{"type":"Feature","properties":{"name":"Nimitz Freeway","kind":"freeway","eras":["1965","1985"],"src":"osm"},"geometry":{"type":"LineString","coordinates":[[-122.282143,37.801611],[-122.282422,37.801734]]}},{"type":"Feature","properties":{"name":"I-980 \u00b7 Grove Shafter Fwy","kind":"freeway","eras":["1985"],"src":"osm"},"geometry":{"type":"LineString","coordinates":[[-122.280012,37.80228],[-122.280011,37.802311],[-122.279997,37.802443],[-122.279974,37.802579],[-122.279944,37.802713],[-122.279904,37.802845],[-122.279852,37.802973],[-122.279795,37.8031],[-122.279731,37.803231],[-122.279605,37.803486],[-122.279543,37.80361]]}},{"type":"Feature","properties":{"name":"Nimitz Freeway","kind":"freeway","eras":["1965","1985"],"src":"osm"},"geometry":{"type":"LineString","coordinates":[[-122.279826,37.802215],[-122.279815,37.802279],[-122.279802,37.80234],[-122.279787,37.802406],[-122.279767,37.802477],[-122.279744,37.80255],[-122.279717,37.802624],[-122.279687,37.802695],[-122.279653,37.802766],[-122.279577,37.802923],[-122.279517,37.803038],[-122.279452,37.803159],[-122.279387,37.803278],[-122.279319,37.803397],[-122.279251,37.803516],[-122.279181,37.803633],[-122.27911,37.803749],[-122.278927,37.804041]]}},{"type":"Feature","properties":{"name":"Nimitz Freeway","kind":"freeway","eras":["1965","1985"],"src":"osm"},"geometry":{"type":"LineString","coordinates":[[-122.270926,37.797155],[-122.27224,37.797621],[-122.273622,37.798088]]}},{"type":"Feature","properties":{"name":"Nimitz Freeway","kind":"freeway","eras":["1965","1985"],"src":"osm"},"geometry":{"type":"LineString","coordinates":[[-122.273706,37.798361],[-122.274228,37.798596]]}},{"type":"Feature","properties":{"name":"Nimitz Freeway","kind":"freeway","eras":["1965","1985"],"src":"osm"},"geometry":{"type":"LineString","coordinates":[[-122.270872,37.797195],[-122.271892,37.797598],[-122.271974,37.79766]]}},{"type":"Feature","properties":{"name":"Nimitz Freeway","kind":"freeway","eras":["1965","1985"],"src":"osm"},"geometry":{"type":"LineString","coordinates":[[-122.285347,37.802102],[-122.283294,37.80146]]}},{"type":"Feature","properties":{"name":"Nimitz Freeway","kind":"freeway","eras":["1965","1985"],"src":"osm"},"geometry":{"type":"LineString","coordinates":[[-122.296362,37.801847],[-122.296149,37.80185],[-122.295973,37.801856],[-122.295819,37.801862],[-122.295659,37.801872],[-122.295489,37.801885],[-122.295325,37.8019],[-122.295161,37.801918],[-122.294996,37.801938],[-122.294832,37.801962]]}},{"type":"Feature","properties":{"name":"Nimitz Freeway","kind":"freeway","eras":["1965","1985"],"src":"osm"},"geometry":{"type":"LineString","coordinates":[[-122.296368,37.802238],[-122.296509,37.802235],[-122.296653,37.802233],[-122.29679,37.802233],[-122.296931,37.802235],[-122.297944,37.802251]]}},{"type":"Feature","properties":{"name":"Nimitz Freeway","kind":"freeway","eras":["1965","1985"],"src":"osm"},"geometry":{"type":"LineString","coordinates":[[-122.292085,37.802965],[-122.29213,37.802948],[-122.292278,37.802893],[-122.292424,37.802847],[-122.29258,37.802803],[-122.292757,37.80276],[-122.292902,37.80273],[-122.293058,37.802701],[-122.293197,37.802678]]}},{"type":"Feature","properties":{"name":"Nimitz Freeway","kind":"freeway","eras":["1965","1985"],"src":"osm"},"geometry":{"type":"LineString","coordinates":[[-122.282489,37.801566],[-122.282941,37.80175],[-122.283232,37.801873],[-122.283378,37.801934],[-122.283526,37.801997],[-122.283671,37.802058],[-122.283819,37.802118],[-122.283967,37.802178],[-122.284118,37.802234],[-122.284267,37.802288],[-122.284421,37.802341],[-122.284574,37.802392],[-122.28473,37.802441],[-122.284883,37.802488],[-122.285039,37.802533],[-122.285196,37.802577],[-122.285354,37.802618],[-122.285512,37.802659],[-122.285669,37.802697],[-122.28583,37.802733],[-122.28599,37.802768],[-122.286151,37.802801],[-122.286312,37.802831],[-122.286475,37.80286],[-122.286639,37.802886],[-122.286801,37.802911],[-122.286965,37.802934],[-122.287128,37.802954],[-122.287293,37.802973],[-122.287457,37.80299],[-122.287621,37.803004],[-122.287787,37.803018],[-122.287953,37.803029],[-122.288119,37.803037],[-122.288284,37.803044],[-122.288449,37.803049],[-122.288616,37.803052],[-122.288782,37.803053],[-122.288948,37.803053],[-122.289115,37.803051],[-122.289281,37.803046],[-122.289429,37.80304],[-122.289581,37.803033],[-122.289738,37.803023],[-122.2899,37.803012],[-122.290072,37.802997],[-122.290238,37.802981],[-122.290402,37.802963],[-122.290567,37.802944],[-122.290731,37.802923],[-122.290888,37.8029],[-122.291053,37.802874],[-122.294628,37.802292],[-122.294802,37.802264],[-122.294959,37.80224],[-122.29512,37.802218],[-122.295282,37.802199],[-122.29544,37.802183],[-122.295611,37.802169],[-122.295777,37.802157],[-122.295941,37.802149],[-122.296108,37.802142],[-122.296296,37.802139],[-122.296367,37.802139]]}},{"type":"Feature","properties":{"name":"Nimitz Freeway","kind":"freeway","eras":["1965","1985"],"src":"osm"},"geometry":{"type":"LineString","coordinates":[[-122.277663,37.799504],[-122.27575,37.798755],[-122.27272,37.797566],[-122.271769,37.797156]]}},{"type":"Feature","properties":{"name":"Nimitz Freeway","kind":"freeway","eras":["1965","1985"],"src":"osm"},"geometry":{"type":"LineString","coordinates":[[-122.291408,37.802881],[-122.291354,37.802937],[-122.291303,37.80299],[-122.291024,37.803298],[-122.290882,37.803417]]}},{"type":"Feature","properties":{"name":"Nimitz Freeway","kind":"freeway","eras":["1965","1985"],"src":"osm"},"geometry":{"type":"LineString","coordinates":[[-122.294832,37.801962],[-122.294675,37.801987],[-122.294512,37.802013],[-122.291124,37.802565],[-122.290958,37.802592],[-122.290802,37.802617],[-122.290641,37.802642],[-122.290474,37.802664],[-122.290317,37.802683],[-122.290154,37.802702],[-122.289986,37.802718],[-122.289821,37.802733],[-122.289663,37.802745],[-122.289498,37.802755],[-122.289333,37.802764],[-122.289166,37.802771],[-122.289,37.802775],[-122.288841,37.802778],[-122.288674,37.802779],[-122.288497,37.802778],[-122.288349,37.802775],[-122.288163,37.802768],[-122.28801,37.802762],[-122.287853,37.802753],[-122.287682,37.802742],[-122.287524,37.802728],[-122.287356,37.802713],[-122.28719,37.802696],[-122.287024,37.802677],[-122.286862,37.802656],[-122.286705,37.802635],[-122.286544,37.802611],[-122.286383,37.802583],[-122.286218,37.802554],[-122.286058,37.802523],[-122.285903,37.802492],[-122.285739,37.802457],[-122.285583,37.802422],[-122.285423,37.802383],[-122.285266,37.802343],[-122.28511,37.802301],[-122.284955,37.802257],[-122.284799,37.802211],[-122.284649,37.802165],[-122.284493,37.802114],[-122.284339,37.802062],[-122.284191,37.802009],[-122.284043,37.801955],[-122.28389,37.801898]]}},{"type":"Feature","properties":{"name":"I-980 \u00b7 Grove Shafter Fwy","kind":"freeway","eras":["1985"],"src":"osm"},"geometry":{"type":"LineString","coordinates":[[-122.280354,37.802376],[-122.280349,37.80228],[-122.280336,37.802143],[-122.280318,37.802003],[-122.280294,37.80187],[-122.280266,37.80175],[-122.280224,37.801609],[-122.280179,37.801478],[-122.280132,37.801359],[-122.280078,37.801238],[-122.28002,37.801118],[-122.279951,37.800996],[-122.279876,37.800875],[-122.279798,37.800763],[-122.279715,37.800653],[-122.27962,37.800537],[-122.279522,37.800428],[-122.279416,37.80032],[-122.279312,37.800222],[-122.279189,37.800115],[-122.279097,37.800041],[-122.278983,37.799954],[-122.278851,37.799864],[-122.278713,37.799776]]}},{"type":"Feature","properties":{"name":"Nimitz Freeway","kind":"freeway","eras":["1965","1985"],"src":"osm"},"geometry":{"type":"LineString","coordinates":[[-122.280451,37.8024],[-122.280431,37.802266],[-122.280389,37.802052]]}},{"type":"Feature","properties":{"name":"Nimitz Freeway","kind":"freeway","eras":["1965","1985"],"src":"osm"},"geometry":{"type":"LineString","coordinates":[[-122.277914,37.799376],[-122.276644,37.798931],[-122.276341,37.798816],[-122.273971,37.797936],[-122.273373,37.797713],[-122.272776,37.79749],[-122.271769,37.797156]]}},{"type":"Feature","properties":{"name":"Nimitz Freeway","kind":"freeway","eras":["1965","1985"],"src":"osm"},"geometry":{"type":"LineString","coordinates":[[-122.271224,37.796694],[-122.26965,37.796082],[-122.269373,37.795963],[-122.269198,37.795869],[-122.269104,37.795819]]}},{"type":"Feature","properties":{"name":"Nimitz Freeway","kind":"freeway","eras":["1965","1985"],"src":"osm"},"geometry":{"type":"LineString","coordinates":[[-122.272269,37.797163],[-122.271848,37.79702],[-122.271161,37.796785],[-122.270637,37.796585],[-122.270089,37.796512]]}},{"type":"Feature","properties":{"name":"25th Street","kind":"street","eras":["1950","1965","1985"],"src":"osm"},"geometry":{"type":"LineString","coordinates":[[-122.265132,37.814133],[-122.265241,37.814151],[-122.265268,37.814156],[-122.265584,37.814209],[-122.265881,37.814259],[-122.265918,37.814265],[-122.265958,37.814272],[-122.266186,37.81431],[-122.26654,37.81437],[-122.266668,37.814391],[-122.267123,37.814468],[-122.268143,37.814639],[-122.26817,37.814644],[-122.268293,37.814664]]}},{"type":"Feature","properties":{"name":"18th Street","kind":"street","eras":["1950","1965","1985"],"src":"osm"},"geometry":{"type":"LineString","coordinates":[[-122.272378,37.807884],[-122.272323,37.807877],[-122.272294,37.807876],[-122.272277,37.807875],[-122.272115,37.807906],[-122.272066,37.807909],[-122.272015,37.807906],[-122.27194,37.807894],[-122.27187,37.807883],[-122.271163,37.807769],[-122.271146,37.807767],[-122.271049,37.807751],[-122.270749,37.807703],[-122.270226,37.807619],[-122.270082,37.807596]]}},{"type":"Feature","properties":{"name":"","kind":"street","eras":["1950","1965","1985"],"src":"osm"},"geometry":{"type":"LineString","coordinates":[[-122.278277,37.809572],[-122.278208,37.809547],[-122.277825,37.809405],[-122.277556,37.809329]]}},{"type":"Feature","properties":{"name":"Nimitz Freeway","kind":"freeway","eras":["1985"],"src":"osm"},"geometry":{"type":"LineString","coordinates":[[-122.277312,37.808789],[-122.277941,37.807637]]}},{"type":"Feature","properties":{"name":"Nimitz Freeway","kind":"freeway","eras":["1985"],"src":"osm"},"geometry":{"type":"LineString","coordinates":[[-122.277941,37.807637],[-122.278188,37.807184]]}},{"type":"Feature","properties":{"name":"Nimitz Freeway","kind":"freeway","eras":["1985"],"src":"osm"},"geometry":{"type":"LineString","coordinates":[[-122.276259,37.809584],[-122.276498,37.809423],[-122.276923,37.808931],[-122.277023,37.808816],[-122.277124,37.808704],[-122.277227,37.808595],[-122.277333,37.808491],[-122.277443,37.808388],[-122.277776,37.808072],[-122.27783,37.808017],[-122.277883,37.807962],[-122.277934,37.807906],[-122.277981,37.80785],[-122.278028,37.80779],[-122.278074,37.80773],[-122.278116,37.807672],[-122.278158,37.807612],[-122.278199,37.80755],[-122.278239,37.807489],[-122.278819,37.806576],[-122.278897,37.806454],[-122.278976,37.806335],[-122.279059,37.806218],[-122.279149,37.806102],[-122.279246,37.80599],[-122.279286,37.805953],[-122.279316,37.805931],[-122.279393,37.805905],[-122.27952,37.805882]]}},{"type":"Feature","properties":{"name":"Nimitz Freeway","kind":"freeway","eras":["1985"],"src":"osm"},"geometry":{"type":"LineString","coordinates":[[-122.277929,37.806229],[-122.277905,37.806272],[-122.277869,37.806333],[-122.277355,37.807217]]}},{"type":"Feature","properties":{"name":"Nimitz Freeway","kind":"freeway","eras":["1985"],"src":"osm"},"geometry":{"type":"LineString","coordinates":[[-122.277969,37.805653],[-122.277971,37.805694],[-122.277974,37.805728],[-122.277979,37.805762],[-122.277987,37.805805],[-122.277994,37.805849],[-122.277998,37.805894],[-122.278,37.805938],[-122.277998,37.805984],[-122.277993,37.806029],[-122.277986,37.806072],[-122.277974,37.806115],[-122.277962,37.806154],[-122.277947,37.806193],[-122.277929,37.806229]]}},{"type":"Feature","properties":{"name":"16th Street","kind":"street","eras":["1950","1965","1985"],"src":"osm"},"geometry":{"type":"LineString","coordinates":[[-122.272781,37.806621],[-122.272882,37.806661],[-122.27385,37.807044],[-122.273908,37.807067],[-122.273955,37.807085],[-122.274014,37.807109],[-122.27406,37.807127],[-122.274478,37.807291],[-122.274584,37.807333],[-122.274679,37.80737],[-122.275042,37.807515],[-122.275138,37.807551],[-122.275242,37.807591],[-122.275683,37.807762],[-122.275752,37.807788],[-122.275784,37.807801],[-122.276108,37.807926],[-122.276209,37.807965],[-122.27632,37.808008]]}},{"type":"Feature","properties":{"name":"16th Street","kind":"street","eras":["1950","1965","1985"],"src":"osm"},"geometry":{"type":"LineString","coordinates":[[-122.271936,37.806309],[-122.272088,37.806349],[-122.272144,37.806366],[-122.272341,37.806444],[-122.272674,37.806578],[-122.272781,37.806621]]}},{"type":"Feature","properties":{"name":"Nimitz Freeway","kind":"freeway","eras":["1965","1985"],"src":"osm"},"geometry":{"type":"LineString","coordinates":[[-122.293545,37.820409],[-122.293595,37.820208],[-122.293616,37.820132],[-122.293635,37.820068],[-122.293657,37.820006],[-122.293681,37.819945],[-122.293717,37.819873],[-122.293766,37.819794],[-122.293819,37.819713],[-122.293871,37.819644],[-122.293917,37.819585],[-122.293966,37.819521],[-122.294083,37.819376],[-122.294147,37.819274]]}},{"type":"Feature","properties":{"name":"Nimitz Freeway","kind":"freeway","eras":["1965","1985"],"src":"osm"},"geometry":{"type":"LineString","coordinates":[[-122.299669,37.815749],[-122.29981,37.815628],[-122.299922,37.815531],[-122.300034,37.815435],[-122.300145,37.815341],[-122.30026,37.815244],[-122.300373,37.81515],[-122.300602,37.814961],[-122.300716,37.814865],[-122.301139,37.814481]]}},{"type":"Feature","properties":{"name":"3rd Street","kind":"street","eras":["1950","1965","1985"],"src":"osm"},"geometry":{"type":"LineString","coordinates":[[-122.283068,37.799558],[-122.283029,37.799542],[-122.282375,37.799284]]}},{"type":"Feature","properties":{"name":"Brush Street","kind":"street","eras":["1950","1965","1985"],"src":"osm"},"geometry":{"type":"LineString","coordinates":[[-122.283501,37.798864],[-122.283389,37.799047],[-122.283135,37.799449],[-122.283124,37.799466],[-122.283099,37.799508],[-122.283068,37.799558]]}},{"type":"Feature","properties":{"name":"Brush Street","kind":"street","eras":["1950","1965","1985"],"src":"osm"},"geometry":{"type":"LineString","coordinates":[[-122.28264,37.800249],[-122.282374,37.80067],[-122.282248,37.800868],[-122.282203,37.800939]]}},{"type":"Feature","properties":{"name":"Broadway","kind":"street","eras":["1950","1965","1985"],"src":"osm"},"geometry":{"type":"LineString","coordinates":[[-122.276315,37.796047],[-122.276296,37.796077],[-122.276271,37.796118],[-122.275962,37.796611],[-122.275936,37.796652],[-122.275886,37.796731]]}},{"type":"Feature","properties":{"name":"Washington Street","kind":"street","eras":["1950","1965","1985"],"src":"osm"},"geometry":{"type":"LineString","coordinates":[[-122.277594,37.796549],[-122.277575,37.796579],[-122.277547,37.796624],[-122.277528,37.796655],[-122.277219,37.797156],[-122.277168,37.797235]]}},{"type":"Feature","properties":{"name":"10th Street","kind":"street","eras":["1950","1965","1985"],"src":"osm"},"geometry":{"type":"LineString","coordinates":[[-122.27455,37.802206],[-122.275137,37.802437],[-122.27523,37.802473],[-122.275332,37.802514]]}},{"type":"Feature","properties":{"name":"10th Street","kind":"street","eras":["1950","1965","1985"],"src":"osm"},"geometry":{"type":"LineString","coordinates":[[-122.275332,37.802514],[-122.27544,37.802559],[-122.275794,37.802697],[-122.276021,37.802786],[-122.276167,37.802843],[-122.276416,37.802942],[-122.27647,37.802962],[-122.276514,37.802977]]}},{"type":"Feature","properties":{"name":"9th Street","kind":"street","eras":["1950","1965","1985"],"src":"osm"},"geometry":{"type":"LineString","coordinates":[[-122.27576,37.801829],[-122.275648,37.801785],[-122.275352,37.801668],[-122.275253,37.80163],[-122.275202,37.80161],[-122.275062,37.801554],[-122.27458,37.801365]]}},{"type":"Feature","properties":{"name":"9th Street","kind":"street","eras":["1950","1965","1985"],"src":"osm"},"geometry":{"type":"LineString","coordinates":[[-122.27458,37.801365],[-122.27374,37.801035],[-122.273498,37.80094],[-122.273391,37.800897]]}},{"type":"Feature","properties":{"name":"Clay Street","kind":"street","eras":["1950","1965","1985"],"src":"osm"},"geometry":{"type":"LineString","coordinates":[[-122.27576,37.801829],[-122.275705,37.801917],[-122.275565,37.802141],[-122.275382,37.802434],[-122.275332,37.802514]]}},{"type":"Feature","properties":{"name":"Clay Street","kind":"street","eras":["1950","1965","1985"],"src":"osm"},"geometry":{"type":"LineString","coordinates":[[-122.273609,37.80527],[-122.273552,37.80536],[-122.273281,37.805796],[-122.273207,37.805915],[-122.273182,37.805956],[-122.27315,37.806006],[-122.272823,37.806558],[-122.272781,37.806621]]}},{"type":"Feature","properties":{"name":"Martin Luther King Junior Way","kind":"street","eras":["1950","1965","1985"],"src":"osm"},"geometry":{"type":"LineString","coordinates":[[-122.281135,37.797939],[-122.281116,37.797969],[-122.280702,37.798625]]}},{"type":"Feature","properties":{"name":"West Grand Avenue","kind":"major","eras":["1950","1965","1985"],"src":"osm"},"geometry":{"type":"LineString","coordinates":[[-122.284005,37.81551],[-122.283886,37.815483],[-122.283467,37.815385],[-122.282911,37.815259],[-122.281991,37.815052],[-122.281942,37.81504],[-122.281853,37.81502],[-122.280909,37.814804],[-122.280795,37.814778],[-122.280541,37.814723],[-122.280291,37.81468],[-122.280015,37.814648],[-122.279863,37.814638],[-122.279767,37.814632]]}},{"type":"Feature","properties":{"name":"West Street","kind":"street","eras":["1950","1965","1985"],"src":"osm"},"geometry":{"type":"LineString","coordinates":[[-122.275853,37.813463],[-122.275826,37.813502],[-122.275799,37.81354],[-122.27569,37.813713],[-122.275496,37.814033],[-122.275305,37.81435],[-122.275064,37.814717],[-122.275031,37.814796]]}},{"type":"Feature","properties":{"name":"Market Street","kind":"major","eras":["1950","1965","1985"],"src":"osm"},"geometry":{"type":"LineString","coordinates":[[-122.278677,37.814459],[-122.278643,37.814556],[-122.278613,37.814642],[-122.278562,37.814781],[-122.278555,37.814802],[-122.278498,37.814956],[-122.278471,37.815025],[-122.278276,37.815576],[-122.278199,37.815797],[-122.278189,37.815823],[-122.278142,37.815944],[-122.278107,37.816039],[-122.278103,37.816053]]}},{"type":"Feature","properties":{"name":"Chestnut Street","kind":"street","eras":["1950","1965","1985"],"src":"osm"},"geometry":{"type":"LineString","coordinates":[[-122.282323,37.816934],[-122.282174,37.817367],[-122.282139,37.817464],[-122.28194,37.818011],[-122.281766,37.818491],[-122.281192,37.820029],[-122.280979,37.820612],[-122.280723,37.821315],[-122.280554,37.821775],[-122.280265,37.82257],[-122.280243,37.82263],[-122.279925,37.823515],[-122.279692,37.824169],[-122.279494,37.824712],[-122.279293,37.825259],[-122.27899,37.826105],[-122.278915,37.826321],[-122.278843,37.826526]]}},{"type":"Feature","properties":{"name":"10th Street","kind":"major","eras":["1950","1965","1985"],"src":"osm"},"geometry":{"type":"LineString","coordinates":[[-122.281536,37.805375],[-122.281575,37.805379],[-122.281739,37.805392],[-122.281811,37.8054],[-122.281918,37.80542]]}},{"type":"Feature","properties":{"name":"7th Street","kind":"major","eras":["1950","1965","1985"],"src":"osm"},"geometry":{"type":"LineString","coordinates":[[-122.293655,37.805006],[-122.293615,37.804997],[-122.293592,37.804992],[-122.293429,37.804957],[-122.293201,37.804907],[-122.292341,37.804718],[-122.291494,37.804532],[-122.291038,37.804432],[-122.29087,37.804395]]}},{"type":"Feature","properties":{"name":"Union Street","kind":"major","eras":["1950","1965","1985"],"src":"osm"},"geometry":{"type":"LineString","coordinates":[[-122.290522,37.804042],[-122.29071,37.803834],[-122.290963,37.803594]]}},{"type":"Feature","properties":{"name":"5th Street","kind":"major","eras":["1950","1965","1985"],"src":"osm"},"geometry":{"type":"LineString","coordinates":[[-122.289605,37.803223],[-122.290683,37.803518],[-122.290767,37.80354]]}},{"type":"Feature","properties":{"name":"5th Street","kind":"street","eras":["1950","1965","1985"],"src":"osm"},"geometry":{"type":"LineString","coordinates":[[-122.292786,37.803516],[-122.292668,37.803472],[-122.292497,37.803441],[-122.29232,37.803439],[-122.292148,37.803463]]}},{"type":"Feature","properties":{"name":"Middle Harbor Road","kind":"major","eras":["1950","1965","1985"],"src":"osm"},"geometry":{"type":"LineString","coordinates":[[-122.289657,37.800359],[-122.28976,37.800102],[-122.28982,37.799979],[-122.289906,37.799851],[-122.29,37.799742],[-122.290112,37.79964],[-122.290249,37.799546],[-122.290403,37.799464],[-122.290549,37.799403],[-122.29073,37.799342],[-122.290961,37.799295],[-122.292575,37.799017]]}},{"type":"Feature","properties":{"name":"Middle Harbor Road","kind":"major","eras":["1950","1965","1985"],"src":"osm"},"geometry":{"type":"LineString","coordinates":[[-122.289272,37.801103],[-122.289315,37.80106],[-122.289358,37.801017],[-122.289432,37.800919],[-122.289555,37.800659],[-122.289657,37.800359]]}},{"type":"Feature","properties":{"name":"Middle Harbor Road","kind":"major","eras":["1950","1965","1985"],"src":"osm"},"geometry":{"type":"LineString","coordinates":[[-122.292558,37.798935],[-122.290953,37.7992],[-122.290695,37.799247],[-122.290498,37.799308],[-122.290335,37.799383],[-122.290189,37.799464],[-122.290043,37.799566],[-122.289914,37.799688],[-122.289811,37.799803],[-122.289725,37.799939],[-122.289665,37.800061],[-122.289554,37.800332]]}},{"type":"Feature","properties":{"name":"Middle Harbor Road","kind":"major","eras":["1950","1965","1985"],"src":"osm"},"geometry":{"type":"LineString","coordinates":[[-122.300686,37.797226],[-122.302119,37.796989],[-122.302403,37.796955],[-122.302686,37.796948],[-122.302918,37.796948],[-122.303167,37.796975],[-122.303407,37.797009],[-122.303664,37.797063],[-122.303956,37.797158],[-122.304023,37.797187]]}},{"type":"Feature","properties":{"name":"Middle Harbor Road","kind":"major","eras":["1950","1965","1985"],"src":"osm"},"geometry":{"type":"LineString","coordinates":[[-122.293991,37.798711],[-122.293691,37.798732],[-122.293202,37.798827],[-122.292558,37.798935]]}},{"type":"Feature","properties":{"name":"Adeline Street","kind":"street","eras":["1950","1965","1985"],"src":"osm"},"geometry":{"type":"LineString","coordinates":[[-122.289572,37.800843],[-122.289669,37.800669],[-122.289803,37.800434],[-122.289828,37.800373],[-122.289837,37.800305],[-122.289837,37.800237],[-122.289828,37.800183],[-122.289803,37.800142],[-122.289721,37.800078],[-122.289631,37.800047],[-122.289571,37.800054],[-122.289537,37.800088],[-122.289281,37.800744],[-122.289235,37.800845],[-122.289203,37.800916],[-122.289179,37.800978],[-122.289161,37.801024],[-122.289143,37.80107]]}},{"type":"Feature","properties":{"name":"30th Street","kind":"street","eras":["1950","1965","1985"],"src":"osm"},"geometry":{"type":"LineString","coordinates":[[-122.277439,37.821061],[-122.277521,37.821079],[-122.277614,37.821099],[-122.277882,37.821158],[-122.278027,37.821193],[-122.278385,37.821278],[-122.278453,37.821294],[-122.278551,37.821317],[-122.27897,37.821413],[-122.279418,37.821516],[-122.27948,37.821531],[-122.279979,37.821643],[-122.280554,37.821775],[-122.280659,37.821799],[-122.281107,37.821903],[-122.281143,37.821911],[-122.281537,37.821998],[-122.281643,37.822021]]}},{"type":"Feature","properties":{"name":"Franklin Street","kind":"street","eras":["1950","1965","1985"],"src":"osm"},"geometry":{"type":"LineString","coordinates":[[-122.272985,37.799028],[-122.272929,37.799121],[-122.272621,37.79961],[-122.272609,37.79963],[-122.27256,37.799712],[-122.272554,37.799722],[-122.272548,37.799732],[-122.2725,37.799811],[-122.272351,37.800044],[-122.2722,37.800295],[-122.272183,37.800324],[-122.272128,37.800408],[-122.272075,37.800497],[-122.271862,37.800828],[-122.271845,37.800855],[-122.271749,37.80101],[-122.271607,37.801237],[-122.271536,37.801351],[-122.271318,37.801702],[-122.271269,37.80178]]}},{"type":"Feature","properties":{"name":"West Grand Avenue","kind":"major","eras":["1950","1965","1985"],"src":"osm"},"geometry":{"type":"LineString","coordinates":[[-122.266692,37.811523],[-122.266852,37.811552],[-122.267775,37.811716],[-122.267839,37.811728],[-122.267922,37.811743],[-122.268012,37.811759],[-122.268464,37.811839]]}},{"type":"Feature","properties":{"name":"West Grand Avenue","kind":"major","eras":["1950","1965","1985"],"src":"osm"},"geometry":{"type":"LineString","coordinates":[[-122.27473,37.812909],[-122.274626,37.812874],[-122.274489,37.812831],[-122.274372,37.8128],[-122.274269,37.812774],[-122.274201,37.812755],[-122.274174,37.812751],[-122.274062,37.812727]]}},{"type":"Feature","properties":{"name":"Kirkham Street","kind":"street","eras":["1950","1965","1985"],"src":"osm"},"geometry":{"type":"LineString","coordinates":[[-122.287479,37.818103],[-122.28717,37.818937],[-122.286912,37.819666]]}},{"type":"Feature","properties":{"name":"Magnolia Street","kind":"street","eras":["1950","1965","1985"],"src":"osm"},"geometry":{"type":"LineString","coordinates":[[-122.28336,37.820536],[-122.282726,37.822268],[-122.282581,37.822668],[-122.282484,37.822936],[-122.282309,37.823421],[-122.282097,37.824008],[-122.28201,37.824248],[-122.281903,37.824543],[-122.281646,37.825248],[-122.281466,37.825745],[-122.281137,37.826651],[-122.281003,37.827022]]}},{"type":"Feature","properties":{"name":"Northgate Avenue","kind":"major","eras":["1950","1965","1985"],"src":"osm"},"geometry":{"type":"LineString","coordinates":[[-122.27073,37.813366],[-122.270633,37.813519],[-122.27056,37.81366]]}},{"type":"Feature","properties":{"name":"Market Street","kind":"major","eras":["1950","1965","1985"],"src":"osm"},"geometry":{"type":"LineString","coordinates":[[-122.276534,37.820448],[-122.276581,37.820317],[-122.276676,37.82006],[-122.276679,37.820053],[-122.276679,37.819991]]}},{"type":"Feature","properties":{"name":"Northgate Avenue","kind":"major","eras":["1950","1965","1985"],"src":"osm"},"geometry":{"type":"LineString","coordinates":[[-122.271185,37.812957],[-122.271261,37.812822],[-122.271301,37.812727],[-122.271309,37.81271],[-122.271397,37.812483],[-122.271403,37.812468],[-122.271422,37.812422],[-122.271439,37.81238]]}},{"type":"Feature","properties":{"name":"Northgate Avenue","kind":"major","eras":["1950","1965","1985"],"src":"osm"},"geometry":{"type":"LineString","coordinates":[[-122.270653,37.813822],[-122.270723,37.813659],[-122.270851,37.81342]]}},{"type":"Feature","properties":{"name":"Martin Luther King Junior Way","kind":"major","eras":["1950","1965","1985"],"src":"osm"},"geometry":{"type":"LineString","coordinates":[[-122.272764,37.812609],[-122.272753,37.81265],[-122.272738,37.812702],[-122.272734,37.812718],[-122.272718,37.812784],[-122.272703,37.812849]]}},{"type":"Feature","properties":{"name":"Castro Street","kind":"street","eras":["1950","1965","1985"],"src":"osm"},"geometry":{"type":"LineString","coordinates":[[-122.274208,37.811289],[-122.274134,37.811318],[-122.27407,37.811343],[-122.273996,37.811372],[-122.273916,37.811399],[-122.273754,37.811442],[-122.27365,37.81147]]}},{"type":"Feature","properties":{"name":"Martin Luther King Junior Way","kind":"major","eras":["1950","1965","1985"],"src":"osm"},"geometry":{"type":"LineString","coordinates":[[-122.272915,37.812063],[-122.272993,37.811971],[-122.273049,37.811875]]}},{"type":"Feature","properties":{"name":"Nimitz Freeway","kind":"freeway","eras":["1965","1985"],"src":"osm"},"geometry":{"type":"LineString","coordinates":[[-122.296644,37.801837],[-122.29628,37.80176]]}},{"type":"Feature","properties":{"name":"Nimitz Freeway","kind":"freeway","eras":["1965","1985"],"src":"osm"},"geometry":{"type":"LineString","coordinates":[[-122.2932,37.820298],[-122.293141,37.820376],[-122.293074,37.820467],[-122.293003,37.820563],[-122.292929,37.820667],[-122.292864,37.82076],[-122.292785,37.820875],[-122.292705,37.820994],[-122.292635,37.821101],[-122.292565,37.821211],[-122.292496,37.821324],[-122.292431,37.821434],[-122.292358,37.821556],[-122.292282,37.821687],[-122.292199,37.821836],[-122.29211,37.821999]]}},{"type":"Feature","properties":{"name":"West Grand Avenue","kind":"major","eras":["1950","1965","1985"],"src":"osm"},"geometry":{"type":"LineString","coordinates":[[-122.278643,37.814556],[-122.278767,37.814598],[-122.278903,37.814637],[-122.279149,37.814687],[-122.279199,37.814694],[-122.279411,37.81472],[-122.279555,37.814729],[-122.279723,37.81474],[-122.279827,37.814747],[-122.279967,37.814757],[-122.280216,37.814782],[-122.280487,37.814824],[-122.280758,37.814884],[-122.280868,37.81491],[-122.281577,37.815072],[-122.281649,37.815089],[-122.281815,37.815127],[-122.2819,37.815146],[-122.282873,37.815366],[-122.283045,37.815406],[-122.283848,37.815591],[-122.283966,37.815618],[-122.284093,37.815646],[-122.284622,37.815764],[-122.285048,37.815859]]}},{"type":"Feature","properties":{"name":"Frontage Road","kind":"major","eras":["1950","1965","1985"],"src":"osm"},"geometry":{"type":"LineString","coordinates":[[-122.298177,37.815573],[-122.299115,37.814891],[-122.299887,37.814334],[-122.300636,37.813788],[-122.301364,37.813255],[-122.302044,37.812756],[-122.302161,37.812669],[-122.30228,37.81258],[-122.3024,37.812486],[-122.302515,37.812389],[-122.302629,37.812287],[-122.302735,37.812188],[-122.302842,37.812081],[-122.302939,37.811982],[-122.303036,37.811877],[-122.303086,37.811819],[-122.303132,37.811764],[-122.303215,37.811662],[-122.303308,37.811542],[-122.303387,37.811432],[-122.30347,37.81131],[-122.30354,37.811202],[-122.303616,37.811077],[-122.303683,37.810957],[-122.303758,37.810807],[-122.303815,37.810686],[-122.303871,37.810558],[-122.303922,37.810432],[-122.303968,37.810305],[-122.304009,37.81018],[-122.304047,37.810053],[-122.304082,37.809924],[-122.304111,37.809795],[-122.304136,37.809668],[-122.304158,37.809533],[-122.304175,37.809393]]}},{"type":"Feature","properties":{"name":"7th Street","kind":"major","eras":["1950","1965","1985"],"src":"osm"},"geometry":{"type":"LineString","coordinates":[[-122.297064,37.805794],[-122.297146,37.805852],[-122.297228,37.805871],[-122.297792,37.806001]]}},{"type":"Feature","properties":{"name":"Cypress Street","kind":"major","eras":["1950"],"src":"osm"},"geometry":{"type":"LineString","coordinates":[[-122.293481,37.805527],[-122.293606,37.805169],[-122.293634,37.805081]]}},{"type":"Feature","properties":{"name":"Cypress Structure \u00b7 Nimitz Fwy","kind":"freeway","eras":["1965","1985"],"src":"osm"},"geometry":{"type":"LineString","coordinates":[[-122.293481,37.805527],[-122.293606,37.805169],[-122.293634,37.805081]]}},{"type":"Feature","properties":{"name":"Cypress Street","kind":"major","eras":["1950"],"src":"osm"},"geometry":{"type":"LineString","coordinates":[[-122.293566,37.805068],[-122.293522,37.805102],[-122.293492,37.805144],[-122.293353,37.805527],[-122.293279,37.80573],[-122.293192,37.805965],[-122.293157,37.806049]]}},{"type":"Feature","properties":{"name":"Cypress Structure \u00b7 Nimitz Fwy","kind":"freeway","eras":["1965","1985"],"src":"osm"},"geometry":{"type":"LineString","coordinates":[[-122.293566,37.805068],[-122.293522,37.805102],[-122.293492,37.805144],[-122.293353,37.805527],[-122.293279,37.80573],[-122.293192,37.805965],[-122.293157,37.806049]]}},{"type":"Feature","properties":{"name":"Peralta Street","kind":"street","eras":["1950","1965","1985"],"src":"osm"},"geometry":{"type":"LineString","coordinates":[[-122.289968,37.816394],[-122.290089,37.816245],[-122.290157,37.816161],[-122.290555,37.815671],[-122.290659,37.815537],[-122.290712,37.815432]]}},{"type":"Feature","properties":{"name":"Adeline Street","kind":"major","eras":["1950","1965","1985"],"src":"osm"},"geometry":{"type":"LineString","coordinates":[[-122.288586,37.802794],[-122.288704,37.80271],[-122.288769,37.802526],[-122.288913,37.80212],[-122.28892,37.801907]]}},{"type":"Feature","properties":{"name":"Adeline Street","kind":"major","eras":["1950","1965","1985"],"src":"osm"},"geometry":{"type":"LineString","coordinates":[[-122.288586,37.802794],[-122.288534,37.80293]]}},{"type":"Feature","properties":{"name":"Adeline Street","kind":"major","eras":["1950","1965","1985"],"src":"osm"},"geometry":{"type":"LineString","coordinates":[[-122.28879,37.802115],[-122.288719,37.802316],[-122.288637,37.802543],[-122.288595,37.80267],[-122.288586,37.802794]]}},{"type":"Feature","properties":{"name":"Jefferson Street","kind":"street","eras":["1950","1965","1985"],"src":"osm"},"geometry":{"type":"LineString","coordinates":[[-122.280347,37.796843],[-122.280022,37.79737],[-122.280001,37.797405],[-122.279958,37.797474],[-122.279938,37.797507],[-122.279907,37.797558],[-122.279884,37.797593],[-122.279796,37.797724],[-122.279689,37.797895],[-122.279619,37.798005],[-122.279573,37.798079],[-122.279518,37.798166]]}},{"type":"Feature","properties":{"name":"Embarcadero West","kind":"street","eras":["1950","1965","1985"],"src":"osm"},"geometry":{"type":"LineString","coordinates":[[-122.279158,37.796369],[-122.280347,37.796843]]}},{"type":"Feature","properties":{"name":"Myrtle Street","kind":"street","eras":["1950","1965","1985"],"src":"osm"},"geometry":{"type":"LineString","coordinates":[[-122.283724,37.803904],[-122.283682,37.804017],[-122.283568,37.804323],[-122.283531,37.804403],[-122.283194,37.805315],[-122.283147,37.805372],[-122.2831,37.805439],[-122.283042,37.805583],[-122.283003,37.80568]]}},{"type":"Feature","properties":{"name":"Village Circle","kind":"street","eras":["1950","1965","1985"],"src":"osm"},"geometry":{"type":"LineString","coordinates":[[-122.283001,37.804078],[-122.282933,37.804269],[-122.282583,37.805246],[-122.283017,37.805343],[-122.283147,37.805372],[-122.28327,37.805399],[-122.283758,37.805509],[-122.284108,37.804532],[-122.283646,37.804429],[-122.283531,37.804403],[-122.283419,37.804378],[-122.282933,37.804269]]}},{"type":"Feature","properties":{"name":"Market Street","kind":"major","eras":["1950","1965","1985"],"src":"osm"},"geometry":{"type":"LineString","coordinates":[[-122.279587,37.811951],[-122.279554,37.812041],[-122.279541,37.812079],[-122.279431,37.812384],[-122.279404,37.812452],[-122.279194,37.813029],[-122.279152,37.81315],[-122.279132,37.813207],[-122.279061,37.813413],[-122.279036,37.813479],[-122.278897,37.813848]]}},{"type":"Feature","properties":{"name":"Nimitz Freeway","kind":"freeway","eras":["1965","1985"],"src":"osm"},"geometry":{"type":"LineString","coordinates":[[-122.304848,37.807614],[-122.304818,37.807474],[-122.304789,37.807343],[-122.304755,37.807213],[-122.304719,37.807086],[-122.304678,37.806956],[-122.304636,37.806827],[-122.304591,37.806702],[-122.304543,37.806577],[-122.30449,37.806451],[-122.304436,37.806327],[-122.304378,37.806203],[-122.304317,37.806082],[-122.304253,37.80596],[-122.304188,37.80584],[-122.304118,37.80572],[-122.304045,37.805601],[-122.303969,37.805484],[-122.303891,37.805369],[-122.303809,37.805254],[-122.303726,37.805141],[-122.30364,37.805028],[-122.303551,37.804918],[-122.303459,37.804809],[-122.303365,37.804701],[-122.303266,37.804594],[-122.303168,37.80449],[-122.303064,37.804386],[-122.302959,37.804284],[-122.302853,37.804184],[-122.302741,37.804085],[-122.30263,37.803987],[-122.302515,37.803893],[-122.3024,37.803801],[-122.302279,37.80371]]}},{"type":"Feature","properties":{"name":"Nimitz Freeway","kind":"freeway","eras":["1965","1985"],"src":"osm"},"geometry":{"type":"LineString","coordinates":[[-122.304464,37.807543],[-122.304476,37.807605],[-122.3045,37.807734],[-122.30452,37.807856],[-122.304539,37.807986],[-122.30455,37.808092]]}},{"type":"Feature","properties":{"name":"Webster Place","kind":"street","eras":["1950","1965","1985"],"src":"osm"},"geometry":{"type":"LineString","coordinates":[[-122.272048,37.796899],[-122.272003,37.796965],[-122.271992,37.796982],[-122.271599,37.79757],[-122.271569,37.797615]]}},{"type":"Feature","properties":{"name":"Embarcadero West","kind":"street","eras":["1950","1965","1985"],"src":"osm"},"geometry":{"type":"LineString","coordinates":[[-122.289776,37.798751],[-122.288071,37.798917],[-122.287902,37.798924],[-122.287756,37.798916],[-122.287613,37.798901],[-122.28755,37.79889],[-122.28747,37.798875],[-122.285562,37.798446],[-122.285327,37.798385],[-122.285093,37.798312],[-122.284745,37.798195],[-122.284731,37.798191],[-122.284579,37.798139],[-122.284386,37.798089],[-122.284193,37.798039],[-122.283906,37.797956],[-122.283608,37.797864],[-122.28333,37.797776],[-122.283069,37.797688],[-122.282835,37.797601],[-122.281772,37.7972],[-122.281626,37.797145]]}},{"type":"Feature","properties":{"name":"Nimitz Freeway","kind":"freeway","eras":["1965","1985"],"src":"osm"},"geometry":{"type":"LineString","coordinates":[[-122.29628,37.80176],[-122.29603,37.801747],[-122.295889,37.801744],[-122.295736,37.80174],[-122.295574,37.80174],[-122.29541,37.801743],[-122.29524,37.801753],[-122.295072,37.801762],[-122.293916,37.801839],[-122.293753,37.801852],[-122.293587,37.801865],[-122.293425,37.801884],[-122.293262,37.801909],[-122.2931,37.801941],[-122.29294,37.801981],[-122.292787,37.802026],[-122.292632,37.802079],[-122.292484,37.802137],[-122.292338,37.802202],[-122.292198,37.802273],[-122.292079,37.802341],[-122.291949,37.802422],[-122.291821,37.80251],[-122.291691,37.802612],[-122.291577,37.802714],[-122.291465,37.802822]]}},{"type":"Feature","properties":{"name":"Poplar Street","kind":"street","eras":["1950","1965","1985"],"src":"osm"},"geometry":{"type":"LineString","coordinates":[[-122.289278,37.810318],[-122.289266,37.81035],[-122.289247,37.810403],[-122.289229,37.810446],[-122.289045,37.810929],[-122.288734,37.811772],[-122.288449,37.812558],[-122.288332,37.812907],[-122.2882,37.813246],[-122.287935,37.813968],[-122.287711,37.814607],[-122.287529,37.815131],[-122.287177,37.81611],[-122.287165,37.816144],[-122.287136,37.816223],[-122.287096,37.816331]]}},{"type":"Feature","properties":{"name":"Union Street","kind":"major","eras":["1950","1965","1985"],"src":"osm"},"geometry":{"type":"LineString","coordinates":[[-122.290522,37.804042],[-122.290466,37.804154],[-122.290401,37.804292]]}},{"type":"Feature","properties":{"name":"Nimitz Freeway","kind":"freeway","eras":["1965","1985"],"src":"osm"},"geometry":{"type":"LineString","coordinates":[[-122.299699,37.822316],[-122.298397,37.821732],[-122.298252,37.821667],[-122.298113,37.821595],[-122.297976,37.821519],[-122.297846,37.821437],[-122.297724,37.821351],[-122.297603,37.82126],[-122.297489,37.821164],[-122.297385,37.821066],[-122.297288,37.820965],[-122.297189,37.820852],[-122.2971,37.82074],[-122.297021,37.820628],[-122.296946,37.820508],[-122.296879,37.820383],[-122.296822,37.820258],[-122.296771,37.820134],[-122.296729,37.820007],[-122.296696,37.819881],[-122.296669,37.819746],[-122.296653,37.819619],[-122.296642,37.819487],[-122.29664,37.819358],[-122.296646,37.819227],[-122.296662,37.819095],[-122.296686,37.818964],[-122.296717,37.81884],[-122.296757,37.818706],[-122.296804,37.818582],[-122.296859,37.818459],[-122.296922,37.818337]]}},{"type":"Feature","properties":{"name":"Peralta Street","kind":"street","eras":["1950","1965","1985"],"src":"osm"},"geometry":{"type":"LineString","coordinates":[[-122.288386,37.818346],[-122.288172,37.818616],[-122.288018,37.818809],[-122.287567,37.819376],[-122.28733,37.819675],[-122.287271,37.819747],[-122.287214,37.819818],[-122.287045,37.82003]]}},{"type":"Feature","properties":{"name":"Embarcadero West","kind":"street","eras":["1950","1965","1985"],"src":"osm"},"geometry":{"type":"LineString","coordinates":[[-122.281626,37.797145],[-122.281522,37.797105],[-122.280438,37.796683],[-122.279458,37.796313],[-122.279243,37.796233],[-122.279145,37.796197],[-122.278584,37.795991],[-122.278173,37.79584],[-122.278075,37.795804],[-122.27797,37.795763],[-122.277008,37.795393],[-122.27696,37.795374],[-122.276874,37.795342]]}},{"type":"Feature","properties":{"name":"Nimitz Freeway","kind":"freeway","eras":["1985"],"src":"osm"},"geometry":{"type":"LineString","coordinates":[[-122.276509,37.808636],[-122.276206,37.809098],[-122.276046,37.809338],[-122.275819,37.809674],[-122.2757,37.809852],[-122.27553,37.810106],[-122.275445,37.810245],[-122.275291,37.810508]]}},{"type":"Feature","properties":{"name":"Clay Street","kind":"street","eras":["1950","1965","1985"],"src":"osm"},"geometry":{"type":"LineString","coordinates":[[-122.277633,37.798833],[-122.27752,37.799013],[-122.277475,37.799085]]}},{"type":"Feature","properties":{"name":"Nimitz Freeway","kind":"freeway","eras":["1985"],"src":"osm"},"geometry":{"type":"LineString","coordinates":[[-122.269286,37.81922],[-122.269228,37.819551]]}},{"type":"Feature","properties":{"name":"Nimitz Freeway","kind":"freeway","eras":["1985"],"src":"osm"},"geometry":{"type":"LineString","coordinates":[[-122.270332,37.81637],[-122.270149,37.816741],[-122.270102,37.816848],[-122.270066,37.816949]]}},{"type":"Feature","properties":{"name":"West Street","kind":"major","eras":["1950","1965","1985"],"src":"osm"},"geometry":{"type":"LineString","coordinates":[[-122.280693,37.805796],[-122.280765,37.805751],[-122.280917,37.805641],[-122.281004,37.805584],[-122.281086,37.805537],[-122.281183,37.805495],[-122.281291,37.805459],[-122.281404,37.805428],[-122.281536,37.805375]]}},{"type":"Feature","properties":{"name":"12th Street","kind":"street","eras":["1950","1965","1985"],"src":"osm"},"geometry":{"type":"LineString","coordinates":[[-122.281398,37.806623],[-122.281513,37.806677],[-122.281611,37.806723],[-122.28247,37.807119],[-122.282541,37.807151],[-122.282604,37.807171],[-122.282677,37.80719],[-122.282918,37.807247],[-122.283476,37.807377],[-122.283858,37.807465],[-122.284196,37.807542],[-122.284433,37.807597],[-122.284454,37.807601],[-122.284501,37.807612],[-122.284627,37.80764],[-122.285603,37.807855],[-122.286212,37.808002],[-122.286569,37.808084],[-122.286676,37.808107],[-122.28674,37.808122],[-122.286802,37.808136],[-122.287696,37.808338],[-122.287764,37.808354],[-122.288843,37.808597]]}},{"type":"Feature","properties":{"name":"Telegraph Avenue","kind":"major","eras":["1950","1965","1985"],"src":"osm"},"geometry":{"type":"LineString","coordinates":[[-122.268489,37.813891],[-122.268524,37.813752],[-122.268566,37.813589],[-122.268582,37.813523],[-122.268595,37.813472]]}},{"type":"Feature","properties":{"name":"Washington Street","kind":"street","eras":["1950","1965","1985"],"src":"osm"},"geometry":{"type":"LineString","coordinates":[[-122.276292,37.798621],[-122.276258,37.798675],[-122.275941,37.799183],[-122.27591,37.799233],[-122.275866,37.799304]]}},{"type":"Feature","properties":{"name":"Clay Street","kind":"street","eras":["1950","1965","1985"],"src":"osm"},"geometry":{"type":"LineString","coordinates":[[-122.279243,37.796233],[-122.279207,37.796292],[-122.279183,37.796329],[-122.279158,37.796369]]}},{"type":"Feature","properties":{"name":"I-980 \u00b7 Grove Shafter Fwy","kind":"freeway","eras":["1985"],"src":"osm"},"geometry":{"type":"LineString","coordinates":[[-122.270332,37.81637],[-122.270165,37.816981]]}},{"type":"Feature","properties":{"name":"I-980 \u00b7 Grove Shafter Fwy","kind":"freeway","eras":["1985"],"src":"osm"},"geometry":{"type":"LineString","coordinates":[[-122.276259,37.809584],[-122.276431,37.809346],[-122.276855,37.80874],[-122.277022,37.808498],[-122.277188,37.80826],[-122.27735,37.808022],[-122.277513,37.807778],[-122.277671,37.807532],[-122.277828,37.807285],[-122.278289,37.806555],[-122.278443,37.806309],[-122.278597,37.806061],[-122.278747,37.805815],[-122.279047,37.805322],[-122.279195,37.805076],[-122.279345,37.80483],[-122.279646,37.804338]]}},{"type":"Feature","properties":{"name":"I-980 \u00b7 Grove Shafter Fwy","kind":"freeway","eras":["1985"],"src":"osm"},"geometry":{"type":"LineString","coordinates":[[-122.275291,37.810508],[-122.275204,37.810621],[-122.275116,37.810733],[-122.275026,37.810844],[-122.27493,37.810954],[-122.274834,37.811062]]}},{"type":"Feature","properties":{"name":"Nimitz Freeway","kind":"freeway","eras":["1965","1985"],"src":"osm"},"geometry":{"type":"LineString","coordinates":[[-122.301139,37.814481],[-122.302072,37.813735],[-122.302186,37.813643],[-122.302303,37.81355],[-122.302419,37.813456],[-122.302534,37.813362],[-122.302648,37.813268],[-122.302761,37.813171],[-122.302871,37.813072],[-122.302978,37.812972],[-122.303084,37.812869],[-122.303186,37.812766],[-122.303287,37.812662],[-122.303384,37.812555],[-122.303477,37.812447],[-122.30357,37.812336],[-122.303661,37.812225],[-122.303746,37.812114],[-122.303831,37.812001],[-122.303912,37.811886],[-122.30399,37.81177],[-122.304064,37.811654],[-122.304136,37.811537],[-122.304206,37.811416]]}},{"type":"Feature","properties":{"name":"Nimitz Freeway","kind":"freeway","eras":["1965","1985"],"src":"osm"},"geometry":{"type":"LineString","coordinates":[[-122.304554,37.808786],[-122.304548,37.808915],[-122.304539,37.809046],[-122.304527,37.80918],[-122.304513,37.809306],[-122.304493,37.809438],[-122.304471,37.809569],[-122.304446,37.809699],[-122.304418,37.809826],[-122.304387,37.809955],[-122.304351,37.810083],[-122.304312,37.810208],[-122.30427,37.810333],[-122.304224,37.810459],[-122.304175,37.810586],[-122.304125,37.810708],[-122.30407,37.810832],[-122.304012,37.810955],[-122.30395,37.811078],[-122.303885,37.811197],[-122.303804,37.81134],[-122.303734,37.811458],[-122.303662,37.811573],[-122.303584,37.811692],[-122.303503,37.811809],[-122.303422,37.811921],[-122.303335,37.812035],[-122.303247,37.812147],[-122.303156,37.812255],[-122.303061,37.812364],[-122.302965,37.81247],[-122.302864,37.812576],[-122.302761,37.812679],[-122.302656,37.812781],[-122.302549,37.812882],[-122.302439,37.81298],[-122.302326,37.813075],[-122.30221,37.81317],[-122.302093,37.813261],[-122.301974,37.813352],[-122.30185,37.813441],[-122.301725,37.813528],[-122.3016,37.813613],[-122.301067,37.813977]]}},{"type":"Feature","properties":{"name":"Nimitz Freeway","kind":"freeway","eras":["1965","1985"],"src":"osm"},"geometry":{"type":"LineString","coordinates":[[-122.294511,37.819172],[-122.294261,37.819511],[-122.293991,37.819842],[-122.293091,37.820946],[-122.292916,37.82116],[-122.292735,37.82139],[-122.292565,37.821616],[-122.2924,37.821844],[-122.292241,37.822076],[-122.292088,37.822308],[-122.29194,37.822544],[-122.291798,37.822784],[-122.291661,37.823025],[-122.291533,37.823262],[-122.291408,37.823507],[-122.291288,37.823753]]}},{"type":"Feature","properties":{"name":"Nimitz Freeway","kind":"freeway","eras":["1965","1985"],"src":"osm"},"geometry":{"type":"LineString","coordinates":[[-122.281055,37.801006],[-122.281762,37.801275],[-122.282151,37.801428],[-122.282489,37.801566]]}},{"type":"Feature","properties":{"name":"Nimitz Freeway","kind":"freeway","eras":["1965","1985"],"src":"osm"},"geometry":{"type":"LineString","coordinates":[[-122.271769,37.797156],[-122.270749,37.796767],[-122.270089,37.796512]]}},{"type":"Feature","properties":{"name":"Nimitz Freeway","kind":"freeway","eras":["1965","1985"],"src":"osm"},"geometry":{"type":"LineString","coordinates":[[-122.301067,37.813977],[-122.300684,37.814238]]}},{"type":"Feature","properties":{"name":"Poplar Way","kind":"street","eras":["1950","1965","1985"],"src":"osm"},"geometry":{"type":"LineString","coordinates":[[-122.29039,37.808214],[-122.29024,37.808639],[-122.290221,37.808692]]}},{"type":"Feature","properties":{"name":"Nimitz Freeway","kind":"freeway","eras":["1985"],"src":"osm"},"geometry":{"type":"LineString","coordinates":[[-122.269791,37.816679],[-122.269786,37.816762],[-122.269657,37.817307]]}},{"type":"Feature","properties":{"name":"Market Street","kind":"street","eras":["1950","1965","1985"],"src":"osm"},"geometry":{"type":"LineString","coordinates":[[-122.283053,37.802004],[-122.28301,37.802139],[-122.283,37.802165],[-122.282955,37.802283],[-122.282918,37.802379]]}},{"type":"Feature","properties":{"name":"Market Street","kind":"major","eras":["1950","1965","1985"],"src":"osm"},"geometry":{"type":"LineString","coordinates":[[-122.279794,37.811421],[-122.279856,37.811247],[-122.279893,37.811141],[-122.279927,37.81105],[-122.280323,37.809961]]}},{"type":"Feature","properties":{"name":"Martin Luther King Junior Way","kind":"street","eras":["1950","1965","1985"],"src":"osm"},"geometry":{"type":"LineString","coordinates":[[-122.282205,37.796264],[-122.282164,37.796334],[-122.282053,37.796464],[-122.281661,37.797089],[-122.281626,37.797145]]}},{"type":"Feature","properties":{"name":"Willow Street","kind":"street","eras":["1950","1965","1985"],"src":"osm"},"geometry":{"type":"LineString","coordinates":[[-122.300456,37.807747],[-122.300428,37.807797],[-122.300269,37.807996],[-122.300125,37.808178],[-122.300064,37.808254],[-122.299564,37.808887],[-122.299517,37.808947],[-122.29947,37.809004],[-122.298974,37.809604],[-122.298946,37.809638],[-122.298893,37.809703],[-122.298857,37.809747],[-122.298833,37.809777],[-122.298284,37.810463],[-122.297766,37.81111],[-122.297736,37.811147],[-122.297672,37.811228],[-122.297619,37.811294],[-122.297593,37.811326],[-122.297112,37.811927],[-122.297057,37.811996],[-122.297023,37.81204],[-122.296632,37.812539],[-122.296598,37.812582],[-122.296538,37.812659],[-122.296512,37.812689],[-122.296479,37.812731],[-122.296466,37.812746],[-122.29607,37.81323],[-122.29601,37.813304],[-122.295976,37.813346],[-122.295531,37.813902],[-122.295508,37.813931],[-122.29545,37.814003]]}},{"type":"Feature","properties":{"name":"11th Street","kind":"street","eras":["1950","1965","1985"],"src":"osm"},"geometry":{"type":"LineString","coordinates":[[-122.295704,37.809178],[-122.296988,37.809811],[-122.297329,37.809982],[-122.298207,37.810424],[-122.298284,37.810463],[-122.298378,37.81051],[-122.298671,37.810657],[-122.298878,37.810761],[-122.299496,37.811072],[-122.299561,37.811105],[-122.299672,37.811161],[-122.299954,37.811302]]}},{"type":"Feature","properties":{"name":"Pine Street","kind":"street","eras":["1950","1965","1985"],"src":"osm"},"geometry":{"type":"LineString","coordinates":[[-122.303502,37.808042],[-122.303515,37.808073],[-122.303513,37.808102],[-122.30344,37.808314],[-122.303351,37.808593],[-122.303333,37.808647],[-122.303296,37.808707],[-122.303257,37.808769],[-122.303233,37.808799],[-122.302753,37.8094],[-122.302671,37.809504],[-122.302157,37.810157],[-122.302132,37.810188],[-122.302094,37.810237],[-122.302049,37.810291],[-122.302025,37.81032],[-122.301676,37.810747],[-122.301475,37.810997]]}},{"type":"Feature","properties":{"name":"Wood Street","kind":"street","eras":["1950","1965","1985"],"src":"osm"},"geometry":{"type":"LineString","coordinates":[[-122.302498,37.806712],[-122.302387,37.807003]]}},{"type":"Feature","properties":{"name":"Peralta Street","kind":"street","eras":["1950","1965","1985"],"src":"osm"},"geometry":{"type":"LineString","coordinates":[[-122.298169,37.806089],[-122.298257,37.805979]]}},{"type":"Feature","properties":{"name":"7th Street","kind":"major","eras":["1950","1965","1985"],"src":"osm"},"geometry":{"type":"LineString","coordinates":[[-122.30522,37.807878],[-122.304036,37.80763]]}},{"type":"Feature","properties":{"name":"7th Street","kind":"major","eras":["1950","1965","1985"],"src":"osm"},"geometry":{"type":"LineString","coordinates":[[-122.270116,37.797905],[-122.269549,37.797679],[-122.269443,37.797637]]}},{"type":"Feature","properties":{"name":"Market Street","kind":"street","eras":["1950","1965","1985"],"src":"osm"},"geometry":{"type":"LineString","coordinates":[[-122.283186,37.802063],[-122.283391,37.801485],[-122.283427,37.801386],[-122.28346,37.801292],[-122.283528,37.801101]]}},{"type":"Feature","properties":{"name":"Market Street","kind":"major","eras":["1950","1965","1985"],"src":"osm"},"geometry":{"type":"LineString","coordinates":[[-122.282826,37.802824],[-122.28281,37.802919],[-122.282784,37.80303],[-122.282749,37.803138],[-122.282696,37.803289]]}},{"type":"Feature","properties":{"name":"12th Street","kind":"street","eras":["1950","1965","1985"],"src":"osm"},"geometry":{"type":"LineString","coordinates":[[-122.29896,37.81186],[-122.29907,37.811915],[-122.299234,37.811998],[-122.299714,37.812241],[-122.300148,37.812461],[-122.300194,37.812475],[-122.300243,37.812477]]}},{"type":"Feature","properties":{"name":"Brush Street","kind":"major","eras":["1950","1965","1985"],"src":"osm"},"geometry":{"type":"LineString","coordinates":[[-122.279958,37.805189],[-122.280014,37.805101],[-122.280242,37.804736],[-122.280317,37.804612],[-122.280353,37.80455],[-122.280388,37.804487],[-122.280421,37.804421],[-122.280449,37.804358],[-122.280473,37.804292],[-122.280495,37.80422],[-122.280514,37.804144],[-122.280588,37.803799],[-122.280626,37.803625],[-122.280641,37.803565],[-122.280659,37.803496],[-122.280682,37.803428],[-122.280708,37.803361],[-122.280738,37.803294],[-122.280775,37.803224],[-122.280819,37.803149],[-122.280902,37.803016],[-122.280986,37.802882],[-122.281218,37.80251],[-122.28127,37.802428],[-122.281353,37.802297]]}},{"type":"Feature","properties":{"name":"I-980 \u00b7 Grove Shafter Fwy","kind":"freeway","eras":["1985"],"src":"osm"},"geometry":{"type":"LineString","coordinates":[[-122.269712,37.818634],[-122.269622,37.818961]]}},{"type":"Feature","properties":{"name":"I-980 \u00b7 Grove Shafter Fwy","kind":"freeway","eras":["1985"],"src":"osm"},"geometry":{"type":"LineString","coordinates":[[-122.269996,37.819047],[-122.270085,37.818721]]}},{"type":"Feature","properties":{"name":"I-980 \u00b7 Grove Shafter Fwy","kind":"freeway","eras":["1985"],"src":"osm"},"geometry":{"type":"LineString","coordinates":[[-122.269622,37.818961],[-122.269539,37.819261]]}},{"type":"Feature","properties":{"name":"I-980 \u00b7 Grove Shafter Fwy","kind":"freeway","eras":["1985"],"src":"osm"},"geometry":{"type":"LineString","coordinates":[[-122.270085,37.818721],[-122.270167,37.81842],[-122.270243,37.81815],[-122.270322,37.817886],[-122.270403,37.817617],[-122.270531,37.817219]]}},{"type":"Feature","properties":{"name":"Harrison Street","kind":"major","eras":["1950","1965","1985"],"src":"osm"},"geometry":{"type":"LineString","coordinates":[[-122.270953,37.797558],[-122.270869,37.797692]]}},{"type":"Feature","properties":{"name":"Nimitz Freeway","kind":"freeway","eras":["1965","1985"],"src":"osm"},"geometry":{"type":"LineString","coordinates":[[-122.300031,37.814635],[-122.299869,37.814743],[-122.299744,37.814826],[-122.299611,37.814909],[-122.299482,37.814988],[-122.299349,37.81507],[-122.298957,37.815312],[-122.298832,37.815388],[-122.298705,37.815466],[-122.298437,37.815634],[-122.298182,37.815799],[-122.297928,37.815972],[-122.297682,37.816145],[-122.29744,37.816322],[-122.297198,37.816506],[-122.297077,37.816601],[-122.296962,37.816692],[-122.296846,37.816786],[-122.296737,37.816878],[-122.296621,37.816976],[-122.296506,37.817074],[-122.296399,37.817169],[-122.296281,37.817273],[-122.296176,37.817368],[-122.296069,37.817468],[-122.295959,37.817573],[-122.295854,37.817674],[-122.295751,37.817775],[-122.295646,37.817881],[-122.295547,37.817981],[-122.295443,37.818089],[-122.295345,37.818194],[-122.295249,37.818299],[-122.295152,37.818407],[-122.29506,37.818511],[-122.294964,37.818623],[-122.294867,37.818736],[-122.294779,37.818842],[-122.294693,37.818947],[-122.294511,37.819172]]}},{"type":"Feature","properties":{"name":"Union Street","kind":"street","eras":["1950","1965","1985"],"src":"osm"},"geometry":{"type":"LineString","coordinates":[[-122.290371,37.804377],[-122.290336,37.804471],[-122.290301,37.804565],[-122.290289,37.804597],[-122.290204,37.804876],[-122.290119,37.805114],[-122.290036,37.805347],[-122.289969,37.805528],[-122.289898,37.805718],[-122.289836,37.80589],[-122.289806,37.80598],[-122.289703,37.806255],[-122.289649,37.806404],[-122.289586,37.806575],[-122.289572,37.806617],[-122.289491,37.80685],[-122.289428,37.807029],[-122.289417,37.807063],[-122.289396,37.80713]]}},{"type":"Feature","properties":{"name":"Webster Street","kind":"major","eras":["1950","1965","1985"],"src":"osm"},"geometry":{"type":"LineString","coordinates":[[-122.272282,37.797892],[-122.272414,37.797725],[-122.272745,37.79739],[-122.272866,37.797241],[-122.272943,37.797146],[-122.273286,37.796693]]}},{"type":"Feature","properties":{"name":"Nimitz Freeway","kind":"freeway","eras":["1985"],"src":"osm"},"geometry":{"type":"LineString","coordinates":[[-122.26935,37.818898],[-122.269316,37.819061],[-122.269286,37.81922]]}},{"type":"Feature","properties":{"name":"Nimitz Freeway","kind":"freeway","eras":["1985"],"src":"osm"},"geometry":{"type":"LineString","coordinates":[[-122.269424,37.818567],[-122.26935,37.818898]]}},{"type":"Feature","properties":{"name":"Nimitz Freeway","kind":"freeway","eras":["1985"],"src":"osm"},"geometry":{"type":"LineString","coordinates":[[-122.270417,37.819145],[-122.270499,37.818817]]}},{"type":"Feature","properties":{"name":"Nimitz Freeway","kind":"freeway","eras":["1985"],"src":"osm"},"geometry":{"type":"LineString","coordinates":[[-122.270258,37.819108],[-122.270383,37.818791]]}},{"type":"Feature","properties":{"name":"Nimitz Freeway","kind":"freeway","eras":["1985"],"src":"osm"},"geometry":{"type":"LineString","coordinates":[[-122.269441,37.818918],[-122.269342,37.819229]]}},{"type":"Feature","properties":{"name":"Nimitz Freeway","kind":"freeway","eras":["1985"],"src":"osm"},"geometry":{"type":"LineString","coordinates":[[-122.270183,37.819091],[-122.270259,37.818761]]}},{"type":"Feature","properties":{"name":"Nimitz Freeway","kind":"freeway","eras":["1985"],"src":"osm"},"geometry":{"type":"LineString","coordinates":[[-122.269545,37.818595],[-122.269441,37.818918]]}},{"type":"Feature","properties":{"name":"Nimitz Freeway","kind":"freeway","eras":["1965","1985"],"src":"osm"},"geometry":{"type":"LineString","coordinates":[[-122.300088,37.814688],[-122.299271,37.815241],[-122.298522,37.815751],[-122.297599,37.81638],[-122.297477,37.816464],[-122.297355,37.816553],[-122.297239,37.816645],[-122.297126,37.816742],[-122.297018,37.816843],[-122.296918,37.816943],[-122.296819,37.817051],[-122.296729,37.817159],[-122.29664,37.817274],[-122.29656,37.817387],[-122.296486,37.817505],[-122.296416,37.817628],[-122.296355,37.817749],[-122.296298,37.817874],[-122.296249,37.817998],[-122.296205,37.818126],[-122.296166,37.818257],[-122.296135,37.818385],[-122.296112,37.818512],[-122.296093,37.818643],[-122.296083,37.818775],[-122.296078,37.818907],[-122.296081,37.819039],[-122.29609,37.819172],[-122.296106,37.819302],[-122.296128,37.819433],[-122.296157,37.819562],[-122.296192,37.819691],[-122.296234,37.819817],[-122.296281,37.819945],[-122.296336,37.820071],[-122.296396,37.820191],[-122.296466,37.820316],[-122.296538,37.820432],[-122.296617,37.820548],[-122.296698,37.820659],[-122.296786,37.820766],[-122.296882,37.820875],[-122.296986,37.820982],[-122.297095,37.821087],[-122.29719,37.821171],[-122.297292,37.821255],[-122.297391,37.821331],[-122.297512,37.821418],[-122.297642,37.821504],[-122.297776,37.821584],[-122.297913,37.82166],[-122.297985,37.821698],[-122.29805,37.821732],[-122.298124,37.821767],[-122.298196,37.821799],[-122.299642,37.822447]]}},{"type":"Feature","properties":{"name":"Nimitz Freeway","kind":"freeway","eras":["1965","1985"],"src":"osm"},"geometry":{"type":"LineString","coordinates":[[-122.274804,37.798019],[-122.274185,37.797852],[-122.27398,37.797798],[-122.273871,37.797769]]}},{"type":"Feature","properties":{"name":"Nimitz Freeway","kind":"freeway","eras":["1985"],"src":"osm"},"geometry":{"type":"LineString","coordinates":[[-122.270259,37.818761],[-122.270368,37.818263],[-122.270399,37.818131],[-122.270431,37.817999],[-122.270461,37.817863],[-122.270483,37.81773],[-122.270503,37.817589],[-122.270517,37.817454],[-122.270531,37.817219]]}},{"type":"Feature","properties":{"name":"Nimitz Freeway","kind":"freeway","eras":["1985"],"src":"osm"},"geometry":{"type":"LineString","coordinates":[[-122.270499,37.818817],[-122.270571,37.818535],[-122.270594,37.818429],[-122.270613,37.818339],[-122.270665,37.818041]]}},{"type":"Feature","properties":{"name":"Nimitz Freeway","kind":"freeway","eras":["1985"],"src":"osm"},"geometry":{"type":"LineString","coordinates":[[-122.270383,37.818791],[-122.27052,37.818438],[-122.270571,37.818305],[-122.270619,37.818174],[-122.270665,37.818041]]}},{"type":"Feature","properties":{"name":"Nimitz Freeway","kind":"freeway","eras":["1965","1985"],"src":"osm"},"geometry":{"type":"LineString","coordinates":[[-122.294042,37.81922],[-122.293507,37.819905],[-122.293378,37.820072]]}},{"type":"Feature","properties":{"name":"5th Street","kind":"major","eras":["1950","1965","1985"],"src":"osm"},"geometry":{"type":"LineString","coordinates":[[-122.291079,37.803482],[-122.290882,37.803417]]}},{"type":"Feature","properties":{"name":"5th Street","kind":"major","eras":["1950","1965","1985"],"src":"osm"},"geometry":{"type":"LineString","coordinates":[[-122.275018,37.798119],[-122.274938,37.798082],[-122.274804,37.798019]]}},{"type":"Feature","properties":{"name":"5th Street","kind":"street","eras":["1950","1965","1985"],"src":"osm"},"geometry":{"type":"LineString","coordinates":[[-122.274804,37.798019],[-122.274523,37.797864],[-122.274405,37.797818],[-122.273885,37.797611]]}},{"type":"Feature","properties":{"name":"5th Street","kind":"street","eras":["1950","1965","1985"],"src":"osm"},"geometry":{"type":"LineString","coordinates":[[-122.294097,37.803821],[-122.29406,37.803812],[-122.29401,37.8038],[-122.29328,37.803626],[-122.292786,37.803516]]}},{"type":"Feature","properties":{"name":"5th Street","kind":"street","eras":["1950","1965","1985"],"src":"osm"},"geometry":{"type":"LineString","coordinates":[[-122.290963,37.803594],[-122.291331,37.803642],[-122.291576,37.803664],[-122.291656,37.803657],[-122.291729,37.803647],[-122.291805,37.803636],[-122.292261,37.803569],[-122.292786,37.803516]]}},{"type":"Feature","properties":{"name":"7th Street","kind":"major","eras":["1950","1965","1985"],"src":"osm"},"geometry":{"type":"LineString","coordinates":[[-122.271807,37.798565],[-122.271704,37.798523],[-122.271359,37.798388],[-122.271087,37.798282],[-122.271064,37.798273],[-122.2708,37.79817],[-122.270738,37.798145],[-122.270642,37.798108]]}},{"type":"Feature","properties":{"name":"Brush Street","kind":"street","eras":["1950","1965","1985"],"src":"osm"},"geometry":{"type":"LineString","coordinates":[[-122.281353,37.802297],[-122.281395,37.802228],[-122.281492,37.802073],[-122.281578,37.801932],[-122.281728,37.801691],[-122.281772,37.801606]]}},{"type":"Feature","properties":{"name":"Broadway","kind":"major","eras":["1950","1965","1985"],"src":"osm"},"geometry":{"type":"LineString","coordinates":[[-122.274426,37.799053],[-122.274216,37.799401],[-122.274158,37.799493]]}},{"type":"Feature","properties":{"name":"Broadway","kind":"major","eras":["1950","1965","1985"],"src":"osm"},"geometry":{"type":"LineString","coordinates":[[-122.274158,37.799493],[-122.274096,37.799583],[-122.274016,37.79972],[-122.273779,37.800097],[-122.273728,37.800175]]}},{"type":"Feature","properties":{"name":"Nimitz Freeway","kind":"freeway","eras":["1965","1985"],"src":"osm"},"geometry":{"type":"LineString","coordinates":[[-122.274401,37.798857],[-122.27442,37.798926],[-122.274426,37.799053]]}},{"type":"Feature","properties":{"name":"Market Street","kind":"street","eras":["1950","1965","1985"],"src":"osm"},"geometry":{"type":"LineString","coordinates":[[-122.284579,37.798139],[-122.284532,37.798265],[-122.284517,37.798304],[-122.284504,37.798339],[-122.28445,37.798484],[-122.284306,37.798871],[-122.284205,37.799148],[-122.283975,37.799767],[-122.283967,37.799788],[-122.283945,37.799838],[-122.283927,37.799876]]}},{"type":"Feature","properties":{"name":"Market Street","kind":"major","eras":["1950","1965","1985"],"src":"osm"},"geometry":{"type":"LineString","coordinates":[[-122.276679,37.819991],[-122.276625,37.820038],[-122.276534,37.820119],[-122.27645,37.820186]]}},{"type":"Feature","properties":{"name":"Martin Luther King Junior Way","kind":"street","eras":["1950","1965","1985"],"src":"osm"},"geometry":{"type":"LineString","coordinates":[[-122.281626,37.797145],[-122.281574,37.797229],[-122.281551,37.797267],[-122.28151,37.797333],[-122.281495,37.797356]]}},{"type":"Feature","properties":{"name":"Broadway","kind":"major","eras":["1950","1965","1985"],"src":"osm"},"geometry":{"type":"LineString","coordinates":[[-122.271648,37.803593],[-122.27167,37.803557],[-122.271687,37.803533],[-122.271794,37.803365]]}},{"type":"Feature","properties":{"name":"Broadway","kind":"major","eras":["1950","1965","1985"],"src":"osm"},"geometry":{"type":"LineString","coordinates":[[-122.272297,37.802559],[-122.272433,37.802349],[-122.272492,37.80226]]}},{"type":"Feature","properties":{"name":"Broadway","kind":"major","eras":["1950","1965","1985"],"src":"osm"},"geometry":{"type":"LineString","coordinates":[[-122.268239,37.809033],[-122.268183,37.809122],[-122.268136,37.80921],[-122.268073,37.809328]]}},{"type":"Feature","properties":{"name":"Castro Street","kind":"major","eras":["1950","1965","1985"],"src":"osm"},"geometry":{"type":"LineString","coordinates":[[-122.273019,37.811746],[-122.27299,37.811782],[-122.272964,37.811817]]}},{"type":"Feature","properties":{"name":"San Pablo Avenue","kind":"major","eras":["1950","1965","1985"],"src":"osm"},"geometry":{"type":"LineString","coordinates":[[-122.273236,37.810184],[-122.273205,37.810091],[-122.273065,37.809656],[-122.272997,37.809445]]}},{"type":"Feature","properties":{"name":"San Pablo Avenue","kind":"major","eras":["1950","1965","1985"],"src":"osm"},"geometry":{"type":"LineString","coordinates":[[-122.273093,37.810145],[-122.273208,37.810507],[-122.273331,37.810895],[-122.273436,37.811208]]}},{"type":"Feature","properties":{"name":"San Pablo Avenue","kind":"major","eras":["1950","1965","1985"],"src":"osm"},"geometry":{"type":"LineString","coordinates":[[-122.273536,37.811513],[-122.273563,37.811596]]}},{"type":"Feature","properties":{"name":"San Pablo Avenue","kind":"major","eras":["1950","1965","1985"],"src":"osm"},"geometry":{"type":"LineString","coordinates":[[-122.273455,37.810862],[-122.273347,37.810544],[-122.273326,37.810476],[-122.273283,37.810337]]}},{"type":"Feature","properties":{"name":"Thomas L. Berkley Way","kind":"street","eras":["1950","1965","1985"],"src":"osm"},"geometry":{"type":"LineString","coordinates":[[-122.273236,37.810184],[-122.273093,37.810145]]}},{"type":"Feature","properties":{"name":"Thomas L. Berkley Way","kind":"street","eras":["1950","1965","1985"],"src":"osm"},"geometry":{"type":"LineString","coordinates":[[-122.273236,37.810184],[-122.273341,37.810198],[-122.273481,37.810207]]}},{"type":"Feature","properties":{"name":"Thomas L. Berkley Way","kind":"street","eras":["1950","1965","1985"],"src":"osm"},"geometry":{"type":"LineString","coordinates":[[-122.268239,37.809033],[-122.268369,37.809092],[-122.268442,37.809121],[-122.268666,37.80921],[-122.268738,37.809238],[-122.269013,37.809346],[-122.269127,37.809391],[-122.269419,37.809507],[-122.269464,37.809523],[-122.269594,37.809567]]}},{"type":"Feature","properties":{"name":"11th Street","kind":"major","eras":["1950","1965","1985"],"src":"osm"},"geometry":{"type":"LineString","coordinates":[[-122.268905,37.800852],[-122.268813,37.800817],[-122.268318,37.800626],[-122.267939,37.800479],[-122.267835,37.800439],[-122.267724,37.800396],[-122.267612,37.800352],[-122.267474,37.800296],[-122.267298,37.800224]]}},{"type":"Feature","properties":{"name":"Market Street","kind":"major","eras":["1950","1965","1985"],"src":"osm"},"geometry":{"type":"LineString","coordinates":[[-122.279759,37.811114],[-122.27972,37.811219],[-122.279715,37.811235],[-122.279692,37.811314],[-122.279676,37.811397],[-122.279657,37.811523],[-122.279642,37.811597],[-122.279656,37.811755]]}},{"type":"Feature","properties":{"name":"Market Street","kind":"major","eras":["1950","1965","1985"],"src":"osm"},"geometry":{"type":"LineString","coordinates":[[-122.281513,37.806677],[-122.281551,37.806598],[-122.281735,37.806292],[-122.28178,37.806194],[-122.281822,37.806093],[-122.28189,37.805899]]}},{"type":"Feature","properties":{"name":"Market Street","kind":"major","eras":["1950","1965","1985"],"src":"osm"},"geometry":{"type":"LineString","coordinates":[[-122.282931,37.80301],[-122.282954,37.802922],[-122.282972,37.802831]]}},{"type":"Feature","properties":{"name":"San Pablo Avenue","kind":"major","eras":["1950","1965","1985"],"src":"osm"},"geometry":{"type":"LineString","coordinates":[[-122.276754,37.821109],[-122.276679,37.820892]]}},{"type":"Feature","properties":{"name":"San Pablo Avenue","kind":"major","eras":["1950","1965","1985"],"src":"osm"},"geometry":{"type":"LineString","coordinates":[[-122.276372,37.820325],[-122.276425,37.820496],[-122.276457,37.820591]]}},{"type":"Feature","properties":{"name":"San Pablo Avenue","kind":"major","eras":["1950","1965","1985"],"src":"osm"},"geometry":{"type":"LineString","coordinates":[[-122.276217,37.819452],[-122.276168,37.819299],[-122.276045,37.818914],[-122.275957,37.818839]]}},{"type":"Feature","properties":{"name":"San Pablo Avenue","kind":"major","eras":["1950","1965","1985"],"src":"osm"},"geometry":{"type":"LineString","coordinates":[[-122.276543,37.820859],[-122.276577,37.820958],[-122.276633,37.821126],[-122.276643,37.821157],[-122.276684,37.821279]]}},{"type":"Feature","properties":{"name":"10th Street","kind":"major","eras":["1950","1965","1985"],"src":"osm"},"geometry":{"type":"LineString","coordinates":[[-122.282053,37.805451],[-122.281918,37.80542]]}},{"type":"Feature","properties":{"name":"Clay Street","kind":"street","eras":["1950","1965","1985"],"src":"osm"},"geometry":{"type":"LineString","coordinates":[[-122.275332,37.802514],[-122.27529,37.802581],[-122.275126,37.802844]]}},{"type":"Feature","properties":{"name":"Clay Street","kind":"street","eras":["1950","1965","1985"],"src":"osm"},"geometry":{"type":"LineString","coordinates":[[-122.274468,37.803895],[-122.274516,37.803819],[-122.274726,37.803483],[-122.274745,37.803453]]}},{"type":"Feature","properties":{"name":"11th Street","kind":"major","eras":["1950","1965","1985"],"src":"osm"},"geometry":{"type":"LineString","coordinates":[[-122.2749,37.803205],[-122.274812,37.803171],[-122.274678,37.803119],[-122.274433,37.803022],[-122.274428,37.80302],[-122.273655,37.802717],[-122.273424,37.802626],[-122.273075,37.802489]]}},{"type":"Feature","properties":{"name":"Telegraph Avenue","kind":"major","eras":["1950","1965","1985"],"src":"osm"},"geometry":{"type":"LineString","coordinates":[[-122.269594,37.809567],[-122.269611,37.809501],[-122.269623,37.809456],[-122.269741,37.809008],[-122.269757,37.808941],[-122.26977,37.808881],[-122.269883,37.808433],[-122.269922,37.808256]]}},{"type":"Feature","properties":{"name":"Thomas L. Berkley Way","kind":"street","eras":["1950","1965","1985"],"src":"osm"},"geometry":{"type":"LineString","coordinates":[[-122.270262,37.809692],[-122.271241,37.809844],[-122.272192,37.809994],[-122.272638,37.810064]]}},{"type":"Feature","properties":{"name":"Harrison Street","kind":"street","eras":["1950","1965","1985"],"src":"osm"},"geometry":{"type":"LineString","coordinates":[[-122.27053,37.798258],[-122.2705,37.798293],[-122.27044,37.79839],[-122.270424,37.798416]]}},{"type":"Feature","properties":{"name":"7th Street","kind":"major","eras":["1950","1965","1985"],"src":"osm"},"geometry":{"type":"LineString","coordinates":[[-122.268259,37.797172],[-122.26816,37.797133],[-122.267942,37.797048],[-122.267173,37.796746],[-122.267081,37.79671]]}},{"type":"Feature","properties":{"name":"5th Street","kind":"major","eras":["1950","1965","1985"],"src":"osm"},"geometry":{"type":"LineString","coordinates":[[-122.285745,37.802045],[-122.284268,37.801659],[-122.28364,37.801459]]}},{"type":"Feature","properties":{"name":"5th Street","kind":"major","eras":["1950","1965","1985"],"src":"osm"},"geometry":{"type":"LineString","coordinates":[[-122.283289,37.801342],[-122.283203,37.80131],[-122.282943,37.801214],[-122.282296,37.800975],[-122.282203,37.800939],[-122.281013,37.800474],[-122.279944,37.800054],[-122.279844,37.800014],[-122.279733,37.799971],[-122.278759,37.799589],[-122.278649,37.799546],[-122.27856,37.799511],[-122.277475,37.799085],[-122.276461,37.798687],[-122.276394,37.798661],[-122.276292,37.798621]]}},{"type":"Feature","properties":{"name":"7th Street","kind":"major","eras":["1950","1965","1985"],"src":"osm"},"geometry":{"type":"LineString","coordinates":[[-122.268879,37.797422],[-122.268366,37.797214],[-122.268259,37.797172]]}},{"type":"Feature","properties":{"name":"Alice Street","kind":"street","eras":["1950","1965","1985"],"src":"osm"},"geometry":{"type":"LineString","coordinates":[[-122.271173,37.794885],[-122.271111,37.79498],[-122.270772,37.795506],[-122.27073,37.795575],[-122.270686,37.795642],[-122.270366,37.796155],[-122.270349,37.796182],[-122.270319,37.79623]]}},{"type":"Feature","properties":{"name":"Broadway","kind":"street","eras":["1950","1965","1985"],"src":"osm"},"geometry":{"type":"LineString","coordinates":[[-122.276719,37.7954],[-122.276695,37.795438],[-122.2766,37.795591],[-122.27658,37.79562],[-122.276359,37.795976],[-122.276315,37.796047]]}},{"type":"Feature","properties":{"name":"Jackson Street","kind":"street","eras":["1950","1965","1985"],"src":"osm"},"geometry":{"type":"LineString","coordinates":[[-122.269541,37.795117],[-122.269497,37.795189],[-122.269225,37.795626],[-122.26917,37.795712],[-122.269104,37.795819]]}},{"type":"Feature","properties":{"name":"2nd Street","kind":"street","eras":["1950","1965","1985"],"src":"osm"},"geometry":{"type":"LineString","coordinates":[[-122.273962,37.79512],[-122.274065,37.795161],[-122.274091,37.795172],[-122.274306,37.795256],[-122.274953,37.795509],[-122.275032,37.795539],[-122.275141,37.795582]]}},{"type":"Feature","properties":{"name":"Broadway","kind":"major","eras":["1950","1965","1985"],"src":"osm"},"geometry":{"type":"LineString","coordinates":[[-122.273728,37.800175],[-122.273673,37.800268],[-122.273344,37.800794],[-122.273301,37.800862]]}},{"type":"Feature","properties":{"name":"Harrison Street","kind":"street","eras":["1950","1965","1985"],"src":"osm"},"geometry":{"type":"LineString","coordinates":[[-122.270191,37.798793],[-122.270137,37.798881],[-122.270078,37.798976],[-122.270006,37.79909],[-122.269974,37.79914],[-122.269811,37.799398],[-122.269764,37.799473]]}},{"type":"Feature","properties":{"name":"7th Street","kind":"major","eras":["1950","1965","1985"],"src":"osm"},"geometry":{"type":"LineString","coordinates":[[-122.274158,37.799493],[-122.274066,37.799458],[-122.273751,37.799332],[-122.273336,37.799167],[-122.273265,37.799138],[-122.273131,37.799085],[-122.273102,37.799073],[-122.272985,37.799028]]}},{"type":"Feature","properties":{"name":"8th Street","kind":"major","eras":["1950","1965","1985"],"src":"osm"},"geometry":{"type":"LineString","coordinates":[[-122.27619,37.801142],[-122.276296,37.801183],[-122.276829,37.801396]]}},{"type":"Feature","properties":{"name":"8th Street","kind":"major","eras":["1950","1965","1985"],"src":"osm"},"geometry":{"type":"LineString","coordinates":[[-122.270191,37.798793],[-122.270299,37.798835],[-122.27061,37.798958],[-122.271098,37.79915]]}},{"type":"Feature","properties":{"name":"Broadway","kind":"major","eras":["1950","1965","1985"],"src":"osm"},"geometry":{"type":"LineString","coordinates":[[-122.272057,37.802948],[-122.272106,37.802867],[-122.272123,37.802841],[-122.272244,37.802641]]}},{"type":"Feature","properties":{"name":"Broadway","kind":"major","eras":["1950","1965","1985"],"src":"osm"},"geometry":{"type":"LineString","coordinates":[[-122.271189,37.80432],[-122.271122,37.804426],[-122.270985,37.804644],[-122.270915,37.804761]]}},{"type":"Feature","properties":{"name":"Frontage Road","kind":"major","eras":["1950","1965","1985"],"src":"osm"},"geometry":{"type":"LineString","coordinates":[[-122.294153,37.819159],[-122.294239,37.819072],[-122.294843,37.818298],[-122.294928,37.818188],[-122.295021,37.818074],[-122.295112,37.817966],[-122.295199,37.817872],[-122.29526,37.817808],[-122.295312,37.817754],[-122.295417,37.817648]]}},{"type":"Feature","properties":{"name":"12th Street","kind":"major","eras":["1950","1965","1985"],"src":"osm"},"geometry":{"type":"LineString","coordinates":[[-122.278013,37.805289],[-122.278176,37.805355]]}},{"type":"Feature","properties":{"name":"14th Street","kind":"major","eras":["1950","1965","1985"],"src":"osm"},"geometry":{"type":"LineString","coordinates":[[-122.273609,37.80527],[-122.273521,37.805236],[-122.273313,37.805154],[-122.273131,37.805082],[-122.272523,37.804843],[-122.272072,37.804666],[-122.271963,37.804624],[-122.271703,37.80452]]}},{"type":"Feature","properties":{"name":"7th Street","kind":"major","eras":["1950","1965","1985"],"src":"osm"},"geometry":{"type":"LineString","coordinates":[[-122.304036,37.80763],[-122.303582,37.807511],[-122.303331,37.807444],[-122.303125,37.807376],[-122.303002,37.807328]]}},{"type":"Feature","properties":{"name":"7th Street","kind":"major","eras":["1950","1965","1985"],"src":"osm"},"geometry":{"type":"LineString","coordinates":[[-122.276615,37.800461],[-122.276516,37.80042],[-122.276428,37.800385],[-122.276045,37.800234],[-122.275799,37.800137],[-122.275624,37.800069],[-122.275436,37.799995]]}},{"type":"Feature","properties":{"name":"Adeline Street","kind":"major","eras":["1950","1965","1985"],"src":"osm"},"geometry":{"type":"LineString","coordinates":[[-122.288236,37.803799],[-122.288186,37.803933]]}},{"type":"Feature","properties":{"name":"Adeline Street","kind":"major","eras":["1950","1965","1985"],"src":"osm"},"geometry":{"type":"LineString","coordinates":[[-122.286137,37.809595],[-122.286123,37.809634],[-122.286109,37.809669],[-122.286061,37.809809],[-122.286036,37.809876],[-122.285851,37.810395],[-122.285716,37.810772],[-122.28566,37.810927],[-122.285638,37.81099],[-122.285612,37.81106]]}},{"type":"Feature","properties":{"name":"Chester Street","kind":"street","eras":["1950","1965","1985"],"src":"osm"},"geometry":{"type":"LineString","coordinates":[[-122.296032,37.805573],[-122.296067,37.805468],[-122.296072,37.805453],[-122.296081,37.805426],[-122.296277,37.804862]]}},{"type":"Feature","properties":{"name":"Chester Street","kind":"street","eras":["1950","1965","1985"],"src":"osm"},"geometry":{"type":"LineString","coordinates":[[-122.295636,37.806675],[-122.295622,37.806708],[-122.295339,37.807439],[-122.294485,37.809778],[-122.294449,37.809877]]}},{"type":"Feature","properties":{"name":"Cypress Street","kind":"major","eras":["1950"],"src":"osm"},"geometry":{"type":"LineString","coordinates":[[-122.293936,37.804275],[-122.293921,37.804314],[-122.293868,37.804458],[-122.293824,37.804576],[-122.293713,37.80487]]}},{"type":"Feature","properties":{"name":"Cypress Structure \u00b7 Nimitz Fwy","kind":"freeway","eras":["1965","1985"],"src":"osm"},"geometry":{"type":"LineString","coordinates":[[-122.293936,37.804275],[-122.293921,37.804314],[-122.293868,37.804458],[-122.293824,37.804576],[-122.293713,37.80487]]}},{"type":"Feature","properties":{"name":"Wood Street","kind":"street","eras":["1950","1965","1985"],"src":"osm"},"geometry":{"type":"LineString","coordinates":[[-122.301971,37.808105],[-122.301943,37.808153],[-122.301859,37.808257],[-122.301609,37.808563],[-122.301403,37.808815],[-122.301096,37.809202],[-122.300795,37.809584],[-122.300231,37.810272],[-122.300172,37.810344],[-122.300127,37.8104],[-122.299561,37.811105],[-122.299048,37.81175],[-122.299028,37.811775],[-122.29896,37.81186]]}},{"type":"Feature","properties":{"name":"Wood Street","kind":"street","eras":["1950","1965","1985"],"src":"osm"},"geometry":{"type":"LineString","coordinates":[[-122.302339,37.807139],[-122.302387,37.807003]]}},{"type":"Feature","properties":{"name":"Wood Street","kind":"street","eras":["1950","1965","1985"],"src":"osm"},"geometry":{"type":"LineString","coordinates":[[-122.297809,37.813293],[-122.297783,37.813326],[-122.297762,37.813352],[-122.297746,37.813372],[-122.297517,37.813658],[-122.29735,37.813867],[-122.297284,37.813949],[-122.296781,37.814575],[-122.296723,37.814647]]}},{"type":"Feature","properties":{"name":"7th Street","kind":"major","eras":["1950","1965","1985"],"src":"osm"},"geometry":{"type":"LineString","coordinates":[[-122.288313,37.803955],[-122.288539,37.803995],[-122.289002,37.804078],[-122.289146,37.804107],[-122.289268,37.804133],[-122.289923,37.804277]]}},{"type":"Feature","properties":{"name":"7th Street","kind":"major","eras":["1950","1965","1985"],"src":"osm"},"geometry":{"type":"LineString","coordinates":[[-122.302387,37.807003],[-122.302284,37.806952],[-122.30214,37.806881],[-122.301921,37.806812],[-122.301246,37.806672],[-122.300981,37.806613],[-122.300891,37.806593],[-122.300791,37.80657],[-122.300662,37.806542],[-122.299886,37.806368]]}},{"type":"Feature","properties":{"name":"7th Street","kind":"major","eras":["1950","1965","1985"],"src":"osm"},"geometry":{"type":"LineString","coordinates":[[-122.283001,37.802688],[-122.282844,37.802682],[-122.282743,37.802679],[-122.28263,37.802676],[-122.282522,37.80267],[-122.28245,37.802662],[-122.282396,37.802656],[-122.282312,37.802641],[-122.282291,37.802637],[-122.282177,37.80261],[-122.282075,37.802579],[-122.281973,37.802543],[-122.281441,37.802331],[-122.281353,37.802297]]}},{"type":"Feature","properties":{"name":"7th Street","kind":"major","eras":["1950","1965","1985"],"src":"osm"},"geometry":{"type":"LineString","coordinates":[[-122.296715,37.80572],[-122.296776,37.805733],[-122.296982,37.805776],[-122.297064,37.805794]]}},{"type":"Feature","properties":{"name":"7th Street","kind":"major","eras":["1950","1965","1985"],"src":"osm"},"geometry":{"type":"LineString","coordinates":[[-122.294072,37.805178],[-122.294845,37.805356],[-122.29493,37.805375],[-122.295016,37.805395],[-122.295102,37.805414],[-122.295382,37.805478],[-122.295525,37.805509],[-122.295678,37.805534],[-122.295724,37.805543]]}},{"type":"Feature","properties":{"name":"Cypress Street","kind":"major","eras":["1950"],"src":"osm"},"geometry":{"type":"LineString","coordinates":[[-122.289094,37.817483],[-122.289092,37.817703],[-122.289111,37.818132],[-122.289114,37.818233],[-122.289113,37.818322],[-122.289069,37.818824],[-122.289027,37.819295],[-122.289003,37.819567],[-122.288994,37.819647],[-122.28898,37.819827]]}},{"type":"Feature","properties":{"name":"Cypress Structure \u00b7 Nimitz Fwy","kind":"freeway","eras":["1965","1985"],"src":"osm"},"geometry":{"type":"LineString","coordinates":[[-122.289094,37.817483],[-122.289092,37.817703],[-122.289111,37.818132],[-122.289114,37.818233],[-122.289113,37.818322],[-122.289069,37.818824],[-122.289027,37.819295],[-122.289003,37.819567],[-122.288994,37.819647],[-122.28898,37.819827]]}},{"type":"Feature","properties":{"name":"Cypress Street","kind":"major","eras":["1950"],"src":"osm"},"geometry":{"type":"LineString","coordinates":[[-122.289634,37.81683],[-122.289651,37.816691],[-122.289664,37.81662],[-122.289697,37.816431],[-122.289755,37.816182],[-122.289765,37.81615],[-122.289832,37.815919],[-122.290031,37.815378],[-122.290075,37.815265]]}},{"type":"Feature","properties":{"name":"Cypress Structure \u00b7 Nimitz Fwy","kind":"freeway","eras":["1965","1985"],"src":"osm"},"geometry":{"type":"LineString","coordinates":[[-122.289634,37.81683],[-122.289651,37.816691],[-122.289664,37.81662],[-122.289697,37.816431],[-122.289755,37.816182],[-122.289765,37.81615],[-122.289832,37.815919],[-122.290031,37.815378],[-122.290075,37.815265]]}},{"type":"Feature","properties":{"name":"Cypress Street","kind":"major","eras":["1950"],"src":"osm"},"geometry":{"type":"LineString","coordinates":[[-122.2895,37.818124],[-122.289593,37.817217],[-122.289605,37.817101],[-122.289619,37.81698]]}},{"type":"Feature","properties":{"name":"Cypress Structure \u00b7 Nimitz Fwy","kind":"freeway","eras":["1965","1985"],"src":"osm"},"geometry":{"type":"LineString","coordinates":[[-122.2895,37.818124],[-122.289593,37.817217],[-122.289605,37.817101],[-122.289619,37.81698]]}},{"type":"Feature","properties":{"name":"Cypress Street","kind":"major","eras":["1950"],"src":"osm"},"geometry":{"type":"LineString","coordinates":[[-122.289718,37.815188],[-122.289685,37.815281],[-122.28928,37.816484],[-122.289272,37.816506],[-122.28925,37.816577],[-122.289219,37.816692],[-122.289188,37.816824],[-122.289173,37.81689],[-122.289163,37.816936],[-122.289125,37.817139],[-122.289094,37.817483]]}},{"type":"Feature","properties":{"name":"Cypress Structure \u00b7 Nimitz Fwy","kind":"freeway","eras":["1965","1985"],"src":"osm"},"geometry":{"type":"LineString","coordinates":[[-122.289718,37.815188],[-122.289685,37.815281],[-122.28928,37.816484],[-122.289272,37.816506],[-122.28925,37.816577],[-122.289219,37.816692],[-122.289188,37.816824],[-122.289173,37.81689],[-122.289163,37.816936],[-122.289125,37.817139],[-122.289094,37.817483]]}},{"type":"Feature","properties":{"name":"Peralta Street","kind":"street","eras":["1950","1965","1985"],"src":"osm"},"geometry":{"type":"LineString","coordinates":[[-122.298169,37.806089],[-122.298108,37.806165],[-122.297993,37.80631]]}},{"type":"Feature","properties":{"name":"Union Street","kind":"major","eras":["1950","1965","1985"],"src":"osm"},"geometry":{"type":"LineString","coordinates":[[-122.290401,37.804292],[-122.290396,37.80431],[-122.290371,37.804377]]}},{"type":"Feature","properties":{"name":"Union Street","kind":"street","eras":["1950","1965","1985"],"src":"osm"},"geometry":{"type":"LineString","coordinates":[[-122.289396,37.80713],[-122.289373,37.807198],[-122.289361,37.807231],[-122.289209,37.807631],[-122.28915,37.807794],[-122.289065,37.808028],[-122.28903,37.808122],[-122.289024,37.808141],[-122.288979,37.808276],[-122.288883,37.808518],[-122.288843,37.808597],[-122.288348,37.809994]]}},{"type":"Feature","properties":{"name":"10th Street","kind":"street","eras":["1950","1965","1985"],"src":"osm"},"geometry":{"type":"LineString","coordinates":[[-122.289396,37.80713],[-122.289485,37.80715],[-122.289901,37.807245],[-122.289923,37.80725],[-122.289937,37.807253],[-122.290258,37.807324],[-122.290292,37.807332],[-122.290356,37.807347],[-122.29044,37.807366],[-122.290681,37.807421],[-122.290898,37.80747],[-122.291396,37.80758],[-122.291709,37.807652],[-122.291834,37.807681],[-122.292281,37.807785],[-122.292326,37.807796],[-122.292419,37.807817],[-122.292504,37.807838],[-122.292536,37.807845],[-122.292684,37.807877],[-122.292744,37.80789],[-122.292793,37.807902],[-122.292849,37.807914],[-122.292883,37.807922],[-122.29394,37.808161]]}},{"type":"Feature","properties":{"name":"20th Street","kind":"street","eras":["1950","1965","1985"],"src":"osm"},"geometry":{"type":"LineString","coordinates":[[-122.292009,37.816066],[-122.292111,37.816117],[-122.293224,37.816679],[-122.293297,37.816716],[-122.293546,37.816839],[-122.294476,37.817306],[-122.294519,37.817327],[-122.294577,37.817357]]}},{"type":"Feature","properties":{"name":"20th Street","kind":"street","eras":["1950","1965","1985"],"src":"osm"},"geometry":{"type":"LineString","coordinates":[[-122.290712,37.815432],[-122.290576,37.815385],[-122.290429,37.815349],[-122.290241,37.815304],[-122.290206,37.815296],[-122.290186,37.815291],[-122.290136,37.815279],[-122.290075,37.815265],[-122.290017,37.815252],[-122.28987,37.815221],[-122.289844,37.815215],[-122.289718,37.815188]]}},{"type":"Feature","properties":{"name":"7th Street","kind":"major","eras":["1950","1965","1985"],"src":"osm"},"geometry":{"type":"LineString","coordinates":[[-122.290401,37.804292],[-122.290162,37.804216],[-122.289814,37.804139],[-122.289318,37.804029],[-122.288848,37.803929]]}},{"type":"Feature","properties":{"name":"7th Street","kind":"major","eras":["1950","1965","1985"],"src":"osm"},"geometry":{"type":"LineString","coordinates":[[-122.290371,37.804377],[-122.290509,37.804404],[-122.290649,37.804435],[-122.290818,37.804473],[-122.290928,37.804497],[-122.291154,37.804548],[-122.291454,37.804607],[-122.292369,37.804805]]}},{"type":"Feature","properties":{"name":"7th Street","kind":"major","eras":["1950","1965","1985"],"src":"osm"},"geometry":{"type":"LineString","coordinates":[[-122.298257,37.805979],[-122.298044,37.805923],[-122.29799,37.805909],[-122.297803,37.805874],[-122.297545,37.805841],[-122.297358,37.805812]]}},{"type":"Feature","properties":{"name":"7th Street","kind":"major","eras":["1950","1965","1985"],"src":"osm"},"geometry":{"type":"LineString","coordinates":[[-122.298169,37.806089],[-122.298285,37.806115],[-122.299238,37.806343],[-122.299317,37.806362],[-122.299395,37.806379],[-122.300751,37.806674],[-122.300855,37.806696],[-122.300947,37.806718],[-122.30116,37.806768]]}},{"type":"Feature","properties":{"name":"Martin Luther King Junior Way","kind":"street","eras":["1950","1965","1985"],"src":"osm"},"geometry":{"type":"LineString","coordinates":[[-122.276834,37.80483],[-122.276781,37.804915],[-122.276646,37.805132],[-122.2765,37.805366],[-122.276459,37.805431],[-122.276403,37.805522],[-122.27636,37.80559],[-122.276321,37.805652],[-122.276026,37.806126],[-122.275979,37.806202]]}},{"type":"Feature","properties":{"name":"Martin Luther King Junior Way","kind":"street","eras":["1950","1965","1985"],"src":"osm"},"geometry":{"type":"LineString","coordinates":[[-122.276834,37.80483],[-122.276889,37.804742],[-122.277061,37.804466],[-122.277209,37.80423],[-122.277266,37.804139]]}},{"type":"Feature","properties":{"name":"11th Street","kind":"major","eras":["1950","1965","1985"],"src":"osm"},"geometry":{"type":"LineString","coordinates":[[-122.275254,37.80335],[-122.275003,37.80325],[-122.2749,37.803205]]}},{"type":"Feature","properties":{"name":"11th Street","kind":"major","eras":["1950","1965","1985"],"src":"osm"},"geometry":{"type":"LineString","coordinates":[[-122.277266,37.804139],[-122.277157,37.804094],[-122.276837,37.803968]]}},{"type":"Feature","properties":{"name":"12th Street","kind":"major","eras":["1950","1965","1985"],"src":"osm"},"geometry":{"type":"LineString","coordinates":[[-122.276834,37.80483],[-122.276944,37.804873],[-122.277148,37.804951],[-122.277561,37.805109],[-122.277899,37.805241],[-122.278013,37.805289]]}},{"type":"Feature","properties":{"name":"3rd Street","kind":"street","eras":["1950","1965","1985"],"src":"osm"},"geometry":{"type":"LineString","coordinates":[[-122.273156,37.795657],[-122.273026,37.795605],[-122.272867,37.795542],[-122.272365,37.795344]]}},{"type":"Feature","properties":{"name":"3rd Street","kind":"street","eras":["1950","1965","1985"],"src":"osm"},"geometry":{"type":"LineString","coordinates":[[-122.280702,37.798625],[-122.27961,37.798202],[-122.279518,37.798166]]}},{"type":"Feature","properties":{"name":"3rd Street","kind":"street","eras":["1950","1965","1985"],"src":"osm"},"geometry":{"type":"LineString","coordinates":[[-122.282375,37.799284],[-122.281887,37.799091]]}},{"type":"Feature","properties":{"name":"3rd Street","kind":"street","eras":["1950","1965","1985"],"src":"osm"},"geometry":{"type":"LineString","coordinates":[[-122.281887,37.799091],[-122.280702,37.798625]]}},{"type":"Feature","properties":{"name":"3rd Street","kind":"street","eras":["1950","1965","1985"],"src":"osm"},"geometry":{"type":"LineString","coordinates":[[-122.27354,37.795808],[-122.273426,37.795763],[-122.273156,37.795657]]}},{"type":"Feature","properties":{"name":"3rd Street","kind":"street","eras":["1950","1965","1985"],"src":"osm"},"geometry":{"type":"LineString","coordinates":[[-122.275994,37.796774],[-122.275886,37.796731]]}},{"type":"Feature","properties":{"name":"3rd Street","kind":"street","eras":["1950","1965","1985"],"src":"osm"},"geometry":{"type":"LineString","coordinates":[[-122.279518,37.798166],[-122.278473,37.797756],[-122.278444,37.797744],[-122.27834,37.797706]]}},{"type":"Feature","properties":{"name":"24th Street","kind":"street","eras":["1950","1965","1985"],"src":"osm"},"geometry":{"type":"LineString","coordinates":[[-122.289114,37.818233],[-122.289212,37.818237],[-122.289304,37.818222],[-122.28939,37.818187],[-122.28943,37.818165],[-122.2895,37.818124]]}},{"type":"Feature","properties":{"name":"5th Street","kind":"major","eras":["1950","1965","1985"],"src":"osm"},"geometry":{"type":"LineString","coordinates":[[-122.289648,37.803079],[-122.288809,37.802854],[-122.288586,37.802794]]}},{"type":"Feature","properties":{"name":"8th Street","kind":"major","eras":["1950","1965","1985"],"src":"osm"},"geometry":{"type":"LineString","coordinates":[[-122.26901,37.798331],[-122.269099,37.798367],[-122.269464,37.798509],[-122.269897,37.798678],[-122.269963,37.798704],[-122.270021,37.798727],[-122.270086,37.798752],[-122.270191,37.798793]]}},{"type":"Feature","properties":{"name":"Broadway","kind":"major","eras":["1950","1965","1985"],"src":"osm"},"geometry":{"type":"LineString","coordinates":[[-122.269955,37.806304],[-122.269986,37.806291],[-122.270022,37.806274],[-122.27006,37.806213],[-122.270154,37.806064],[-122.270197,37.80599],[-122.270288,37.805846],[-122.270321,37.805793],[-122.270546,37.805437]]}},{"type":"Feature","properties":{"name":"Telegraph Avenue","kind":"major","eras":["1950","1965","1985"],"src":"osm"},"geometry":{"type":"LineString","coordinates":[[-122.270496,37.806109],[-122.270511,37.806054],[-122.270663,37.805445],[-122.270629,37.805365],[-122.27058,37.805306]]}},{"type":"Feature","properties":{"name":"Broadway","kind":"major","eras":["1950","1965","1985"],"src":"osm"},"geometry":{"type":"LineString","coordinates":[[-122.27058,37.805306],[-122.270464,37.805404],[-122.270165,37.805884],[-122.27012,37.805959],[-122.269976,37.806192]]}},{"type":"Feature","properties":{"name":"Broadway","kind":"major","eras":["1950","1965","1985"],"src":"osm"},"geometry":{"type":"LineString","coordinates":[[-122.26974,37.806652],[-122.269698,37.806719],[-122.26957,37.806924],[-122.269447,37.80712],[-122.269375,37.807235]]}},{"type":"Feature","properties":{"name":"Broadway","kind":"major","eras":["1950","1965","1985"],"src":"osm"},"geometry":{"type":"LineString","coordinates":[[-122.272492,37.80226],[-122.272524,37.802242],[-122.272555,37.802218],[-122.272579,37.802194],[-122.272791,37.801861]]}},{"type":"Feature","properties":{"name":"Broadway","kind":"major","eras":["1950","1965","1985"],"src":"osm"},"geometry":{"type":"LineString","coordinates":[[-122.272877,37.80155],[-122.27282,37.801641],[-122.272703,37.801827],[-122.27253,37.802104],[-122.272495,37.80216],[-122.272482,37.80219],[-122.272483,37.802224],[-122.272492,37.80226]]}},{"type":"Feature","properties":{"name":"Broadway","kind":"street","eras":["1950","1965","1985"],"src":"osm"},"geometry":{"type":"LineString","coordinates":[[-122.275994,37.796774],[-122.276043,37.796695],[-122.276116,37.796577],[-122.27638,37.796158],[-122.276404,37.796119],[-122.276423,37.796088]]}},{"type":"Feature","properties":{"name":"Washington Street","kind":"street","eras":["1950","1965","1985"],"src":"osm"},"geometry":{"type":"LineString","coordinates":[[-122.278075,37.795804],[-122.27805,37.795837],[-122.278019,37.79587],[-122.277991,37.795898],[-122.277965,37.795939],[-122.277951,37.79596],[-122.277904,37.796035],[-122.277845,37.796132],[-122.277639,37.796478],[-122.277594,37.796549]]}},{"type":"Feature","properties":{"name":"Broadway","kind":"major","eras":["1950","1965","1985"],"src":"osm"},"geometry":{"type":"LineString","coordinates":[[-122.267044,37.810946],[-122.267145,37.810882],[-122.267479,37.810343],[-122.267626,37.810113],[-122.267662,37.81005],[-122.2677,37.809985],[-122.268019,37.809475],[-122.268046,37.809424],[-122.268061,37.80938],[-122.268073,37.809328]]}},{"type":"Feature","properties":{"name":"Broadway","kind":"major","eras":["1950","1965","1985"],"src":"osm"},"geometry":{"type":"LineString","coordinates":[[-122.268073,37.809328],[-122.268015,37.809362],[-122.267971,37.809398],[-122.267938,37.809442]]}},{"type":"Feature","properties":{"name":"19th Street","kind":"street","eras":["1950","1965","1985"],"src":"osm"},"geometry":{"type":"LineString","coordinates":[[-122.274113,37.809193],[-122.27402,37.809156],[-122.273626,37.809001]]}},{"type":"Feature","properties":{"name":"","kind":"street","eras":["1950","1965","1985"],"src":"osm"},"geometry":{"type":"LineString","coordinates":[[-122.277045,37.805846],[-122.277055,37.80586],[-122.27707,37.805871],[-122.277087,37.805879],[-122.277107,37.805884],[-122.277127,37.805885],[-122.277147,37.805882],[-122.277165,37.805875],[-122.277182,37.805865],[-122.277194,37.805853],[-122.277203,37.805838],[-122.277206,37.805822],[-122.277205,37.805805],[-122.277199,37.80579],[-122.277188,37.805776],[-122.277173,37.805764],[-122.277155,37.805756],[-122.277135,37.805752],[-122.277115,37.805751],[-122.277095,37.805754],[-122.277076,37.805761],[-122.277061,37.805771],[-122.277048,37.805784],[-122.27704,37.805799],[-122.277037,37.805815],[-122.277038,37.805831],[-122.277045,37.805846]]}},{"type":"Feature","properties":{"name":"19th Street","kind":"street","eras":["1950","1965","1985"],"src":"osm"},"geometry":{"type":"LineString","coordinates":[[-122.273319,37.80885],[-122.273362,37.808863],[-122.273403,37.808885],[-122.273463,37.808926],[-122.273501,37.808946],[-122.273564,37.808976],[-122.273626,37.809001]]}},{"type":"Feature","properties":{"name":"19th Street","kind":"street","eras":["1950","1965","1985"],"src":"osm"},"geometry":{"type":"LineString","coordinates":[[-122.273626,37.809001],[-122.273605,37.80898],[-122.273589,37.808955],[-122.273576,37.808927],[-122.273572,37.808897],[-122.273577,37.808872],[-122.27359,37.808839],[-122.273622,37.80877]]}},{"type":"Feature","properties":{"name":"Martin Luther King Junior Way","kind":"street","eras":["1950","1965","1985"],"src":"osm"},"geometry":{"type":"LineString","coordinates":[[-122.273481,37.810207],[-122.273406,37.810241],[-122.273375,37.81026],[-122.27332,37.810303],[-122.273283,37.810337],[-122.273256,37.810374],[-122.273233,37.810412],[-122.273217,37.810455],[-122.273208,37.810507]]}},{"type":"Feature","properties":{"name":"Martin Luther King Junior Way","kind":"street","eras":["1950","1965","1985"],"src":"osm"},"geometry":{"type":"LineString","coordinates":[[-122.273347,37.810544],[-122.273375,37.810471],[-122.273403,37.810411],[-122.273452,37.810334],[-122.273475,37.810292],[-122.273481,37.810261],[-122.273481,37.810229],[-122.273481,37.810207]]}},{"type":"Feature","properties":{"name":"San Pablo Avenue","kind":"street","eras":["1950","1965","1985"],"src":"osm"},"geometry":{"type":"LineString","coordinates":[[-122.271846,37.806039],[-122.271854,37.806062],[-122.271894,37.806184],[-122.271902,37.806207],[-122.271936,37.806309]]}},{"type":"Feature","properties":{"name":"22nd Street","kind":"street","eras":["1950","1965","1985"],"src":"osm"},"geometry":{"type":"LineString","coordinates":[[-122.268462,37.811158],[-122.268614,37.811184],[-122.268783,37.811212],[-122.268992,37.811248],[-122.269019,37.811252],[-122.269161,37.811276]]}},{"type":"Feature","properties":{"name":"Adeline Street","kind":"major","eras":["1950","1965","1985"],"src":"osm"},"geometry":{"type":"LineString","coordinates":[[-122.279921,37.826785],[-122.279943,37.826723],[-122.280096,37.826295],[-122.280352,37.82558],[-122.280379,37.825506],[-122.280777,37.824405],[-122.280985,37.82383],[-122.281007,37.823769],[-122.281033,37.823697],[-122.281046,37.823662],[-122.281087,37.823549],[-122.281208,37.823217],[-122.281323,37.8229],[-122.281483,37.822457],[-122.281612,37.822104],[-122.281643,37.822021],[-122.281676,37.82193],[-122.282249,37.820346],[-122.282272,37.820281],[-122.2823,37.820203],[-122.282356,37.820049],[-122.282455,37.819776],[-122.282798,37.818828],[-122.282835,37.818725],[-122.282871,37.818625],[-122.282888,37.81858],[-122.283048,37.818139],[-122.283216,37.817669],[-122.28331,37.81741],[-122.283349,37.817304],[-122.283394,37.81718]]}},{"type":"Feature","properties":{"name":"Broadway","kind":"major","eras":["1950","1965","1985"],"src":"osm"},"geometry":{"type":"LineString","coordinates":[[-122.270546,37.805437],[-122.27058,37.805306]]}},{"type":"Feature","properties":{"name":"Clay Street","kind":"street","eras":["1950","1965","1985"],"src":"osm"},"geometry":{"type":"LineString","coordinates":[[-122.27834,37.797706],[-122.278395,37.797614],[-122.278416,37.797581],[-122.278743,37.797039],[-122.278762,37.797008]]}},{"type":"Feature","properties":{"name":"Washington Street","kind":"street","eras":["1950","1965","1985"],"src":"osm"},"geometry":{"type":"LineString","coordinates":[[-122.275008,37.800678],[-122.274779,37.80105],[-122.27458,37.801365]]}},{"type":"Feature","properties":{"name":"8th Street","kind":"major","eras":["1950","1965","1985"],"src":"osm"},"geometry":{"type":"LineString","coordinates":[[-122.278563,37.802057],[-122.278609,37.802056],[-122.278667,37.802049],[-122.278716,37.802041],[-122.278772,37.80203],[-122.279506,37.8019],[-122.279614,37.801887],[-122.279647,37.801886],[-122.279711,37.801885],[-122.279812,37.801894]]}},{"type":"Feature","properties":{"name":"8th Street","kind":"street","eras":["1950","1965","1985"],"src":"osm"},"geometry":{"type":"LineString","coordinates":[[-122.301945,37.808059],[-122.301872,37.808033],[-122.301179,37.807873],[-122.30061,37.807742],[-122.300526,37.807723]]}},{"type":"Feature","properties":{"name":"Webster Street","kind":"street","eras":["1950","1965","1985"],"src":"osm"},"geometry":{"type":"LineString","coordinates":[[-122.2688,37.803389],[-122.26885,37.803305],[-122.26905,37.802985],[-122.269178,37.80278],[-122.26923,37.802696],[-122.269278,37.80262],[-122.26933,37.802537],[-122.269409,37.802409],[-122.269455,37.802335],[-122.269469,37.802312],[-122.269608,37.80209],[-122.26966,37.802007],[-122.269706,37.801932],[-122.270033,37.801406],[-122.27009,37.801317]]}},{"type":"Feature","properties":{"name":"West Grand Avenue","kind":"major","eras":["1950","1965","1985"],"src":"osm"},"geometry":{"type":"LineString","coordinates":[[-122.274099,37.812838],[-122.274209,37.812859],[-122.274329,37.812883],[-122.274438,37.812913],[-122.274559,37.812954],[-122.274573,37.812959],[-122.274676,37.812996]]}},{"type":"Feature","properties":{"name":"West Grand Avenue","kind":"major","eras":["1950","1965","1985"],"src":"osm"},"geometry":{"type":"LineString","coordinates":[[-122.269018,37.811839],[-122.268876,37.811813],[-122.268761,37.811792],[-122.268532,37.81175],[-122.267942,37.811643],[-122.267868,37.81163],[-122.267801,37.811619],[-122.26758,37.81158]]}},{"type":"Feature","properties":{"name":"I-980 \u00b7 Grove Shafter Fwy","kind":"freeway","eras":["1985"],"src":"osm"},"geometry":{"type":"LineString","coordinates":[[-122.279646,37.804338],[-122.27972,37.804217],[-122.279795,37.804094],[-122.27987,37.803971],[-122.279942,37.803848],[-122.280012,37.80372],[-122.280075,37.803596],[-122.280133,37.803467],[-122.280188,37.803338],[-122.280237,37.803205],[-122.280273,37.803071],[-122.280302,37.802934],[-122.280325,37.802797],[-122.280341,37.802663],[-122.280351,37.802525],[-122.280354,37.802376]]}},{"type":"Feature","properties":{"name":"I-980 \u00b7 Grove Shafter Fwy","kind":"freeway","eras":["1985"],"src":"osm"},"geometry":{"type":"LineString","coordinates":[[-122.279162,37.804379],[-122.278848,37.805017],[-122.278719,37.805271],[-122.278583,37.805533],[-122.278453,37.805772],[-122.278312,37.806026],[-122.278172,37.806274],[-122.278028,37.806522],[-122.277954,37.806645],[-122.277878,37.806769],[-122.277802,37.806892],[-122.277724,37.807015],[-122.277648,37.807136],[-122.277573,37.807257],[-122.277494,37.807381],[-122.277415,37.807503],[-122.277334,37.807625],[-122.277094,37.807986],[-122.277011,37.808109],[-122.276678,37.808584],[-122.276169,37.809306],[-122.275997,37.80955],[-122.275835,37.809781],[-122.275667,37.81002],[-122.275486,37.810261],[-122.275291,37.810508]]}},{"type":"Feature","properties":{"name":"Pullman Way","kind":"street","eras":["1950","1965","1985"],"src":"osm"},"geometry":{"type":"LineString","coordinates":[[-122.301871,37.812392],[-122.301799,37.812388],[-122.301516,37.812579],[-122.301076,37.81287],[-122.300179,37.813554],[-122.300119,37.813598],[-122.299844,37.813802],[-122.299436,37.814104]]}},{"type":"Feature","properties":{"name":"24th Street","kind":"street","eras":["1950","1965","1985"],"src":"osm"},"geometry":{"type":"LineString","coordinates":[[-122.278142,37.815944],[-122.278184,37.815979],[-122.278238,37.816006],[-122.278271,37.816014],[-122.278868,37.816149],[-122.279186,37.816221],[-122.279274,37.816241],[-122.279705,37.816336],[-122.280205,37.816461],[-122.2803,37.816482],[-122.280597,37.816547],[-122.281143,37.816667],[-122.281233,37.816687],[-122.28135,37.816712],[-122.281788,37.816809],[-122.282323,37.816934],[-122.283263,37.81715],[-122.283394,37.81718],[-122.283539,37.817212],[-122.284178,37.817357],[-122.284489,37.817429]]}},{"type":"Feature","properties":{"name":"Maritime Street","kind":"major","eras":["1950","1965","1985"],"src":"osm"},"geometry":{"type":"LineString","coordinates":[[-122.302239,37.82103],[-122.302333,37.820942],[-122.302375,37.820899],[-122.302842,37.820457]]}},{"type":"Feature","properties":{"name":"10th Street","kind":"street","eras":["1950","1965","1985"],"src":"osm"},"geometry":{"type":"LineString","coordinates":[[-122.3019,37.811216],[-122.302444,37.811487],[-122.302706,37.811617],[-122.303086,37.811819]]}},{"type":"Feature","properties":{"name":"Cypress Street","kind":"major","eras":["1950"],"src":"osm"},"geometry":{"type":"LineString","coordinates":[[-122.294097,37.803821],[-122.294064,37.803915],[-122.293936,37.804275]]}},{"type":"Feature","properties":{"name":"Cypress Structure \u00b7 Nimitz Fwy","kind":"freeway","eras":["1965","1985"],"src":"osm"},"geometry":{"type":"LineString","coordinates":[[-122.294097,37.803821],[-122.294064,37.803915],[-122.293936,37.804275]]}},{"type":"Feature","properties":{"name":"5th Street","kind":"street","eras":["1950","1965","1985"],"src":"osm"},"geometry":{"type":"LineString","coordinates":[[-122.295364,37.804114],[-122.295312,37.804102],[-122.295119,37.804058],[-122.294853,37.803998],[-122.294199,37.803847],[-122.294152,37.803835],[-122.294097,37.803821]]}},{"type":"Feature","properties":{"name":"12th Street","kind":"major","eras":["1950","1965","1985"],"src":"osm"},"geometry":{"type":"LineString","coordinates":[[-122.270839,37.80247],[-122.270944,37.802511],[-122.271179,37.802603],[-122.27152,37.802737],[-122.271873,37.802875],[-122.271927,37.802897],[-122.272057,37.802948]]}},{"type":"Feature","properties":{"name":"14th Street","kind":"major","eras":["1950","1965","1985"],"src":"osm"},"geometry":{"type":"LineString","coordinates":[[-122.269982,37.803847],[-122.269884,37.803813],[-122.269799,37.803779],[-122.269326,37.803595],[-122.26891,37.803433],[-122.2688,37.803389]]}},{"type":"Feature","properties":{"name":"Broadway","kind":"major","eras":["1950","1965","1985"],"src":"osm"},"geometry":{"type":"LineString","coordinates":[[-122.273391,37.800897],[-122.273434,37.800828],[-122.273777,37.800308],[-122.273835,37.800217],[-122.273884,37.80014],[-122.274207,37.799625],[-122.274262,37.799534]]}},{"type":"Feature","properties":{"name":"3rd Street","kind":"street","eras":["1950","1965","1985"],"src":"osm"},"geometry":{"type":"LineString","coordinates":[[-122.289143,37.80107],[-122.289096,37.80106],[-122.288141,37.800843],[-122.287055,37.800589],[-122.286547,37.800474],[-122.286031,37.800358],[-122.28552,37.800241],[-122.285249,37.800178],[-122.285027,37.800127],[-122.284059,37.79991],[-122.283927,37.799876]]}},{"type":"Feature","properties":{"name":"7th Street","kind":"major","eras":["1950","1965","1985"],"src":"osm"},"geometry":{"type":"LineString","coordinates":[[-122.295296,37.805385],[-122.295135,37.805349],[-122.295041,37.805328],[-122.294954,37.805308]]}},{"type":"Feature","properties":{"name":"11th Street","kind":"major","eras":["1950","1965","1985"],"src":"osm"},"geometry":{"type":"LineString","coordinates":[[-122.276083,37.803674],[-122.276036,37.803656],[-122.275979,37.803635],[-122.275914,37.803609],[-122.27587,37.803592],[-122.275712,37.803529]]}},{"type":"Feature","properties":{"name":"11th Street","kind":"major","eras":["1950","1965","1985"],"src":"osm"},"geometry":{"type":"LineString","coordinates":[[-122.276837,37.803968],[-122.276225,37.803726]]}},{"type":"Feature","properties":{"name":"10th Street","kind":"street","eras":["1950","1965","1985"],"src":"osm"},"geometry":{"type":"LineString","coordinates":[[-122.269972,37.800408],[-122.270417,37.800584],[-122.270522,37.800625]]}},{"type":"Feature","properties":{"name":"Nimitz Freeway","kind":"freeway","eras":["1965","1985"],"src":"osm"},"geometry":{"type":"LineString","coordinates":[[-122.266998,37.795499],[-122.267163,37.795643],[-122.267959,37.796008],[-122.268369,37.796226],[-122.268624,37.79638],[-122.269056,37.796625],[-122.269448,37.7968],[-122.269666,37.796877],[-122.269884,37.796953],[-122.270848,37.797287],[-122.271859,37.797646],[-122.271974,37.79766]]}},{"type":"Feature","properties":{"name":"Nimitz Freeway","kind":"freeway","eras":["1965","1985"],"src":"osm"},"geometry":{"type":"LineString","coordinates":[[-122.296922,37.818337],[-122.296992,37.818219],[-122.297072,37.818102],[-122.297159,37.817987],[-122.297249,37.817879],[-122.297346,37.817775],[-122.297454,37.817671],[-122.297561,37.817574],[-122.298584,37.816688],[-122.299669,37.815749]]}},{"type":"Feature","properties":{"name":"Campbell Street","kind":"street","eras":["1950","1965","1985"],"src":"osm"},"geometry":{"type":"LineString","coordinates":[[-122.289382,37.819291],[-122.289446,37.819237],[-122.289524,37.819167],[-122.289715,37.81896]]}},{"type":"Feature","properties":{"name":"Brush Street","kind":"street","eras":["1950","1965","1985"],"src":"osm"},"geometry":{"type":"LineString","coordinates":[[-122.276702,37.809796],[-122.276761,37.80971],[-122.276778,37.809686]]}},{"type":"Feature","properties":{"name":"Brush Street","kind":"street","eras":["1950","1965","1985"],"src":"osm"},"geometry":{"type":"LineString","coordinates":[[-122.277163,37.809165],[-122.277219,37.809106],[-122.277412,37.808879],[-122.277697,37.808552],[-122.278173,37.808005],[-122.278225,37.807941],[-122.278263,37.807893],[-122.2783,37.807843],[-122.278337,37.807789],[-122.278377,37.807727],[-122.278452,37.80761],[-122.278622,37.807339],[-122.278692,37.80722],[-122.278751,37.807118],[-122.279099,37.806558],[-122.279465,37.805971],[-122.27952,37.805882]]}},{"type":"Feature","properties":{"name":"Castro Street","kind":"street","eras":["1950","1965","1985"],"src":"osm"},"geometry":{"type":"LineString","coordinates":[[-122.274208,37.811289],[-122.274169,37.811324],[-122.274109,37.811375],[-122.274051,37.811424],[-122.27399,37.811471],[-122.273806,37.811604],[-122.273713,37.81165]]}},{"type":"Feature","properties":{"name":"Castro Street","kind":"street","eras":["1950","1965","1985"],"src":"osm"},"geometry":{"type":"LineString","coordinates":[[-122.274563,37.810826],[-122.274447,37.811013],[-122.27441,37.811072],[-122.27437,37.811129],[-122.274321,37.811183],[-122.274265,37.81124],[-122.274208,37.811289]]}},{"type":"Feature","properties":{"name":"Castro Street","kind":"street","eras":["1950","1965","1985"],"src":"osm"},"geometry":{"type":"LineString","coordinates":[[-122.278453,37.804596],[-122.278402,37.804689],[-122.27807,37.805215],[-122.278013,37.805289]]}},{"type":"Feature","properties":{"name":"Nimitz Freeway","kind":"freeway","eras":["1985"],"src":"osm"},"geometry":{"type":"LineString","coordinates":[[-122.278188,37.807184],[-122.278313,37.806952],[-122.278428,37.806736],[-122.278551,37.806504],[-122.278689,37.806247],[-122.278834,37.80597],[-122.27898,37.8057],[-122.279106,37.805464],[-122.279224,37.805248],[-122.27932,37.805067],[-122.27943,37.804866],[-122.279492,37.804744],[-122.279548,37.804612],[-122.279646,37.804338]]}},{"type":"Feature","properties":{"name":"Frontage Road","kind":"major","eras":["1950","1965","1985"],"src":"osm"},"geometry":{"type":"LineString","coordinates":[[-122.294153,37.819159],[-122.294042,37.81922]]}},{"type":"Feature","properties":{"name":"West Grand Avenue","kind":"major","eras":["1950","1965","1985"],"src":"osm"},"geometry":{"type":"LineString","coordinates":[[-122.292967,37.818674],[-122.29316,37.818769]]}},{"type":"Feature","properties":{"name":"West Grand Avenue","kind":"major","eras":["1950","1965","1985"],"src":"osm"},"geometry":{"type":"LineString","coordinates":[[-122.292138,37.818257],[-122.292967,37.818674]]}},{"type":"Feature","properties":{"name":"West Grand Avenue","kind":"major","eras":["1950","1965","1985"],"src":"osm"},"geometry":{"type":"LineString","coordinates":[[-122.29316,37.818769],[-122.293923,37.819151],[-122.294042,37.81922]]}},{"type":"Feature","properties":{"name":"West Grand Avenue","kind":"major","eras":["1950","1965","1985"],"src":"osm"},"geometry":{"type":"LineString","coordinates":[[-122.294042,37.81922],[-122.294147,37.819274]]}},{"type":"Feature","properties":{"name":"West Grand Avenue","kind":"major","eras":["1950","1965","1985"],"src":"osm"},"geometry":{"type":"LineString","coordinates":[[-122.294654,37.819458],[-122.294153,37.819159]]}},{"type":"Feature","properties":{"name":"West Grand Avenue","kind":"major","eras":["1950","1965","1985"],"src":"osm"},"geometry":{"type":"LineString","coordinates":[[-122.294153,37.819159],[-122.293989,37.819072],[-122.293211,37.818681],[-122.293066,37.818611],[-122.292924,37.818544],[-122.292782,37.818476],[-122.292647,37.818412],[-122.292513,37.818345],[-122.292359,37.818271],[-122.292193,37.818188]]}},{"type":"Feature","properties":{"name":"West Grand Avenue","kind":"major","eras":["1950","1965","1985"],"src":"osm"},"geometry":{"type":"LineString","coordinates":[[-122.29858,37.821829],[-122.297698,37.821414],[-122.297202,37.821185],[-122.29688,37.821036],[-122.296679,37.820942],[-122.296348,37.820759]]}},{"type":"Feature","properties":{"name":"Nimitz Freeway","kind":"freeway","eras":["1965","1985"],"src":"osm"},"geometry":{"type":"LineString","coordinates":[[-122.293116,37.822136],[-122.293134,37.822071],[-122.293213,37.821747],[-122.29326,37.821553],[-122.293326,37.821294],[-122.293436,37.820842],[-122.293502,37.820583],[-122.293545,37.820409]]}},{"type":"Feature","properties":{"name":"Nimitz Freeway","kind":"freeway","eras":["1965","1985"],"src":"osm"},"geometry":{"type":"LineString","coordinates":[[-122.293378,37.820072],[-122.293257,37.820225],[-122.2932,37.820298]]}},{"type":"Feature","properties":{"name":"Maritime Street","kind":"major","eras":["1950","1965","1985"],"src":"osm"},"geometry":{"type":"LineString","coordinates":[[-122.30447,37.818915],[-122.305028,37.818388],[-122.305414,37.818022]]}},{"type":"Feature","properties":{"name":"7th Street","kind":"major","eras":["1950","1965","1985"],"src":"osm"},"geometry":{"type":"LineString","coordinates":[[-122.302719,37.80719],[-122.302645,37.807152],[-122.302525,37.807078],[-122.302387,37.807003]]}},{"type":"Feature","properties":{"name":"Frontage Road","kind":"major","eras":["1950","1965","1985"],"src":"osm"},"geometry":{"type":"LineString","coordinates":[[-122.3041,37.807815],[-122.304036,37.80763]]}},{"type":"Feature","properties":{"name":"Frontage Road","kind":"major","eras":["1950","1965","1985"],"src":"osm"},"geometry":{"type":"LineString","coordinates":[[-122.304165,37.808405],[-122.304118,37.807923],[-122.3041,37.807815]]}},{"type":"Feature","properties":{"name":"Nimitz Freeway","kind":"freeway","eras":["1965","1985"],"src":"osm"},"geometry":{"type":"LineString","coordinates":[[-122.304028,37.80703],[-122.304029,37.807091],[-122.304029,37.807166],[-122.304028,37.807252],[-122.304026,37.80733],[-122.304023,37.807417],[-122.304019,37.807519],[-122.304036,37.80763]]}},{"type":"Feature","properties":{"name":"Nimitz Freeway","kind":"freeway","eras":["1965","1985"],"src":"osm"},"geometry":{"type":"LineString","coordinates":[[-122.303222,37.804386],[-122.303139,37.804315],[-122.303054,37.804245],[-122.302933,37.804151],[-122.302815,37.804061],[-122.30269,37.803972],[-122.302561,37.803886],[-122.302279,37.80371]]}},{"type":"Feature","properties":{"name":"Nimitz Freeway","kind":"freeway","eras":["1965","1985"],"src":"osm"},"geometry":{"type":"LineString","coordinates":[[-122.304168,37.805317],[-122.304121,37.805265],[-122.304074,37.805214],[-122.303975,37.805105],[-122.303871,37.804998],[-122.303766,37.804894],[-122.303661,37.804793],[-122.303555,37.804692],[-122.303443,37.804589],[-122.303338,37.804492],[-122.303222,37.804386]]}},{"type":"Feature","properties":{"name":"11th Street","kind":"major","eras":["1950","1965","1985"],"src":"osm"},"geometry":{"type":"LineString","coordinates":[[-122.280517,37.805403],[-122.280274,37.80531],[-122.280215,37.805288],[-122.280182,37.805276],[-122.280054,37.805227],[-122.279958,37.805189]]}},{"type":"Feature","properties":{"name":"5th Street","kind":"major","eras":["1950","1965","1985"],"src":"osm"},"geometry":{"type":"LineString","coordinates":[[-122.290767,37.80354],[-122.290963,37.803594]]}},{"type":"Feature","properties":{"name":"5th Street","kind":"major","eras":["1950","1965","1985"],"src":"osm"},"geometry":{"type":"LineString","coordinates":[[-122.288534,37.80293],[-122.288756,37.80299],[-122.289605,37.803223]]}},{"type":"Feature","properties":{"name":"5th Street","kind":"major","eras":["1950","1965","1985"],"src":"osm"},"geometry":{"type":"LineString","coordinates":[[-122.288586,37.802794],[-122.288397,37.802749],[-122.287497,37.802534]]}},{"type":"Feature","properties":{"name":"5th Street","kind":"major","eras":["1950","1965","1985"],"src":"osm"},"geometry":{"type":"LineString","coordinates":[[-122.28364,37.801459],[-122.283517,37.801417],[-122.283427,37.801386]]}},{"type":"Feature","properties":{"name":"5th Street","kind":"major","eras":["1950","1965","1985"],"src":"osm"},"geometry":{"type":"LineString","coordinates":[[-122.287497,37.802534],[-122.287166,37.802406],[-122.286319,37.802186],[-122.285745,37.802045]]}},{"type":"Feature","properties":{"name":"Union Street","kind":"major","eras":["1950","1965","1985"],"src":"osm"},"geometry":{"type":"LineString","coordinates":[[-122.290882,37.803417],[-122.290767,37.80354]]}},{"type":"Feature","properties":{"name":"Union Street","kind":"major","eras":["1950","1965","1985"],"src":"osm"},"geometry":{"type":"LineString","coordinates":[[-122.290963,37.803594],[-122.291079,37.803482]]}},{"type":"Feature","properties":{"name":"Nimitz Freeway","kind":"freeway","eras":["1965","1985"],"src":"osm"},"geometry":{"type":"LineString","coordinates":[[-122.293197,37.802678],[-122.294064,37.802537],[-122.294278,37.802501],[-122.294994,37.802384],[-122.295198,37.802351],[-122.295346,37.802329],[-122.295501,37.802309],[-122.295653,37.802291],[-122.295795,37.802276],[-122.295945,37.802263],[-122.29609,37.802251],[-122.296227,37.802244],[-122.296368,37.802238]]}},{"type":"Feature","properties":{"name":"7th Street","kind":"major","eras":["1950","1965","1985"],"src":"osm"},"geometry":{"type":"LineString","coordinates":[[-122.288848,37.803929],[-122.288355,37.803824],[-122.288236,37.803799]]}},{"type":"Feature","properties":{"name":"7th Street","kind":"major","eras":["1950","1965","1985"],"src":"osm"},"geometry":{"type":"LineString","coordinates":[[-122.285555,37.803366],[-122.285821,37.803424],[-122.286013,37.803465]]}},{"type":"Feature","properties":{"name":"7th Street","kind":"major","eras":["1950","1965","1985"],"src":"osm"},"geometry":{"type":"LineString","coordinates":[[-122.280775,37.802235],[-122.281176,37.802391],[-122.28127,37.802428]]}},{"type":"Feature","properties":{"name":"7th Street","kind":"major","eras":["1950","1965","1985"],"src":"osm"},"geometry":{"type":"LineString","coordinates":[[-122.287474,37.80378],[-122.287586,37.803805]]}},{"type":"Feature","properties":{"name":"7th Street","kind":"major","eras":["1950","1965","1985"],"src":"osm"},"geometry":{"type":"LineString","coordinates":[[-122.285517,37.803205],[-122.285177,37.80313],[-122.285022,37.803096]]}},{"type":"Feature","properties":{"name":"7th Street","kind":"major","eras":["1950","1965","1985"],"src":"osm"},"geometry":{"type":"LineString","coordinates":[[-122.287586,37.803805],[-122.288067,37.803908],[-122.288186,37.803933]]}},{"type":"Feature","properties":{"name":"7th Street","kind":"major","eras":["1950","1965","1985"],"src":"osm"},"geometry":{"type":"LineString","coordinates":[[-122.286013,37.803465],[-122.286238,37.803515]]}},{"type":"Feature","properties":{"name":"7th Street","kind":"major","eras":["1950","1965","1985"],"src":"osm"},"geometry":{"type":"LineString","coordinates":[[-122.288186,37.803933],[-122.288313,37.803955]]}},{"type":"Feature","properties":{"name":"7th Street","kind":"major","eras":["1950","1965","1985"],"src":"osm"},"geometry":{"type":"LineString","coordinates":[[-122.29087,37.804395],[-122.290503,37.804319],[-122.290401,37.804292]]}},{"type":"Feature","properties":{"name":"7th Street","kind":"major","eras":["1950","1965","1985"],"src":"osm"},"geometry":{"type":"LineString","coordinates":[[-122.286465,37.803565],[-122.287244,37.803731],[-122.287474,37.80378]]}},{"type":"Feature","properties":{"name":"7th Street","kind":"major","eras":["1950","1965","1985"],"src":"osm"},"geometry":{"type":"LineString","coordinates":[[-122.288236,37.803799],[-122.288116,37.803773],[-122.287875,37.803723],[-122.287465,37.803637],[-122.287405,37.803623],[-122.286057,37.803323],[-122.285858,37.80328],[-122.285517,37.803205]]}},{"type":"Feature","properties":{"name":"Nimitz Freeway","kind":"freeway","eras":["1965","1985"],"src":"osm"},"geometry":{"type":"LineString","coordinates":[[-122.282422,37.801734],[-122.282804,37.801898]]}},{"type":"Feature","properties":{"name":"Nimitz Freeway","kind":"freeway","eras":["1965","1985"],"src":"osm"},"geometry":{"type":"LineString","coordinates":[[-122.281458,37.801324],[-122.282143,37.801611]]}},{"type":"Feature","properties":{"name":"7th Street","kind":"major","eras":["1950","1965","1985"],"src":"osm"},"geometry":{"type":"LineString","coordinates":[[-122.292369,37.804805],[-122.2934,37.805031],[-122.293522,37.805058],[-122.293566,37.805068]]}},{"type":"Feature","properties":{"name":"Nimitz Freeway","kind":"freeway","eras":["1965","1985"],"src":"osm"},"geometry":{"type":"LineString","coordinates":[[-122.291465,37.802822],[-122.291408,37.802881]]}},{"type":"Feature","properties":{"name":"6th Street","kind":"street","eras":["1950","1965","1985"],"src":"osm"},"geometry":{"type":"LineString","coordinates":[[-122.277785,37.800065],[-122.27812,37.800193],[-122.278227,37.800221]]}},{"type":"Feature","properties":{"name":"6th Street","kind":"major","eras":["1950","1965","1985"],"src":"osm"},"geometry":{"type":"LineString","coordinates":[[-122.267933,37.796199],[-122.268098,37.796217],[-122.268652,37.796374],[-122.268746,37.796401]]}},{"type":"Feature","properties":{"name":"6th Street","kind":"street","eras":["1950","1965","1985"],"src":"osm"},"geometry":{"type":"LineString","coordinates":[[-122.274712,37.798822],[-122.274779,37.79886],[-122.274795,37.798868],[-122.274825,37.798882],[-122.274878,37.798906],[-122.274916,37.798923],[-122.275775,37.799268],[-122.275866,37.799304]]}},{"type":"Feature","properties":{"name":"7th Street","kind":"major","eras":["1950","1965","1985"],"src":"osm"},"geometry":{"type":"LineString","coordinates":[[-122.272559,37.798865],[-122.272242,37.798739],[-122.271918,37.798609],[-122.271807,37.798565]]}},{"type":"Feature","properties":{"name":"7th Street","kind":"major","eras":["1950","1965","1985"],"src":"osm"},"geometry":{"type":"LineString","coordinates":[[-122.272985,37.799028],[-122.272891,37.798992],[-122.272559,37.798865]]}},{"type":"Feature","properties":{"name":"7th Street","kind":"major","eras":["1950","1965","1985"],"src":"osm"},"geometry":{"type":"LineString","coordinates":[[-122.270642,37.798108],[-122.270534,37.798066],[-122.270279,37.797968],[-122.270116,37.797905]]}},{"type":"Feature","properties":{"name":"Nimitz Freeway","kind":"freeway","eras":["1965","1985"],"src":"osm"},"geometry":{"type":"LineString","coordinates":[[-122.271974,37.79766],[-122.273706,37.798361]]}},{"type":"Feature","properties":{"name":"Nimitz Freeway","kind":"freeway","eras":["1965","1985"],"src":"osm"},"geometry":{"type":"LineString","coordinates":[[-122.268746,37.796401],[-122.268835,37.796435],[-122.269263,37.796599]]}},{"type":"Feature","properties":{"name":"Nimitz Freeway","kind":"freeway","eras":["1965","1985"],"src":"osm"},"geometry":{"type":"LineString","coordinates":[[-122.270182,37.796915],[-122.270527,37.797014],[-122.270926,37.797155]]}},{"type":"Feature","properties":{"name":"Nimitz Freeway","kind":"freeway","eras":["1965","1985"],"src":"osm"},"geometry":{"type":"LineString","coordinates":[[-122.274228,37.798596],[-122.274532,37.798728],[-122.274611,37.798768]]}},{"type":"Feature","properties":{"name":"17th Street","kind":"street","eras":["1950","1965","1985"],"src":"osm"},"geometry":{"type":"LineString","coordinates":[[-122.270275,37.806829],[-122.270162,37.806803],[-122.270041,37.806766],[-122.269931,37.806725],[-122.269872,37.806702],[-122.26974,37.806652]]}},{"type":"Feature","properties":{"name":"17th Street","kind":"street","eras":["1950","1965","1985"],"src":"osm"},"geometry":{"type":"LineString","coordinates":[[-122.276239,37.808748],[-122.276127,37.808698],[-122.276011,37.808655],[-122.275933,37.808626]]}},{"type":"Feature","properties":{"name":"17th Street","kind":"street","eras":["1950","1965","1985"],"src":"osm"},"geometry":{"type":"LineString","coordinates":[[-122.276526,37.808884],[-122.276239,37.808748]]}},{"type":"Feature","properties":{"name":"17th Street","kind":"street","eras":["1950","1965","1985"],"src":"osm"},"geometry":{"type":"LineString","coordinates":[[-122.272882,37.807339],[-122.272546,37.807219],[-122.272432,37.807185]]}},{"type":"Feature","properties":{"name":"17th Street","kind":"street","eras":["1950","1965","1985"],"src":"osm"},"geometry":{"type":"LineString","coordinates":[[-122.277556,37.809329],[-122.277265,37.809202],[-122.277163,37.809165]]}},{"type":"Feature","properties":{"name":"19th Street","kind":"street","eras":["1950","1965","1985"],"src":"osm"},"geometry":{"type":"LineString","coordinates":[[-122.273622,37.80877],[-122.273769,37.808737],[-122.273853,37.808731],[-122.273943,37.808734],[-122.27402,37.808745],[-122.274112,37.808764],[-122.274221,37.808802],[-122.274271,37.80882],[-122.274327,37.80885]]}},{"type":"Feature","properties":{"name":"27th Street","kind":"street","eras":["1950","1965","1985"],"src":"osm"},"geometry":{"type":"LineString","coordinates":[[-122.269236,37.816508],[-122.269696,37.81665],[-122.269791,37.816679]]}},{"type":"Feature","properties":{"name":"27th Street","kind":"street","eras":["1950","1965","1985"],"src":"osm"},"geometry":{"type":"LineString","coordinates":[[-122.26881,37.816262],[-122.268749,37.816252],[-122.268091,37.816143],[-122.267929,37.816117]]}},{"type":"Feature","properties":{"name":"27th Street","kind":"street","eras":["1950","1965","1985"],"src":"osm"},"geometry":{"type":"LineString","coordinates":[[-122.272103,37.817081],[-122.271768,37.817028],[-122.271658,37.817005]]}},{"type":"Feature","properties":{"name":"27th Street","kind":"street","eras":["1950","1965","1985"],"src":"osm"},"geometry":{"type":"LineString","coordinates":[[-122.268574,37.816367],[-122.268681,37.81639],[-122.269083,37.816476],[-122.269236,37.816508]]}},{"type":"Feature","properties":{"name":"27th Street","kind":"street","eras":["1950","1965","1985"],"src":"osm"},"geometry":{"type":"LineString","coordinates":[[-122.270195,37.816579],[-122.269847,37.81647]]}},{"type":"Feature","properties":{"name":"27th Street","kind":"street","eras":["1950","1965","1985"],"src":"osm"},"geometry":{"type":"LineString","coordinates":[[-122.271658,37.817005],[-122.271551,37.81698],[-122.271058,37.816861],[-122.270195,37.816579]]}},{"type":"Feature","properties":{"name":"27th Street","kind":"street","eras":["1950","1965","1985"],"src":"osm"},"geometry":{"type":"LineString","coordinates":[[-122.274837,37.817645],[-122.275138,37.817696],[-122.275466,37.817749],[-122.275549,37.817764]]}},{"type":"Feature","properties":{"name":"27th Street","kind":"street","eras":["1950","1965","1985"],"src":"osm"},"geometry":{"type":"LineString","coordinates":[[-122.269847,37.81647],[-122.269746,37.816446],[-122.269407,37.816366],[-122.269073,37.816308],[-122.26881,37.816262]]}},{"type":"Feature","properties":{"name":"27th Street","kind":"street","eras":["1950","1965","1985"],"src":"osm"},"geometry":{"type":"LineString","coordinates":[[-122.275515,37.817658],[-122.275429,37.817642],[-122.274817,37.817546],[-122.274345,37.817469],[-122.27422,37.81745],[-122.27411,37.817433],[-122.273277,37.817292]]}},{"type":"Feature","properties":{"name":"27th Street","kind":"street","eras":["1950","1965","1985"],"src":"osm"},"geometry":{"type":"LineString","coordinates":[[-122.271627,37.81713],[-122.271741,37.817143],[-122.272864,37.817322],[-122.273694,37.817455],[-122.274092,37.817521],[-122.274199,37.817537],[-122.274321,37.81756],[-122.274837,37.817645]]}},{"type":"Feature","properties":{"name":"Nimitz Freeway","kind":"freeway","eras":["1985"],"src":"osm"},"geometry":{"type":"LineString","coordinates":[[-122.270847,37.817511],[-122.270986,37.817098],[-122.271009,37.817025]]}},{"type":"Feature","properties":{"name":"Nimitz Freeway","kind":"freeway","eras":["1985"],"src":"osm"},"geometry":{"type":"LineString","coordinates":[[-122.277515,37.806561],[-122.276907,37.80753],[-122.276867,37.807591],[-122.276825,37.807647],[-122.276694,37.807814],[-122.276653,37.80787],[-122.276613,37.807928],[-122.276579,37.807983],[-122.276505,37.808103],[-122.276468,37.808162]]}},{"type":"Feature","properties":{"name":"Nimitz Freeway","kind":"freeway","eras":["1985"],"src":"osm"},"geometry":{"type":"LineString","coordinates":[[-122.277355,37.807217],[-122.27705,37.807753],[-122.276941,37.807942],[-122.276837,37.808116],[-122.276731,37.808291],[-122.276619,37.808468],[-122.276509,37.808636]]}},{"type":"Feature","properties":{"name":"Nimitz Freeway","kind":"freeway","eras":["1985"],"src":"osm"},"geometry":{"type":"LineString","coordinates":[[-122.279543,37.80361],[-122.279339,37.803897],[-122.27928,37.803991],[-122.279139,37.804231],[-122.279068,37.80435],[-122.279001,37.804459],[-122.27894,37.804559],[-122.278886,37.804644],[-122.278817,37.804754],[-122.278743,37.804865],[-122.278679,37.80496],[-122.278627,37.80504],[-122.278579,37.805108],[-122.278529,37.805176],[-122.278473,37.80525],[-122.278415,37.805323],[-122.278257,37.805516],[-122.278198,37.805587],[-122.278144,37.805654],[-122.278091,37.805722],[-122.278039,37.80579],[-122.277986,37.805862],[-122.277937,37.805931],[-122.2779,37.805986],[-122.277864,37.806041],[-122.27779,37.806158],[-122.277742,37.806231],[-122.277558,37.806495],[-122.277515,37.806561]]}},{"type":"Feature","properties":{"name":"I-980 \u00b7 Grove Shafter Fwy","kind":"freeway","eras":["1985"],"src":"osm"},"geometry":{"type":"LineString","coordinates":[[-122.270531,37.817219],[-122.27057,37.817101]]}},{"type":"Feature","properties":{"name":"Northgate Avenue","kind":"major","eras":["1950","1965","1985"],"src":"osm"},"geometry":{"type":"LineString","coordinates":[[-122.270543,37.814263],[-122.270653,37.813822]]}},{"type":"Feature","properties":{"name":"Northgate Avenue","kind":"major","eras":["1950","1965","1985"],"src":"osm"},"geometry":{"type":"LineString","coordinates":[[-122.271002,37.813],[-122.27073,37.813366]]}},{"type":"Feature","properties":{"name":"Northgate Avenue","kind":"major","eras":["1950","1965","1985"],"src":"osm"},"geometry":{"type":"LineString","coordinates":[[-122.270851,37.81342],[-122.271148,37.813024]]}},{"type":"Feature","properties":{"name":"Northgate Avenue","kind":"major","eras":["1950","1965","1985"],"src":"osm"},"geometry":{"type":"LineString","coordinates":[[-122.270314,37.815403],[-122.27033,37.815322],[-122.270543,37.814263]]}},{"type":"Feature","properties":{"name":"Northgate Avenue","kind":"major","eras":["1950","1965","1985"],"src":"osm"},"geometry":{"type":"LineString","coordinates":[[-122.270325,37.815695],[-122.270302,37.815601],[-122.270293,37.815505],[-122.270302,37.815458],[-122.270314,37.815403]]}},{"type":"Feature","properties":{"name":"Northgate Avenue","kind":"major","eras":["1950","1965","1985"],"src":"osm"},"geometry":{"type":"LineString","coordinates":[[-122.271439,37.81238],[-122.271459,37.812324],[-122.271481,37.812264]]}},{"type":"Feature","properties":{"name":"Northgate Avenue","kind":"major","eras":["1950","1965","1985"],"src":"osm"},"geometry":{"type":"LineString","coordinates":[[-122.270157,37.815377],[-122.270114,37.815531],[-122.270082,37.815647],[-122.269873,37.816389],[-122.269847,37.81647],[-122.269791,37.816679]]}},{"type":"Feature","properties":{"name":"8th Street","kind":"street","eras":["1950","1965","1985"],"src":"osm"},"geometry":{"type":"LineString","coordinates":[[-122.303296,37.808707],[-122.303226,37.808679],[-122.303181,37.808661],[-122.302659,37.808393],[-122.302599,37.808362],[-122.30211,37.808116],[-122.302033,37.80809]]}},{"type":"Feature","properties":{"name":"Nimitz Freeway","kind":"freeway","eras":["1965","1985"],"src":"osm"},"geometry":{"type":"LineString","coordinates":[[-122.304206,37.811416],[-122.304274,37.811293],[-122.304338,37.811174],[-122.304399,37.81105],[-122.304457,37.810926],[-122.30451,37.810803],[-122.304562,37.810678],[-122.304612,37.810552],[-122.304657,37.810427],[-122.304699,37.8103],[-122.304738,37.810172]]}},{"type":"Feature","properties":{"name":"Nimitz Freeway","kind":"freeway","eras":["1985"],"src":"osm"},"geometry":{"type":"LineString","coordinates":[[-122.268944,37.820549],[-122.268818,37.82111],[-122.268503,37.822229]]}},{"type":"Feature","properties":{"name":"6th Street","kind":"street","eras":["1950","1965","1985"],"src":"osm"},"geometry":{"type":"LineString","coordinates":[[-122.268938,37.796637],[-122.269844,37.796989]]}},{"type":"Feature","properties":{"name":"6th Street","kind":"street","eras":["1950","1965","1985"],"src":"osm"},"geometry":{"type":"LineString","coordinates":[[-122.269933,37.797026],[-122.270842,37.797362]]}},{"type":"Feature","properties":{"name":"Nimitz Freeway","kind":"freeway","eras":["1985"],"src":"osm"},"geometry":{"type":"LineString","coordinates":[[-122.278927,37.804041],[-122.278645,37.80449],[-122.2786,37.804517],[-122.278554,37.804547],[-122.278505,37.804571],[-122.278453,37.804596]]}},{"type":"Feature","properties":{"name":"5th Street","kind":"street","eras":["1950","1965","1985"],"src":"osm"},"geometry":{"type":"LineString","coordinates":[[-122.273885,37.797611],[-122.273186,37.797335]]}},{"type":"Feature","properties":{"name":"Brush Street","kind":"major","eras":["1950","1965","1985"],"src":"osm"},"geometry":{"type":"LineString","coordinates":[[-122.279776,37.805471],[-122.27989,37.805289],[-122.279958,37.805189]]}},{"type":"Feature","properties":{"name":"Brush Street","kind":"major","eras":["1950","1965","1985"],"src":"osm"},"geometry":{"type":"LineString","coordinates":[[-122.27952,37.805882],[-122.279569,37.805801],[-122.279776,37.805471]]}},{"type":"Feature","properties":{"name":"West Grand Avenue","kind":"major","eras":["1950","1965","1985"],"src":"osm"},"geometry":{"type":"LineString","coordinates":[[-122.289927,37.816991],[-122.289774,37.816908],[-122.289733,37.816886],[-122.289634,37.81683]]}},{"type":"Feature","properties":{"name":"West Grand Avenue","kind":"major","eras":["1950","1965","1985"],"src":"osm"},"geometry":{"type":"LineString","coordinates":[[-122.279161,37.814574],[-122.278939,37.814532],[-122.278801,37.814493],[-122.278677,37.814459]]}},{"type":"Feature","properties":{"name":"West Grand Avenue","kind":"major","eras":["1950","1965","1985"],"src":"osm"},"geometry":{"type":"LineString","coordinates":[[-122.288779,37.816712],[-122.288966,37.816759],[-122.289063,37.816787]]}},{"type":"Feature","properties":{"name":"West Grand Avenue","kind":"major","eras":["1950","1965","1985"],"src":"osm"},"geometry":{"type":"LineString","coordinates":[[-122.289188,37.816824],[-122.289376,37.816884],[-122.289546,37.81695],[-122.289619,37.81698]]}},{"type":"Feature","properties":{"name":"West Grand Avenue","kind":"major","eras":["1950","1965","1985"],"src":"osm"},"geometry":{"type":"LineString","coordinates":[[-122.289634,37.81683],[-122.289562,37.816797],[-122.289401,37.816744],[-122.289219,37.816692]]}},{"type":"Feature","properties":{"name":"West Grand Avenue","kind":"major","eras":["1950","1965","1985"],"src":"osm"},"geometry":{"type":"LineString","coordinates":[[-122.292193,37.818188],[-122.29161,37.817897],[-122.291265,37.817723],[-122.291196,37.817688]]}},{"type":"Feature","properties":{"name":"West Grand Avenue","kind":"major","eras":["1950","1965","1985"],"src":"osm"},"geometry":{"type":"LineString","coordinates":[[-122.289619,37.81698],[-122.289715,37.81703],[-122.289821,37.817085],[-122.290063,37.817212],[-122.290307,37.817338],[-122.290462,37.817418],[-122.2908,37.817588]]}},{"type":"Feature","properties":{"name":"14th Street","kind":"major","eras":["1950","1965","1985"],"src":"osm"},"geometry":{"type":"LineString","coordinates":[[-122.287229,37.809844],[-122.287307,37.809861],[-122.287793,37.809971]]}},{"type":"Feature","properties":{"name":"14th Street","kind":"major","eras":["1950","1965","1985"],"src":"osm"},"geometry":{"type":"LineString","coordinates":[[-122.285571,37.809468],[-122.285983,37.80956],[-122.286028,37.809569],[-122.286137,37.809595]]}},{"type":"Feature","properties":{"name":"14th Street","kind":"major","eras":["1950","1965","1985"],"src":"osm"},"geometry":{"type":"LineString","coordinates":[[-122.281406,37.808425],[-122.281084,37.808242],[-122.281059,37.808228],[-122.280969,37.808175]]}},{"type":"Feature","properties":{"name":"14th Street","kind":"major","eras":["1950","1965","1985"],"src":"osm"},"geometry":{"type":"LineString","coordinates":[[-122.280286,37.807933],[-122.280348,37.807967],[-122.28072,37.808174],[-122.280809,37.808224]]}},{"type":"Feature","properties":{"name":"14th Street","kind":"major","eras":["1950","1965","1985"],"src":"osm"},"geometry":{"type":"LineString","coordinates":[[-122.288707,37.810075],[-122.288348,37.809994]]}},{"type":"Feature","properties":{"name":"14th Street","kind":"major","eras":["1950","1965","1985"],"src":"osm"},"geometry":{"type":"LineString","coordinates":[[-122.287793,37.809971],[-122.288307,37.810087]]}},{"type":"Feature","properties":{"name":"14th Street","kind":"major","eras":["1950","1965","1985"],"src":"osm"},"geometry":{"type":"LineString","coordinates":[[-122.286137,37.809595],[-122.286202,37.809609],[-122.286263,37.809623],[-122.287229,37.809844]]}},{"type":"Feature","properties":{"name":"14th Street","kind":"major","eras":["1950","1965","1985"],"src":"osm"},"geometry":{"type":"LineString","coordinates":[[-122.28674,37.809627],[-122.286298,37.809525],[-122.286239,37.809512],[-122.286173,37.809497]]}},{"type":"Feature","properties":{"name":"14th Street","kind":"major","eras":["1950","1965","1985"],"src":"osm"},"geometry":{"type":"LineString","coordinates":[[-122.288348,37.809994],[-122.287341,37.809764],[-122.28726,37.809746],[-122.28674,37.809627]]}},{"type":"Feature","properties":{"name":"14th Street","kind":"major","eras":["1950","1965","1985"],"src":"osm"},"geometry":{"type":"LineString","coordinates":[[-122.290245,37.810518],[-122.28993,37.810395],[-122.289555,37.810265],[-122.289316,37.810208],[-122.289294,37.810204],[-122.289033,37.810148],[-122.288707,37.810075]]}},{"type":"Feature","properties":{"name":"14th Street","kind":"major","eras":["1950","1965","1985"],"src":"osm"},"geometry":{"type":"LineString","coordinates":[[-122.278692,37.80722],[-122.278744,37.80731],[-122.279002,37.80741],[-122.279506,37.807607],[-122.280013,37.807809],[-122.280286,37.807933]]}},{"type":"Feature","properties":{"name":"14th Street","kind":"major","eras":["1950","1965","1985"],"src":"osm"},"geometry":{"type":"LineString","coordinates":[[-122.28085,37.808111],[-122.280766,37.808066],[-122.28035,37.807845],[-122.280091,37.807722],[-122.279557,37.807516],[-122.279493,37.807491]]}},{"type":"Feature","properties":{"name":"7th Street","kind":"major","eras":["1950","1965","1985"],"src":"osm"},"geometry":{"type":"LineString","coordinates":[[-122.297792,37.806001],[-122.297969,37.806042],[-122.298011,37.806052],[-122.298169,37.806089]]}},{"type":"Feature","properties":{"name":"7th Street","kind":"major","eras":["1950","1965","1985"],"src":"osm"},"geometry":{"type":"LineString","coordinates":[[-122.297358,37.805812],[-122.297173,37.805772],[-122.297064,37.805794]]}},{"type":"Feature","properties":{"name":"Market Street","kind":"major","eras":["1950","1965","1985"],"src":"osm"},"geometry":{"type":"LineString","coordinates":[[-122.28189,37.805899],[-122.282021,37.805539],[-122.282053,37.805451]]}},{"type":"Feature","properties":{"name":"Market Street","kind":"major","eras":["1950","1965","1985"],"src":"osm"},"geometry":{"type":"LineString","coordinates":[[-122.280994,37.807709],[-122.280909,37.807947],[-122.280888,37.808007],[-122.28085,37.808111]]}},{"type":"Feature","properties":{"name":"Market Street","kind":"major","eras":["1950","1965","1985"],"src":"osm"},"geometry":{"type":"LineString","coordinates":[[-122.280406,37.809334],[-122.280349,37.809492],[-122.280321,37.809565],[-122.28029,37.809649]]}},{"type":"Feature","properties":{"name":"Market Street","kind":"major","eras":["1950","1965","1985"],"src":"osm"},"geometry":{"type":"LineString","coordinates":[[-122.280677,37.808971],[-122.280901,37.808366],[-122.280916,37.808323],[-122.280929,37.808288]]}},{"type":"Feature","properties":{"name":"Market Street","kind":"major","eras":["1950","1965","1985"],"src":"osm"},"geometry":{"type":"LineString","coordinates":[[-122.281082,37.807862],[-122.281474,37.806766],[-122.281513,37.806677]]}},{"type":"Feature","properties":{"name":"Market Street","kind":"major","eras":["1950","1965","1985"],"src":"osm"},"geometry":{"type":"LineString","coordinates":[[-122.280809,37.808224],[-122.280797,37.808258],[-122.28078,37.808303],[-122.280578,37.808859],[-122.280406,37.809334]]}},{"type":"Feature","properties":{"name":"Market Street","kind":"major","eras":["1950","1965","1985"],"src":"osm"},"geometry":{"type":"LineString","coordinates":[[-122.281918,37.80542],[-122.281879,37.805529],[-122.281689,37.806062],[-122.281648,37.806163],[-122.281601,37.806257],[-122.281435,37.806545],[-122.281398,37.806623],[-122.281358,37.806714],[-122.281126,37.807353],[-122.280994,37.807709]]}},{"type":"Feature","properties":{"name":"Market Street","kind":"street","eras":["1950","1965","1985"],"src":"osm"},"geometry":{"type":"LineString","coordinates":[[-122.276225,37.821456],[-122.276211,37.821534],[-122.276201,37.821595],[-122.276191,37.821713]]}},{"type":"Feature","properties":{"name":"San Pablo Avenue","kind":"major","eras":["1950","1965","1985"],"src":"osm"},"geometry":{"type":"LineString","coordinates":[[-122.276457,37.820591],[-122.276486,37.820682]]}},{"type":"Feature","properties":{"name":"San Pablo Avenue","kind":"major","eras":["1950","1965","1985"],"src":"osm"},"geometry":{"type":"LineString","coordinates":[[-122.276486,37.820682],[-122.276543,37.820859]]}},{"type":"Feature","properties":{"name":"San Pablo Avenue","kind":"major","eras":["1950","1965","1985"],"src":"osm"},"geometry":{"type":"LineString","coordinates":[[-122.276325,37.819796],[-122.276308,37.819742],[-122.27628,37.819653],[-122.276242,37.819527],[-122.276217,37.819452]]}},{"type":"Feature","properties":{"name":"San Pablo Avenue","kind":"major","eras":["1950","1965","1985"],"src":"osm"},"geometry":{"type":"LineString","coordinates":[[-122.27645,37.820186],[-122.276417,37.820081],[-122.276358,37.819898],[-122.276325,37.819796]]}},{"type":"Feature","properties":{"name":"San Pablo Avenue","kind":"major","eras":["1950","1965","1985"],"src":"osm"},"geometry":{"type":"LineString","coordinates":[[-122.275823,37.81822],[-122.275742,37.817973],[-122.275721,37.817905],[-122.275652,37.81768]]}},{"type":"Feature","properties":{"name":"San Pablo Avenue","kind":"major","eras":["1950","1965","1985"],"src":"osm"},"geometry":{"type":"LineString","coordinates":[[-122.275854,37.818523],[-122.275882,37.81842],[-122.275823,37.81822]]}},{"type":"Feature","properties":{"name":"San Pablo Avenue","kind":"major","eras":["1950","1965","1985"],"src":"osm"},"geometry":{"type":"LineString","coordinates":[[-122.275287,37.816945],[-122.275361,37.817175]]}},{"type":"Feature","properties":{"name":"San Pablo Avenue","kind":"major","eras":["1950","1965","1985"],"src":"osm"},"geometry":{"type":"LineString","coordinates":[[-122.275625,37.818004],[-122.27566,37.818111],[-122.275746,37.818377],[-122.275766,37.818437],[-122.275854,37.818523]]}},{"type":"Feature","properties":{"name":"San Pablo Avenue","kind":"major","eras":["1950","1965","1985"],"src":"osm"},"geometry":{"type":"LineString","coordinates":[[-122.275067,37.816261],[-122.275131,37.81647]]}},{"type":"Feature","properties":{"name":"San Pablo Avenue","kind":"major","eras":["1950","1965","1985"],"src":"osm"},"geometry":{"type":"LineString","coordinates":[[-122.275131,37.81647],[-122.275154,37.81654],[-122.275287,37.816945]]}},{"type":"Feature","properties":{"name":"San Pablo Avenue","kind":"major","eras":["1950","1965","1985"],"src":"osm"},"geometry":{"type":"LineString","coordinates":[[-122.274645,37.814945],[-122.274741,37.815268],[-122.274747,37.815283],[-122.274783,37.815399]]}},{"type":"Feature","properties":{"name":"San Pablo Avenue","kind":"major","eras":["1950","1965","1985"],"src":"osm"},"geometry":{"type":"LineString","coordinates":[[-122.274499,37.814079],[-122.274421,37.813834]]}},{"type":"Feature","properties":{"name":"San Pablo Avenue","kind":"major","eras":["1950","1965","1985"],"src":"osm"},"geometry":{"type":"LineString","coordinates":[[-122.274421,37.813834],[-122.274388,37.81373],[-122.2743,37.813459]]}},{"type":"Feature","properties":{"name":"San Pablo Avenue","kind":"major","eras":["1950","1965","1985"],"src":"osm"},"geometry":{"type":"LineString","coordinates":[[-122.274099,37.812838],[-122.274062,37.812727]]}},{"type":"Feature","properties":{"name":"San Pablo Avenue","kind":"major","eras":["1950","1965","1985"],"src":"osm"},"geometry":{"type":"LineString","coordinates":[[-122.274228,37.81324],[-122.274162,37.813029],[-122.274141,37.812962],[-122.274136,37.812946],[-122.274118,37.812897],[-122.274099,37.812838]]}},{"type":"Feature","properties":{"name":"San Pablo Avenue","kind":"major","eras":["1950","1965","1985"],"src":"osm"},"geometry":{"type":"LineString","coordinates":[[-122.27365,37.81147],[-122.273634,37.811422],[-122.27358,37.811253],[-122.273455,37.810862]]}},{"type":"Feature","properties":{"name":"San Pablo Avenue","kind":"major","eras":["1950","1965","1985"],"src":"osm"},"geometry":{"type":"LineString","coordinates":[[-122.273283,37.810337],[-122.273236,37.810184]]}},{"type":"Feature","properties":{"name":"San Pablo Avenue","kind":"major","eras":["1950","1965","1985"],"src":"osm"},"geometry":{"type":"LineString","coordinates":[[-122.272976,37.809785],[-122.273065,37.810046],[-122.273093,37.810145]]}},{"type":"Feature","properties":{"name":"San Pablo Avenue","kind":"major","eras":["1950","1965","1985"],"src":"osm"},"geometry":{"type":"LineString","coordinates":[[-122.272558,37.808394],[-122.272646,37.808685],[-122.272668,37.808789]]}},{"type":"Feature","properties":{"name":"San Pablo Avenue","kind":"major","eras":["1950","1965","1985"],"src":"osm"},"geometry":{"type":"LineString","coordinates":[[-122.272309,37.807483],[-122.27227,37.807555],[-122.272328,37.807733],[-122.272353,37.807817],[-122.272378,37.807884]]}},{"type":"Feature","properties":{"name":"San Pablo Avenue","kind":"major","eras":["1950","1965","1985"],"src":"osm"},"geometry":{"type":"LineString","coordinates":[[-122.272378,37.807884],[-122.27242,37.808005],[-122.272558,37.808394]]}},{"type":"Feature","properties":{"name":"San Pablo Avenue","kind":"major","eras":["1950","1965","1985"],"src":"osm"},"geometry":{"type":"LineString","coordinates":[[-122.27246,37.807781],[-122.272381,37.807536],[-122.272309,37.807483]]}},{"type":"Feature","properties":{"name":"San Pablo Avenue","kind":"major","eras":["1950","1965","1985"],"src":"osm"},"geometry":{"type":"LineString","coordinates":[[-122.272791,37.808805],[-122.272746,37.808663],[-122.272565,37.808107],[-122.272536,37.808018],[-122.272502,37.80791],[-122.272479,37.807842],[-122.27246,37.807781]]}},{"type":"Feature","properties":{"name":"West Street","kind":"street","eras":["1950","1965","1985"],"src":"osm"},"geometry":{"type":"LineString","coordinates":[[-122.273742,37.819353],[-122.273778,37.819211],[-122.273795,37.819146]]}},{"type":"Feature","properties":{"name":"West Street","kind":"street","eras":["1950","1965","1985"],"src":"osm"},"geometry":{"type":"LineString","coordinates":[[-122.272977,37.822378],[-122.273007,37.822268],[-122.273029,37.822183],[-122.273076,37.822006],[-122.273093,37.821942],[-122.273108,37.821882],[-122.273326,37.821002],[-122.273465,37.820451],[-122.273545,37.820129],[-122.273562,37.820066],[-122.273742,37.819353]]}},{"type":"Feature","properties":{"name":"West Street","kind":"street","eras":["1950","1965","1985"],"src":"osm"},"geometry":{"type":"LineString","coordinates":[[-122.273795,37.819146],[-122.273812,37.819084],[-122.273849,37.81893]]}},{"type":"Feature","properties":{"name":"West Street","kind":"street","eras":["1950","1965","1985"],"src":"osm"},"geometry":{"type":"LineString","coordinates":[[-122.274133,37.8178],[-122.274176,37.817625],[-122.274199,37.817537]]}},{"type":"Feature","properties":{"name":"West Street","kind":"street","eras":["1950","1965","1985"],"src":"osm"},"geometry":{"type":"LineString","coordinates":[[-122.273849,37.81893],[-122.273893,37.818754],[-122.273932,37.818599],[-122.274006,37.818304],[-122.274023,37.818238],[-122.274097,37.817943],[-122.274133,37.8178]]}},{"type":"Feature","properties":{"name":"West Street","kind":"street","eras":["1950","1965","1985"],"src":"osm"},"geometry":{"type":"LineString","coordinates":[[-122.27422,37.81745],[-122.274242,37.817363],[-122.274261,37.817287],[-122.274287,37.817185]]}},{"type":"Feature","properties":{"name":"Northgate Avenue","kind":"major","eras":["1950","1965","1985"],"src":"osm"},"geometry":{"type":"LineString","coordinates":[[-122.271148,37.813024],[-122.271185,37.812957]]}},{"type":"Feature","properties":{"name":"West Grand Avenue","kind":"major","eras":["1950","1965","1985"],"src":"osm"},"geometry":{"type":"LineString","coordinates":[[-122.272247,37.812396],[-122.271601,37.812285],[-122.271573,37.81228],[-122.271481,37.812264]]}},{"type":"Feature","properties":{"name":"West Grand Avenue","kind":"major","eras":["1950","1965","1985"],"src":"osm"},"geometry":{"type":"LineString","coordinates":[[-122.271338,37.81224],[-122.271257,37.812226],[-122.270174,37.812039]]}},{"type":"Feature","properties":{"name":"West Grand Avenue","kind":"major","eras":["1950","1965","1985"],"src":"osm"},"geometry":{"type":"LineString","coordinates":[[-122.271781,37.812439],[-122.272258,37.812522],[-122.272284,37.812527]]}},{"type":"Feature","properties":{"name":"West Grand Avenue","kind":"major","eras":["1950","1965","1985"],"src":"osm"},"geometry":{"type":"LineString","coordinates":[[-122.268992,37.811943],[-122.269062,37.811964],[-122.269132,37.81198],[-122.269469,37.812039],[-122.26972,37.812082],[-122.270191,37.812164],[-122.271192,37.812337],[-122.271208,37.812339],[-122.271291,37.812354]]}},{"type":"Feature","properties":{"name":"Market Street","kind":"major","eras":["1950","1965","1985"],"src":"osm"},"geometry":{"type":"LineString","coordinates":[[-122.27645,37.820186],[-122.276372,37.820325]]}},{"type":"Feature","properties":{"name":"San Pablo Avenue","kind":"major","eras":["1950","1965","1985"],"src":"osm"},"geometry":{"type":"LineString","coordinates":[[-122.27689,37.821546],[-122.27684,37.821381],[-122.276754,37.821109]]}},{"type":"Feature","properties":{"name":"27th Street","kind":"street","eras":["1950","1965","1985"],"src":"osm"},"geometry":{"type":"LineString","coordinates":[[-122.271297,37.817078],[-122.271517,37.817118],[-122.271627,37.81713]]}},{"type":"Feature","properties":{"name":"27th Street","kind":"street","eras":["1950","1965","1985"],"src":"osm"},"geometry":{"type":"LineString","coordinates":[[-122.269791,37.816679],[-122.270399,37.816862],[-122.270694,37.816942]]}},{"type":"Feature","properties":{"name":"27th Street","kind":"street","eras":["1950","1965","1985"],"src":"osm"},"geometry":{"type":"LineString","coordinates":[[-122.267893,37.816251],[-122.268057,37.816279],[-122.268574,37.816367]]}},{"type":"Feature","properties":{"name":"Telegraph Avenue","kind":"major","eras":["1950","1965","1985"],"src":"osm"},"geometry":{"type":"LineString","coordinates":[[-122.270275,37.806829],[-122.27029,37.806764],[-122.270463,37.806182],[-122.270496,37.806109]]}},{"type":"Feature","properties":{"name":"Telegraph Avenue","kind":"major","eras":["1950","1965","1985"],"src":"osm"},"geometry":{"type":"LineString","coordinates":[[-122.270182,37.807196],[-122.270253,37.806911],[-122.270275,37.806829]]}},{"type":"Feature","properties":{"name":"Telegraph Avenue","kind":"major","eras":["1950","1965","1985"],"src":"osm"},"geometry":{"type":"LineString","coordinates":[[-122.269444,37.810157],[-122.26948,37.810017],[-122.269542,37.809773],[-122.269572,37.809659],[-122.269594,37.809567]]}},{"type":"Feature","properties":{"name":"Telegraph Avenue","kind":"major","eras":["1950","1965","1985"],"src":"osm"},"geometry":{"type":"LineString","coordinates":[[-122.269399,37.810337],[-122.269413,37.810278],[-122.269444,37.810157]]}},{"type":"Feature","properties":{"name":"Telegraph Avenue","kind":"major","eras":["1950","1965","1985"],"src":"osm"},"geometry":{"type":"LineString","coordinates":[[-122.269302,37.810719],[-122.269334,37.810595],[-122.269382,37.810402],[-122.269399,37.810337]]}},{"type":"Feature","properties":{"name":"Telegraph Avenue","kind":"major","eras":["1950","1965","1985"],"src":"osm"},"geometry":{"type":"LineString","coordinates":[[-122.269219,37.811047],[-122.26924,37.810962],[-122.269259,37.810891],[-122.269264,37.81087],[-122.269302,37.810719]]}},{"type":"Feature","properties":{"name":"Telegraph Avenue","kind":"major","eras":["1950","1965","1985"],"src":"osm"},"geometry":{"type":"LineString","coordinates":[[-122.269018,37.811839],[-122.269038,37.811758],[-122.269064,37.811659],[-122.269089,37.811561]]}},{"type":"Feature","properties":{"name":"Telegraph Avenue","kind":"major","eras":["1950","1965","1985"],"src":"osm"},"geometry":{"type":"LineString","coordinates":[[-122.269123,37.811426],[-122.269161,37.811276]]}},{"type":"Feature","properties":{"name":"Telegraph Avenue","kind":"major","eras":["1950","1965","1985"],"src":"osm"},"geometry":{"type":"LineString","coordinates":[[-122.268895,37.812322],[-122.268923,37.812216],[-122.268926,37.812203],[-122.26895,37.812109],[-122.268971,37.812028],[-122.268992,37.811943]]}},{"type":"Feature","properties":{"name":"Telegraph Avenue","kind":"major","eras":["1950","1965","1985"],"src":"osm"},"geometry":{"type":"LineString","coordinates":[[-122.268992,37.811943],[-122.269018,37.811839]]}},{"type":"Feature","properties":{"name":"Telegraph Avenue","kind":"major","eras":["1950","1965","1985"],"src":"osm"},"geometry":{"type":"LineString","coordinates":[[-122.268739,37.812917],[-122.268807,37.812667],[-122.268825,37.812601]]}},{"type":"Feature","properties":{"name":"Telegraph Avenue","kind":"major","eras":["1950","1965","1985"],"src":"osm"},"geometry":{"type":"LineString","coordinates":[[-122.268595,37.813472],[-122.268611,37.813408],[-122.268658,37.813226],[-122.268683,37.813125]]}},{"type":"Feature","properties":{"name":"Telegraph Avenue","kind":"major","eras":["1950","1965","1985"],"src":"osm"},"geometry":{"type":"LineString","coordinates":[[-122.268683,37.813125],[-122.268692,37.813091],[-122.268739,37.812917]]}},{"type":"Feature","properties":{"name":"3rd Street","kind":"street","eras":["1950","1965","1985"],"src":"osm"},"geometry":{"type":"LineString","coordinates":[[-122.275994,37.796774],[-122.276075,37.796805],[-122.276454,37.796954],[-122.276483,37.796966],[-122.276856,37.797112]]}},{"type":"Feature","properties":{"name":"3rd Street","kind":"street","eras":["1950","1965","1985"],"src":"osm"},"geometry":{"type":"LineString","coordinates":[[-122.277168,37.797235],[-122.277265,37.797274],[-122.278243,37.797664],[-122.27834,37.797706]]}},{"type":"Feature","properties":{"name":"6th Street","kind":"street","eras":["1950","1965","1985"],"src":"osm"},"geometry":{"type":"LineString","coordinates":[[-122.280092,37.80095],[-122.280492,37.801103],[-122.280592,37.801141]]}},{"type":"Feature","properties":{"name":"6th Street","kind":"street","eras":["1950","1965","1985"],"src":"osm"},"geometry":{"type":"LineString","coordinates":[[-122.280592,37.801141],[-122.280693,37.801181],[-122.28129,37.801416]]}},{"type":"Feature","properties":{"name":"6th Street","kind":"street","eras":["1950","1965","1985"],"src":"osm"},"geometry":{"type":"LineString","coordinates":[[-122.28129,37.801416],[-122.281686,37.801572],[-122.281772,37.801606]]}},{"type":"Feature","properties":{"name":"6th Street","kind":"street","eras":["1950","1965","1985"],"src":"osm"},"geometry":{"type":"LineString","coordinates":[[-122.281772,37.801606],[-122.281873,37.801646],[-122.282021,37.801704],[-122.282259,37.801829]]}},{"type":"Feature","properties":{"name":"6th Street","kind":"street","eras":["1950","1965","1985"],"src":"osm"},"geometry":{"type":"LineString","coordinates":[[-122.282259,37.801829],[-122.282431,37.8019],[-122.282771,37.802037]]}},{"type":"Feature","properties":{"name":"6th Street","kind":"street","eras":["1950","1965","1985"],"src":"osm"},"geometry":{"type":"LineString","coordinates":[[-122.278227,37.800221],[-122.27833,37.80026],[-122.279309,37.800644],[-122.279411,37.800684],[-122.27952,37.800727],[-122.279647,37.800778],[-122.280092,37.80095]]}},{"type":"Feature","properties":{"name":"7th Street","kind":"major","eras":["1950","1965","1985"],"src":"osm"},"geometry":{"type":"LineString","coordinates":[[-122.285022,37.803096],[-122.284461,37.80297],[-122.283997,37.802866],[-122.283698,37.802799]]}},{"type":"Feature","properties":{"name":"7th Street","kind":"major","eras":["1950","1965","1985"],"src":"osm"},"geometry":{"type":"LineString","coordinates":[[-122.294143,37.805125],[-122.294041,37.8051],[-122.293859,37.805056],[-122.2938,37.805041],[-122.293712,37.80502],[-122.293655,37.805006]]}},{"type":"Feature","properties":{"name":"7th Street","kind":"major","eras":["1950","1965","1985"],"src":"osm"},"geometry":{"type":"LineString","coordinates":[[-122.289923,37.804277],[-122.290371,37.804377]]}},{"type":"Feature","properties":{"name":"7th Street","kind":"major","eras":["1950","1965","1985"],"src":"osm"},"geometry":{"type":"LineString","coordinates":[[-122.294954,37.805308],[-122.294869,37.805289],[-122.294506,37.805207],[-122.294369,37.805176]]}},{"type":"Feature","properties":{"name":"7th Street","kind":"major","eras":["1950","1965","1985"],"src":"osm"},"geometry":{"type":"LineString","coordinates":[[-122.280699,37.802022],[-122.280072,37.801774],[-122.27997,37.801734]]}},{"type":"Feature","properties":{"name":"7th Street","kind":"major","eras":["1950","1965","1985"],"src":"osm"},"geometry":{"type":"LineString","coordinates":[[-122.296032,37.805573],[-122.295945,37.805528],[-122.295586,37.805449],[-122.295296,37.805385]]}},{"type":"Feature","properties":{"name":"7th Street","kind":"major","eras":["1950","1965","1985"],"src":"osm"},"geometry":{"type":"LineString","coordinates":[[-122.293634,37.805081],[-122.293692,37.805093],[-122.293775,37.805112],[-122.294072,37.805178]]}},{"type":"Feature","properties":{"name":"7th Street","kind":"major","eras":["1950","1965","1985"],"src":"osm"},"geometry":{"type":"LineString","coordinates":[[-122.28127,37.802428],[-122.281359,37.802462],[-122.281897,37.802674],[-122.281998,37.80271],[-122.282117,37.802746]]}},{"type":"Feature","properties":{"name":"7th Street","kind":"major","eras":["1950","1965","1985"],"src":"osm"},"geometry":{"type":"LineString","coordinates":[[-122.281353,37.802297],[-122.281259,37.802259],[-122.280891,37.802116],[-122.280833,37.802089],[-122.280749,37.802045],[-122.280699,37.802022]]}},{"type":"Feature","properties":{"name":"7th Street","kind":"major","eras":["1950","1965","1985"],"src":"osm"},"geometry":{"type":"LineString","coordinates":[[-122.283698,37.802799],[-122.283472,37.802748],[-122.283328,37.80272],[-122.283192,37.802702],[-122.283129,37.802697],[-122.283001,37.802688]]}},{"type":"Feature","properties":{"name":"7th Street","kind":"major","eras":["1950","1965","1985"],"src":"osm"},"geometry":{"type":"LineString","coordinates":[[-122.282117,37.802746],[-122.282245,37.802775],[-122.282365,37.802797],[-122.2825,37.802813],[-122.282636,37.802821],[-122.282645,37.802821],[-122.282721,37.802822],[-122.282826,37.802824]]}},{"type":"Feature","properties":{"name":"8th Street","kind":"street","eras":["1950","1965","1985"],"src":"osm"},"geometry":{"type":"LineString","coordinates":[[-122.279002,37.802281],[-122.279301,37.802396],[-122.279404,37.802438]]}},{"type":"Feature","properties":{"name":"8th Street","kind":"major","eras":["1950","1965","1985"],"src":"osm"},"geometry":{"type":"LineString","coordinates":[[-122.277369,37.801612],[-122.277432,37.801636],[-122.277477,37.801654],[-122.277669,37.80173],[-122.278187,37.801934]]}},{"type":"Feature","properties":{"name":"8th Street","kind":"major","eras":["1950","1965","1985"],"src":"osm"},"geometry":{"type":"LineString","coordinates":[[-122.278187,37.801934],[-122.278442,37.802033],[-122.278476,37.802043],[-122.278513,37.80205],[-122.278563,37.802057]]}},{"type":"Feature","properties":{"name":"Jefferson Street","kind":"street","eras":["1950","1965","1985"],"src":"osm"},"geometry":{"type":"LineString","coordinates":[[-122.278649,37.799546],[-122.278609,37.799609],[-122.278263,37.800163],[-122.278227,37.800221]]}},{"type":"Feature","properties":{"name":"Jefferson Street","kind":"street","eras":["1950","1965","1985"],"src":"osm"},"geometry":{"type":"LineString","coordinates":[[-122.278227,37.800221],[-122.278176,37.800303],[-122.277842,37.800824],[-122.277792,37.800919],[-122.277744,37.801006],[-122.277626,37.801196],[-122.277423,37.801525],[-122.277369,37.801612],[-122.277315,37.801698],[-122.27699,37.802215],[-122.276941,37.802293],[-122.276887,37.802379],[-122.276562,37.802899],[-122.276514,37.802977]]}},{"type":"Feature","properties":{"name":"Cypress Street","kind":"major","eras":["1950"],"src":"osm"},"geometry":{"type":"LineString","coordinates":[[-122.293634,37.805081],[-122.293655,37.805006]]}},{"type":"Feature","properties":{"name":"Cypress Structure \u00b7 Nimitz Fwy","kind":"freeway","eras":["1965","1985"],"src":"osm"},"geometry":{"type":"LineString","coordinates":[[-122.293634,37.805081],[-122.293655,37.805006]]}},{"type":"Feature","properties":{"name":"Cypress Street","kind":"major","eras":["1950"],"src":"osm"},"geometry":{"type":"LineString","coordinates":[[-122.293282,37.806077],[-122.293311,37.805996],[-122.293395,37.805758],[-122.293481,37.805527]]}},{"type":"Feature","properties":{"name":"Cypress Structure \u00b7 Nimitz Fwy","kind":"freeway","eras":["1965","1985"],"src":"osm"},"geometry":{"type":"LineString","coordinates":[[-122.293282,37.806077],[-122.293311,37.805996],[-122.293395,37.805758],[-122.293481,37.805527]]}},{"type":"Feature","properties":{"name":"Market Street","kind":"major","eras":["1950","1965","1985"],"src":"osm"},"geometry":{"type":"LineString","coordinates":[[-122.282561,37.804051],[-122.282671,37.803748],[-122.282696,37.80368]]}},{"type":"Feature","properties":{"name":"Market Street","kind":"major","eras":["1950","1965","1985"],"src":"osm"},"geometry":{"type":"LineString","coordinates":[[-122.282053,37.805451],[-122.28208,37.805377],[-122.282561,37.804051]]}},{"type":"Feature","properties":{"name":"Market Street","kind":"major","eras":["1950","1965","1985"],"src":"osm"},"geometry":{"type":"LineString","coordinates":[[-122.282972,37.802831],[-122.283001,37.802688]]}},{"type":"Feature","properties":{"name":"Market Street","kind":"major","eras":["1950","1965","1985"],"src":"osm"},"geometry":{"type":"LineString","coordinates":[[-122.282891,37.803137],[-122.282931,37.80301]]}},{"type":"Feature","properties":{"name":"Market Street","kind":"major","eras":["1950","1965","1985"],"src":"osm"},"geometry":{"type":"LineString","coordinates":[[-122.282027,37.805122],[-122.281951,37.805328],[-122.281918,37.80542]]}},{"type":"Feature","properties":{"name":"Market Street","kind":"major","eras":["1950","1965","1985"],"src":"osm"},"geometry":{"type":"LineString","coordinates":[[-122.282696,37.803289],[-122.282589,37.803579],[-122.282561,37.803656]]}},{"type":"Feature","properties":{"name":"Market Street","kind":"major","eras":["1950","1965","1985"],"src":"osm"},"geometry":{"type":"LineString","coordinates":[[-122.282696,37.80368],[-122.282723,37.803602],[-122.282757,37.80351],[-122.282891,37.803137]]}},{"type":"Feature","properties":{"name":"Market Street","kind":"major","eras":["1950","1965","1985"],"src":"osm"},"geometry":{"type":"LineString","coordinates":[[-122.282561,37.803656],[-122.282535,37.80373],[-122.282277,37.804434],[-122.282067,37.80501],[-122.282027,37.805122]]}},{"type":"Feature","properties":{"name":"Market Street","kind":"street","eras":["1950","1965","1985"],"src":"osm"},"geometry":{"type":"LineString","coordinates":[[-122.283082,37.802378],[-122.283107,37.802303],[-122.283143,37.802194],[-122.283186,37.802063]]}},{"type":"Feature","properties":{"name":"Market Street","kind":"street","eras":["1950","1965","1985"],"src":"osm"},"geometry":{"type":"LineString","coordinates":[[-122.283001,37.802688],[-122.283019,37.802604],[-122.283044,37.802502],[-122.283082,37.802378]]}},{"type":"Feature","properties":{"name":"Nimitz Freeway","kind":"freeway","eras":["1965","1985"],"src":"osm"},"geometry":{"type":"LineString","coordinates":[[-122.282804,37.801898],[-122.282964,37.801966],[-122.283053,37.802004]]}},{"type":"Feature","properties":{"name":"12th Street","kind":"major","eras":["1950","1965","1985"],"src":"osm"},"geometry":{"type":"LineString","coordinates":[[-122.270542,37.802355],[-122.270738,37.80243],[-122.270839,37.80247]]}},{"type":"Feature","properties":{"name":"7th Street","kind":"major","eras":["1950","1965","1985"],"src":"osm"},"geometry":{"type":"LineString","coordinates":[[-122.269443,37.797637],[-122.269355,37.797602],[-122.269101,37.797506]]}},{"type":"Feature","properties":{"name":"8th Street","kind":"major","eras":["1950","1965","1985"],"src":"osm"},"geometry":{"type":"LineString","coordinates":[[-122.274531,37.80049],[-122.275008,37.800678]]}},{"type":"Feature","properties":{"name":"8th Street","kind":"major","eras":["1950","1965","1985"],"src":"osm"},"geometry":{"type":"LineString","coordinates":[[-122.273728,37.800175],[-122.273835,37.800217],[-122.273932,37.800255],[-122.274332,37.800412],[-122.274497,37.800477],[-122.274531,37.80049]]}},{"type":"Feature","properties":{"name":"9th Street","kind":"street","eras":["1950","1965","1985"],"src":"osm"},"geometry":{"type":"LineString","coordinates":[[-122.272564,37.800573],[-122.272277,37.800466],[-122.27224,37.800452],[-122.272128,37.800408]]}},{"type":"Feature","properties":{"name":"9th Street","kind":"street","eras":["1950","1965","1985"],"src":"osm"},"geometry":{"type":"LineString","coordinates":[[-122.271343,37.800097],[-122.271102,37.800002],[-122.271067,37.799988],[-122.270954,37.799945]]}},{"type":"Feature","properties":{"name":"9th Street","kind":"street","eras":["1950","1965","1985"],"src":"osm"},"geometry":{"type":"LineString","coordinates":[[-122.273301,37.800862],[-122.273216,37.800829],[-122.272775,37.800655],[-122.272564,37.800573]]}},{"type":"Feature","properties":{"name":"9th Street","kind":"street","eras":["1950","1965","1985"],"src":"osm"},"geometry":{"type":"LineString","coordinates":[[-122.272128,37.800408],[-122.272014,37.800364],[-122.271541,37.800177],[-122.271343,37.800097]]}},{"type":"Feature","properties":{"name":"Broadway","kind":"major","eras":["1950","1965","1985"],"src":"osm"},"geometry":{"type":"LineString","coordinates":[[-122.272244,37.802641],[-122.272297,37.802559]]}},{"type":"Feature","properties":{"name":"Broadway","kind":"major","eras":["1950","1965","1985"],"src":"osm"},"geometry":{"type":"LineString","coordinates":[[-122.271521,37.803795],[-122.271608,37.803657]]}},{"type":"Feature","properties":{"name":"Broadway","kind":"major","eras":["1950","1965","1985"],"src":"osm"},"geometry":{"type":"LineString","coordinates":[[-122.271267,37.804195],[-122.27139,37.804002],[-122.271411,37.803969]]}},{"type":"Feature","properties":{"name":"Clay Street","kind":"street","eras":["1950","1965","1985"],"src":"osm"},"geometry":{"type":"LineString","coordinates":[[-122.274745,37.803453],[-122.274849,37.803286],[-122.2749,37.803205]]}},{"type":"Feature","properties":{"name":"Clay Street","kind":"street","eras":["1950","1965","1985"],"src":"osm"},"geometry":{"type":"LineString","coordinates":[[-122.275126,37.802844],[-122.275104,37.802877],[-122.274945,37.803133],[-122.2749,37.803205]]}},{"type":"Feature","properties":{"name":"Clay Street","kind":"street","eras":["1950","1965","1985"],"src":"osm"},"geometry":{"type":"LineString","coordinates":[[-122.273752,37.805041],[-122.273687,37.805145],[-122.273655,37.805197],[-122.273609,37.80527]]}},{"type":"Feature","properties":{"name":"Franklin Street","kind":"street","eras":["1950","1965","1985"],"src":"osm"},"geometry":{"type":"LineString","coordinates":[[-122.270132,37.803604],[-122.270032,37.803766],[-122.269982,37.803847]]}},{"type":"Feature","properties":{"name":"Harrison Street","kind":"street","eras":["1950","1965","1985"],"src":"osm"},"geometry":{"type":"LineString","coordinates":[[-122.270424,37.798416],[-122.270243,37.798705],[-122.270191,37.798793]]}},{"type":"Feature","properties":{"name":"Harrison Street","kind":"street","eras":["1950","1965","1985"],"src":"osm"},"geometry":{"type":"LineString","coordinates":[[-122.26967,37.799626],[-122.269387,37.800081],[-122.269337,37.80016]]}},{"type":"Feature","properties":{"name":"Harrison Street","kind":"street","eras":["1950","1965","1985"],"src":"osm"},"geometry":{"type":"LineString","coordinates":[[-122.269337,37.80016],[-122.269283,37.800246],[-122.26915,37.80046]]}},{"type":"Feature","properties":{"name":"Webster Street","kind":"street","eras":["1950","1965","1985"],"src":"osm"},"geometry":{"type":"LineString","coordinates":[[-122.271262,37.799437],[-122.271294,37.799385],[-122.271313,37.799354],[-122.271372,37.799261]]}},{"type":"Feature","properties":{"name":"Webster Street","kind":"street","eras":["1950","1965","1985"],"src":"osm"},"geometry":{"type":"LineString","coordinates":[[-122.271372,37.799261],[-122.271431,37.799167],[-122.271749,37.798657],[-122.271807,37.798565]]}},{"type":"Feature","properties":{"name":"7th Street","kind":"major","eras":["1950","1965","1985"],"src":"osm"},"geometry":{"type":"LineString","coordinates":[[-122.30116,37.806768],[-122.301598,37.80687],[-122.301855,37.806942],[-122.301938,37.806976],[-122.302053,37.807023],[-122.302222,37.807092],[-122.302339,37.807139]]}},{"type":"Feature","properties":{"name":"27th Street","kind":"street","eras":["1950","1965","1985"],"src":"osm"},"geometry":{"type":"LineString","coordinates":[[-122.271009,37.817025],[-122.271297,37.817078]]}},{"type":"Feature","properties":{"name":"27th Street","kind":"street","eras":["1950","1965","1985"],"src":"osm"},"geometry":{"type":"LineString","coordinates":[[-122.270694,37.816942],[-122.271009,37.817025]]}},{"type":"Feature","properties":{"name":"Brush Street","kind":"street","eras":["1950","1965","1985"],"src":"osm"},"geometry":{"type":"LineString","coordinates":[[-122.276778,37.809686],[-122.276902,37.809509],[-122.276958,37.809431],[-122.277023,37.80934],[-122.277086,37.809253],[-122.277125,37.809206],[-122.277163,37.809165]]}},{"type":"Feature","properties":{"name":"Brush Street","kind":"street","eras":["1950","1965","1985"],"src":"osm"},"geometry":{"type":"LineString","coordinates":[[-122.276665,37.809849],[-122.276702,37.809796]]}},{"type":"Feature","properties":{"name":"Castro Street","kind":"street","eras":["1950","1965","1985"],"src":"osm"},"geometry":{"type":"LineString","coordinates":[[-122.275749,37.808909],[-122.275594,37.809155],[-122.275558,37.809218],[-122.275497,37.80932]]}},{"type":"Feature","properties":{"name":"Castro Street","kind":"street","eras":["1950","1965","1985"],"src":"osm"},"geometry":{"type":"LineString","coordinates":[[-122.277275,37.806466],[-122.277208,37.806573],[-122.27715,37.806665]]}},{"type":"Feature","properties":{"name":"Castro Street","kind":"street","eras":["1950","1965","1985"],"src":"osm"},"geometry":{"type":"LineString","coordinates":[[-122.277988,37.805321],[-122.277952,37.805368],[-122.277508,37.806087],[-122.277275,37.806466]]}},{"type":"Feature","properties":{"name":"Castro Street","kind":"street","eras":["1950","1965","1985"],"src":"osm"},"geometry":{"type":"LineString","coordinates":[[-122.275497,37.80932],[-122.275437,37.809423],[-122.275269,37.809691],[-122.27509,37.809979],[-122.274696,37.810612],[-122.274563,37.810826]]}},{"type":"Feature","properties":{"name":"Castro Street","kind":"street","eras":["1950","1965","1985"],"src":"osm"},"geometry":{"type":"LineString","coordinates":[[-122.27715,37.806665],[-122.277092,37.806759],[-122.276857,37.807144],[-122.276729,37.807351],[-122.27632,37.808008],[-122.275996,37.808527],[-122.275987,37.808542],[-122.275933,37.808626],[-122.275839,37.80877],[-122.275784,37.808853],[-122.275749,37.808909]]}},{"type":"Feature","properties":{"name":"Franklin Street","kind":"street","eras":["1950","1965","1985"],"src":"osm"},"geometry":{"type":"LineString","coordinates":[[-122.268601,37.806049],[-122.268565,37.806108],[-122.268524,37.806175]]}},{"type":"Feature","properties":{"name":"Franklin Street","kind":"street","eras":["1950","1965","1985"],"src":"osm"},"geometry":{"type":"LineString","coordinates":[[-122.269982,37.803847],[-122.269925,37.803935],[-122.269718,37.804269],[-122.269685,37.804322],[-122.269646,37.804384],[-122.269409,37.804763],[-122.269369,37.804828]]}},{"type":"Feature","properties":{"name":"Franklin Street","kind":"street","eras":["1950","1965","1985"],"src":"osm"},"geometry":{"type":"LineString","coordinates":[[-122.268524,37.806175],[-122.268479,37.806247],[-122.268298,37.806546],[-122.268287,37.806564],[-122.268165,37.80676],[-122.267862,37.807243],[-122.26782,37.807306]]}},{"type":"Feature","properties":{"name":"Market Street","kind":"major","eras":["1950","1965","1985"],"src":"osm"},"geometry":{"type":"LineString","coordinates":[[-122.277479,37.81778],[-122.277463,37.817827],[-122.277456,37.817844]]}},{"type":"Feature","properties":{"name":"Market Street","kind":"major","eras":["1950","1965","1985"],"src":"osm"},"geometry":{"type":"LineString","coordinates":[[-122.277667,37.817264],[-122.277647,37.81732]]}},{"type":"Feature","properties":{"name":"Market Street","kind":"major","eras":["1950","1965","1985"],"src":"osm"},"geometry":{"type":"LineString","coordinates":[[-122.277647,37.81732],[-122.277641,37.817335],[-122.277592,37.817471],[-122.277583,37.817493],[-122.277558,37.817563]]}},{"type":"Feature","properties":{"name":"Market Street","kind":"major","eras":["1950","1965","1985"],"src":"osm"},"geometry":{"type":"LineString","coordinates":[[-122.277558,37.817563],[-122.27753,37.81764],[-122.277528,37.817645],[-122.277509,37.817698],[-122.277479,37.81778]]}},{"type":"Feature","properties":{"name":"Market Street","kind":"major","eras":["1950","1965","1985"],"src":"osm"},"geometry":{"type":"LineString","coordinates":[[-122.277011,37.819075],[-122.276983,37.819151],[-122.276978,37.819166],[-122.27696,37.819217],[-122.276921,37.819319],[-122.276749,37.819798],[-122.276734,37.81984],[-122.276728,37.819858],[-122.276711,37.819905],[-122.276679,37.819991]]}},{"type":"Feature","properties":{"name":"Market Street","kind":"major","eras":["1950","1965","1985"],"src":"osm"},"geometry":{"type":"LineString","coordinates":[[-122.277456,37.817844],[-122.277158,37.818676],[-122.277119,37.818775],[-122.27706,37.818942],[-122.277048,37.818977],[-122.277033,37.819015],[-122.277011,37.819075]]}},{"type":"Feature","properties":{"name":"Market Street","kind":"major","eras":["1950","1965","1985"],"src":"osm"},"geometry":{"type":"LineString","coordinates":[[-122.278103,37.816053],[-122.278095,37.816077],[-122.278082,37.816114],[-122.277927,37.816545],[-122.27785,37.816758],[-122.277667,37.817264]]}},{"type":"Feature","properties":{"name":"Castro Street","kind":"major","eras":["1950","1965","1985"],"src":"osm"},"geometry":{"type":"LineString","coordinates":[[-122.273248,37.811596],[-122.273148,37.811645],[-122.273107,37.811672],[-122.273088,37.811684],[-122.273034,37.811733],[-122.273019,37.811746]]}},{"type":"Feature","properties":{"name":"San Pablo Avenue","kind":"major","eras":["1950","1965","1985"],"src":"osm"},"geometry":{"type":"LineString","coordinates":[[-122.273436,37.811208],[-122.273459,37.811279]]}},{"type":"Feature","properties":{"name":"West Grand Avenue","kind":"major","eras":["1950","1965","1985"],"src":"osm"},"geometry":{"type":"LineString","coordinates":[[-122.27306,37.812661],[-122.273476,37.812733]]}},{"type":"Feature","properties":{"name":"West Grand Avenue","kind":"major","eras":["1950","1965","1985"],"src":"osm"},"geometry":{"type":"LineString","coordinates":[[-122.273476,37.812733],[-122.273839,37.812796],[-122.273863,37.8128],[-122.273956,37.812816]]}},{"type":"Feature","properties":{"name":"West Grand Avenue","kind":"major","eras":["1950","1965","1985"],"src":"osm"},"geometry":{"type":"LineString","coordinates":[[-122.270174,37.812039],[-122.269852,37.811984],[-122.269624,37.811945],[-122.269501,37.811923],[-122.269218,37.811875],[-122.26916,37.811865],[-122.269018,37.811839]]}},{"type":"Feature","properties":{"name":"West Grand Avenue","kind":"major","eras":["1950","1965","1985"],"src":"osm"},"geometry":{"type":"LineString","coordinates":[[-122.268464,37.811839],[-122.268806,37.8119],[-122.268853,37.811908],[-122.268917,37.811924],[-122.268992,37.811943]]}},{"type":"Feature","properties":{"name":"18th Street","kind":"street","eras":["1950","1965","1985"],"src":"osm"},"geometry":{"type":"LineString","coordinates":[[-122.275497,37.80932],[-122.275772,37.809418]]}},{"type":"Feature","properties":{"name":"18th Street","kind":"street","eras":["1950","1965","1985"],"src":"osm"},"geometry":{"type":"LineString","coordinates":[[-122.274853,37.809066],[-122.275233,37.80922],[-122.275398,37.809283],[-122.275497,37.80932]]}},{"type":"Feature","properties":{"name":"San Pablo Avenue","kind":"major","eras":["1950","1965","1985"],"src":"osm"},"geometry":{"type":"LineString","coordinates":[[-122.273822,37.812368],[-122.273882,37.812564],[-122.273887,37.812581],[-122.273916,37.812695]]}},{"type":"Feature","properties":{"name":"Telegraph Avenue","kind":"major","eras":["1950","1965","1985"],"src":"osm"},"geometry":{"type":"LineString","coordinates":[[-122.267998,37.815844],[-122.268003,37.815825],[-122.268042,37.815667]]}},{"type":"Feature","properties":{"name":"Telegraph Avenue","kind":"major","eras":["1950","1965","1985"],"src":"osm"},"geometry":{"type":"LineString","coordinates":[[-122.2681,37.815444],[-122.268113,37.815389],[-122.268154,37.815215]]}},{"type":"Feature","properties":{"name":"Telegraph Avenue","kind":"major","eras":["1950","1965","1985"],"src":"osm"},"geometry":{"type":"LineString","coordinates":[[-122.268192,37.815056],[-122.268251,37.814829]]}},{"type":"Feature","properties":{"name":"Telegraph Avenue","kind":"major","eras":["1950","1965","1985"],"src":"osm"},"geometry":{"type":"LineString","coordinates":[[-122.268154,37.815215],[-122.268192,37.815056]]}},{"type":"Feature","properties":{"name":"Telegraph Avenue","kind":"major","eras":["1950","1965","1985"],"src":"osm"},"geometry":{"type":"LineString","coordinates":[[-122.268042,37.815667],[-122.268084,37.815505],[-122.2681,37.815444]]}},{"type":"Feature","properties":{"name":"Telegraph Avenue","kind":"major","eras":["1950","1965","1985"],"src":"osm"},"geometry":{"type":"LineString","coordinates":[[-122.268825,37.812601],[-122.268895,37.812322]]}},{"type":"Feature","properties":{"name":"Telegraph Avenue","kind":"major","eras":["1950","1965","1985"],"src":"osm"},"geometry":{"type":"LineString","coordinates":[[-122.268371,37.814355],[-122.268411,37.814197],[-122.26843,37.814123],[-122.268446,37.814058],[-122.268473,37.813951],[-122.268489,37.813891]]}},{"type":"Feature","properties":{"name":"Telegraph Avenue","kind":"major","eras":["1950","1965","1985"],"src":"osm"},"geometry":{"type":"LineString","coordinates":[[-122.268251,37.814829],[-122.268276,37.814731],[-122.268293,37.814664]]}},{"type":"Feature","properties":{"name":"14th Street","kind":"major","eras":["1950","1965","1985"],"src":"osm"},"geometry":{"type":"LineString","coordinates":[[-122.277783,37.806896],[-122.277243,37.806699]]}},{"type":"Feature","properties":{"name":"16th Street","kind":"street","eras":["1950","1965","1985"],"src":"osm"},"geometry":{"type":"LineString","coordinates":[[-122.28029,37.809649],[-122.280212,37.809588],[-122.280193,37.809577],[-122.279931,37.809433],[-122.279831,37.809391],[-122.278761,37.808972],[-122.278672,37.808937]]}},{"type":"Feature","properties":{"name":"18th Street","kind":"street","eras":["1950","1965","1985"],"src":"osm"},"geometry":{"type":"LineString","coordinates":[[-122.279893,37.811141],[-122.279759,37.811114]]}},{"type":"Feature","properties":{"name":"Market Street","kind":"major","eras":["1950","1965","1985"],"src":"osm"},"geometry":{"type":"LineString","coordinates":[[-122.278852,37.813969],[-122.278839,37.814005],[-122.278815,37.81407]]}},{"type":"Feature","properties":{"name":"Market Street","kind":"major","eras":["1950","1965","1985"],"src":"osm"},"geometry":{"type":"LineString","coordinates":[[-122.280323,37.809961],[-122.280374,37.809819],[-122.280404,37.809736]]}},{"type":"Feature","properties":{"name":"Market Street","kind":"major","eras":["1950","1965","1985"],"src":"osm"},"geometry":{"type":"LineString","coordinates":[[-122.278897,37.813848],[-122.278852,37.813969]]}},{"type":"Feature","properties":{"name":"Market Street","kind":"major","eras":["1950","1965","1985"],"src":"osm"},"geometry":{"type":"LineString","coordinates":[[-122.280404,37.809736],[-122.280434,37.80965],[-122.280471,37.809546],[-122.280677,37.808971]]}},{"type":"Feature","properties":{"name":"Market Street","kind":"major","eras":["1950","1965","1985"],"src":"osm"},"geometry":{"type":"LineString","coordinates":[[-122.278815,37.81407],[-122.278786,37.814151],[-122.278762,37.814218],[-122.278708,37.814368],[-122.278677,37.814459]]}},{"type":"Feature","properties":{"name":"Market Street","kind":"major","eras":["1950","1965","1985"],"src":"osm"},"geometry":{"type":"LineString","coordinates":[[-122.28029,37.809649],[-122.28021,37.809868],[-122.280079,37.810229],[-122.279884,37.810765]]}},{"type":"Feature","properties":{"name":"Peralta Street","kind":"street","eras":["1950","1965","1985"],"src":"osm"},"geometry":{"type":"LineString","coordinates":[[-122.290974,37.815104],[-122.290893,37.815205],[-122.290866,37.815239],[-122.290712,37.815432]]}},{"type":"Feature","properties":{"name":"Middle Harbor Road","kind":"major","eras":["1950","1965","1985"],"src":"osm"},"geometry":{"type":"LineString","coordinates":[[-122.304023,37.797187],[-122.304034,37.797192],[-122.304205,37.797267],[-122.304348,37.797338],[-122.304531,37.797429],[-122.304907,37.79768]]}},{"type":"Feature","properties":{"name":"Telegraph Avenue","kind":"major","eras":["1950","1965","1985"],"src":"osm"},"geometry":{"type":"LineString","coordinates":[[-122.269161,37.811276],[-122.269219,37.811047]]}},{"type":"Feature","properties":{"name":"Telegraph Avenue","kind":"major","eras":["1950","1965","1985"],"src":"osm"},"geometry":{"type":"LineString","coordinates":[[-122.268293,37.814664],[-122.268358,37.814405],[-122.268371,37.814355]]}},{"type":"Feature","properties":{"name":"31st Street","kind":"street","eras":["1950","1965","1985"],"src":"osm"},"geometry":{"type":"LineString","coordinates":[[-122.276398,37.82148],[-122.276454,37.821488]]}},{"type":"Feature","properties":{"name":"Market Street","kind":"street","eras":["1950","1965","1985"],"src":"osm"},"geometry":{"type":"LineString","coordinates":[[-122.276684,37.821279],[-122.276723,37.821206],[-122.276754,37.821109]]}},{"type":"Feature","properties":{"name":"Market Street","kind":"street","eras":["1950","1965","1985"],"src":"osm"},"geometry":{"type":"LineString","coordinates":[[-122.276398,37.82148],[-122.276509,37.821412],[-122.276603,37.821356],[-122.276684,37.821279]]}},{"type":"Feature","properties":{"name":"San Pablo Avenue","kind":"major","eras":["1950","1965","1985"],"src":"osm"},"geometry":{"type":"LineString","coordinates":[[-122.276534,37.820448],[-122.27645,37.820186]]}},{"type":"Feature","properties":{"name":"San Pablo Avenue","kind":"major","eras":["1950","1965","1985"],"src":"osm"},"geometry":{"type":"LineString","coordinates":[[-122.276679,37.820892],[-122.276567,37.820549],[-122.276534,37.820448]]}},{"type":"Feature","properties":{"name":"25th Street","kind":"street","eras":["1950","1965","1985"],"src":"osm"},"geometry":{"type":"LineString","coordinates":[[-122.274905,37.815371],[-122.274783,37.815399]]}},{"type":"Feature","properties":{"name":"West Street","kind":"street","eras":["1950","1965","1985"],"src":"osm"},"geometry":{"type":"LineString","coordinates":[[-122.274665,37.815762],[-122.274702,37.815728],[-122.274772,37.81563],[-122.274829,37.815534]]}},{"type":"Feature","properties":{"name":"West Street","kind":"street","eras":["1950","1965","1985"],"src":"osm"},"geometry":{"type":"LineString","coordinates":[[-122.274783,37.815399],[-122.274706,37.815509],[-122.274656,37.81568],[-122.274665,37.815762]]}},{"type":"Feature","properties":{"name":"23rd Street","kind":"street","eras":["1950","1965","1985"],"src":"osm"},"geometry":{"type":"LineString","coordinates":[[-122.274295,37.813858],[-122.274421,37.813834]]}},{"type":"Feature","properties":{"name":"27th Street","kind":"street","eras":["1950","1965","1985"],"src":"osm"},"geometry":{"type":"LineString","coordinates":[[-122.275603,37.817933],[-122.275721,37.817905]]}},{"type":"Feature","properties":{"name":"27th Street","kind":"street","eras":["1950","1965","1985"],"src":"osm"},"geometry":{"type":"LineString","coordinates":[[-122.275549,37.817764],[-122.275652,37.81768]]}},{"type":"Feature","properties":{"name":"27th Street","kind":"street","eras":["1950","1965","1985"],"src":"osm"},"geometry":{"type":"LineString","coordinates":[[-122.275652,37.81768],[-122.275515,37.817658]]}},{"type":"Feature","properties":{"name":"27th Street","kind":"street","eras":["1950","1965","1985"],"src":"osm"},"geometry":{"type":"LineString","coordinates":[[-122.273277,37.817292],[-122.272809,37.817199],[-122.272501,37.817147],[-122.272103,37.817081]]}},{"type":"Feature","properties":{"name":"29th Street","kind":"street","eras":["1950","1965","1985"],"src":"osm"},"geometry":{"type":"LineString","coordinates":[[-122.276094,37.819475],[-122.276217,37.819452]]}},{"type":"Feature","properties":{"name":"Mead Avenue","kind":"street","eras":["1950","1965","1985"],"src":"osm"},"geometry":{"type":"LineString","coordinates":[[-122.275131,37.81647],[-122.275253,37.816445]]}},{"type":"Feature","properties":{"name":"Northgate Avenue","kind":"major","eras":["1950","1965","1985"],"src":"osm"},"geometry":{"type":"LineString","coordinates":[[-122.271009,37.817025],[-122.271058,37.816861]]}},{"type":"Feature","properties":{"name":"West Grand Avenue","kind":"major","eras":["1950","1965","1985"],"src":"osm"},"geometry":{"type":"LineString","coordinates":[[-122.278677,37.814459],[-122.278567,37.814416],[-122.278286,37.814306],[-122.278042,37.814209],[-122.277084,37.813834],[-122.276641,37.81366],[-122.276467,37.813593],[-122.275909,37.813374],[-122.275818,37.813337],[-122.275328,37.813148]]}},{"type":"Feature","properties":{"name":"West Grand Avenue","kind":"major","eras":["1950","1965","1985"],"src":"osm"},"geometry":{"type":"LineString","coordinates":[[-122.272797,37.812491],[-122.272666,37.812469],[-122.272247,37.812396]]}},{"type":"Feature","properties":{"name":"Isabella Street","kind":"street","eras":["1950","1965","1985"],"src":"osm"},"geometry":{"type":"LineString","coordinates":[[-122.274739,37.814829],[-122.274645,37.814945]]}},{"type":"Feature","properties":{"name":"West Street","kind":"street","eras":["1950","1965","1985"],"src":"osm"},"geometry":{"type":"LineString","coordinates":[[-122.274829,37.815534],[-122.274859,37.815472],[-122.274905,37.815371]]}},{"type":"Feature","properties":{"name":"West Street","kind":"street","eras":["1950","1965","1985"],"src":"osm"},"geometry":{"type":"LineString","coordinates":[[-122.274559,37.816099],[-122.27458,37.816032],[-122.274665,37.815762]]}},{"type":"Feature","properties":{"name":"West Street","kind":"street","eras":["1950","1965","1985"],"src":"osm"},"geometry":{"type":"LineString","coordinates":[[-122.274199,37.817537],[-122.27422,37.81745]]}},{"type":"Feature","properties":{"name":"West Grand Avenue","kind":"major","eras":["1950","1965","1985"],"src":"osm"},"geometry":{"type":"LineString","coordinates":[[-122.291196,37.817688],[-122.290864,37.81751],[-122.290818,37.817486],[-122.290777,37.817449]]}},{"type":"Feature","properties":{"name":"West Grand Avenue","kind":"major","eras":["1950","1965","1985"],"src":"osm"},"geometry":{"type":"LineString","coordinates":[[-122.285048,37.815859],[-122.286054,37.816095],[-122.286116,37.816109]]}},{"type":"Feature","properties":{"name":"West Grand Avenue","kind":"major","eras":["1950","1965","1985"],"src":"osm"},"geometry":{"type":"LineString","coordinates":[[-122.2908,37.817588],[-122.290934,37.817653],[-122.292138,37.818257]]}},{"type":"Feature","properties":{"name":"West Grand Avenue","kind":"major","eras":["1950","1965","1985"],"src":"osm"},"geometry":{"type":"LineString","coordinates":[[-122.290514,37.817314],[-122.290372,37.81723],[-122.289927,37.816991]]}},{"type":"Feature","properties":{"name":"West Grand Avenue","kind":"major","eras":["1950","1965","1985"],"src":"osm"},"geometry":{"type":"LineString","coordinates":[[-122.286116,37.816109],[-122.286993,37.816308],[-122.287096,37.816331],[-122.287213,37.816358],[-122.288053,37.816547],[-122.288779,37.816712]]}},{"type":"Feature","properties":{"name":"West Grand Avenue","kind":"major","eras":["1950","1965","1985"],"src":"osm"},"geometry":{"type":"LineString","coordinates":[[-122.289219,37.816692],[-122.289091,37.816655],[-122.289014,37.81664],[-122.288852,37.816611],[-122.288604,37.816555],[-122.288093,37.816439],[-122.287249,37.816249],[-122.287136,37.816223]]}},{"type":"Feature","properties":{"name":"Alicia Street","kind":"street","eras":["1950","1965","1985"],"src":"osm"},"geometry":{"type":"LineString","coordinates":[[-122.276582,37.817724],[-122.276825,37.818498],[-122.276853,37.818589]]}},{"type":"Feature","properties":{"name":"Curtis Street","kind":"street","eras":["1950","1965","1985"],"src":"osm"},"geometry":{"type":"LineString","coordinates":[[-122.277084,37.813834],[-122.277026,37.813922]]}},{"type":"Feature","properties":{"name":"Isabella Street","kind":"street","eras":["1950","1965","1985"],"src":"osm"},"geometry":{"type":"LineString","coordinates":[[-122.277903,37.814268],[-122.278042,37.814209]]}},{"type":"Feature","properties":{"name":"West Street","kind":"street","eras":["1950","1965","1985"],"src":"osm"},"geometry":{"type":"LineString","coordinates":[[-122.275909,37.813374],[-122.275853,37.813463]]}},{"type":"Feature","properties":{"name":"14th Street","kind":"major","eras":["1950","1965","1985"],"src":"osm"},"geometry":{"type":"LineString","coordinates":[[-122.280969,37.808175],[-122.28085,37.808111]]}},{"type":"Feature","properties":{"name":"14th Street","kind":"street","eras":["1950","1965","1985"],"src":"osm"},"geometry":{"type":"LineString","coordinates":[[-122.292384,37.811004],[-122.292686,37.811073],[-122.292894,37.81112]]}},{"type":"Feature","properties":{"name":"14th Street","kind":"major","eras":["1950","1965","1985"],"src":"osm"},"geometry":{"type":"LineString","coordinates":[[-122.277243,37.806699],[-122.277228,37.806693],[-122.27715,37.806665]]}},{"type":"Feature","properties":{"name":"14th Street","kind":"major","eras":["1950","1965","1985"],"src":"osm"},"geometry":{"type":"LineString","coordinates":[[-122.280809,37.808224],[-122.280929,37.808288]]}},{"type":"Feature","properties":{"name":"14th Street","kind":"street","eras":["1950","1965","1985"],"src":"osm"},"geometry":{"type":"LineString","coordinates":[[-122.299887,37.814334],[-122.299666,37.814221],[-122.299493,37.814133],[-122.299436,37.814104]]}},{"type":"Feature","properties":{"name":"14th Street","kind":"major","eras":["1950","1965","1985"],"src":"osm"},"geometry":{"type":"LineString","coordinates":[[-122.291345,37.810765],[-122.291223,37.810738],[-122.290978,37.810683],[-122.290908,37.810668],[-122.290623,37.810603],[-122.290245,37.810518]]}},{"type":"Feature","properties":{"name":"14th Street","kind":"street","eras":["1950","1965","1985"],"src":"osm"},"geometry":{"type":"LineString","coordinates":[[-122.291739,37.810858],[-122.291799,37.81087],[-122.291841,37.810879],[-122.291953,37.810907],[-122.292078,37.810935],[-122.292166,37.810955],[-122.292384,37.811004]]}},{"type":"Feature","properties":{"name":"Market Street","kind":"major","eras":["1950","1965","1985"],"src":"osm"},"geometry":{"type":"LineString","coordinates":[[-122.28085,37.808111],[-122.280809,37.808224]]}},{"type":"Feature","properties":{"name":"Market Street","kind":"major","eras":["1950","1965","1985"],"src":"osm"},"geometry":{"type":"LineString","coordinates":[[-122.280929,37.808288],[-122.280969,37.808175]]}},{"type":"Feature","properties":{"name":"Poplar Street","kind":"street","eras":["1950","1965","1985"],"src":"osm"},"geometry":{"type":"LineString","coordinates":[[-122.289316,37.810208],[-122.289278,37.810318]]}},{"type":"Feature","properties":{"name":"Poplar Street","kind":"street","eras":["1950","1965","1985"],"src":"osm"},"geometry":{"type":"LineString","coordinates":[[-122.289476,37.809452],[-122.289481,37.809543],[-122.289466,37.809686],[-122.289445,37.809787],[-122.289439,37.809819],[-122.289343,37.81012],[-122.289337,37.810141],[-122.289316,37.810208]]}},{"type":"Feature","properties":{"name":"Union Street","kind":"street","eras":["1950","1965","1985"],"src":"osm"},"geometry":{"type":"LineString","coordinates":[[-122.288348,37.809994],[-122.288307,37.810087]]}},{"type":"Feature","properties":{"name":"Union Street","kind":"street","eras":["1950","1965","1985"],"src":"osm"},"geometry":{"type":"LineString","coordinates":[[-122.288307,37.810087],[-122.288293,37.810127],[-122.288272,37.810184],[-122.287781,37.811553]]}},{"type":"Feature","properties":{"name":"17th Street","kind":"street","eras":["1950","1965","1985"],"src":"osm"},"geometry":{"type":"LineString","coordinates":[[-122.292113,37.813339],[-122.292255,37.813373],[-122.292346,37.813396]]}},{"type":"Feature","properties":{"name":"17th Street","kind":"street","eras":["1950","1965","1985"],"src":"osm"},"geometry":{"type":"LineString","coordinates":[[-122.292346,37.813396],[-122.29244,37.813443],[-122.292489,37.813468],[-122.292897,37.813673],[-122.293073,37.813762],[-122.293258,37.813856],[-122.293323,37.813888],[-122.293519,37.813985],[-122.293545,37.813999],[-122.293617,37.814036]]}},{"type":"Feature","properties":{"name":"Center Street","kind":"street","eras":["1950","1965","1985"],"src":"osm"},"geometry":{"type":"LineString","coordinates":[[-122.292113,37.813339],[-122.29202,37.813625],[-122.292013,37.813685],[-122.291995,37.813831]]}},{"type":"Feature","properties":{"name":"Peralta Street","kind":"street","eras":["1950","1965","1985"],"src":"osm"},"geometry":{"type":"LineString","coordinates":[[-122.291283,37.814718],[-122.29116,37.814872],[-122.290974,37.815104]]}},{"type":"Feature","properties":{"name":"Peralta Street","kind":"street","eras":["1950","1965","1985"],"src":"osm"},"geometry":{"type":"LineString","coordinates":[[-122.292346,37.813396],[-122.291995,37.813831]]}},{"type":"Feature","properties":{"name":"Peralta Street","kind":"street","eras":["1950","1965","1985"],"src":"osm"},"geometry":{"type":"LineString","coordinates":[[-122.287045,37.82003],[-122.286798,37.820339],[-122.286738,37.820414]]}},{"type":"Feature","properties":{"name":"Peralta Street","kind":"street","eras":["1950","1965","1985"],"src":"osm"},"geometry":{"type":"LineString","coordinates":[[-122.291801,37.814074],[-122.291538,37.814401],[-122.291359,37.814623],[-122.291283,37.814718]]}},{"type":"Feature","properties":{"name":"Peralta Street","kind":"street","eras":["1950","1965","1985"],"src":"osm"},"geometry":{"type":"LineString","coordinates":[[-122.286738,37.820414],[-122.286656,37.820517],[-122.286367,37.820883],[-122.286201,37.821092],[-122.286147,37.82116],[-122.285672,37.821752],[-122.285515,37.821948],[-122.285494,37.821974],[-122.285283,37.822238],[-122.285271,37.822253]]}},{"type":"Feature","properties":{"name":"16th Street","kind":"street","eras":["1950","1965","1985"],"src":"osm"},"geometry":{"type":"LineString","coordinates":[[-122.280404,37.809736],[-122.28029,37.809649]]}},{"type":"Feature","properties":{"name":"17th Street","kind":"street","eras":["1950","1965","1985"],"src":"osm"},"geometry":{"type":"LineString","coordinates":[[-122.277163,37.809165],[-122.276993,37.809104]]}},{"type":"Feature","properties":{"name":"17th Street","kind":"street","eras":["1950","1965","1985"],"src":"osm"},"geometry":{"type":"LineString","coordinates":[[-122.278043,37.809962],[-122.277875,37.809616],[-122.277711,37.809443],[-122.277556,37.809329]]}},{"type":"Feature","properties":{"name":"18th Street","kind":"street","eras":["1950","1965","1985"],"src":"osm"},"geometry":{"type":"LineString","coordinates":[[-122.276511,37.809705],[-122.276702,37.809796]]}},{"type":"Feature","properties":{"name":"18th Street","kind":"street","eras":["1950","1965","1985"],"src":"osm"},"geometry":{"type":"LineString","coordinates":[[-122.276702,37.809796],[-122.276796,37.809836],[-122.277289,37.810032],[-122.277518,37.810123],[-122.277761,37.810219],[-122.277854,37.810256]]}},{"type":"Feature","properties":{"name":"21st Street","kind":"street","eras":["1950","1965","1985"],"src":"osm"},"geometry":{"type":"LineString","coordinates":[[-122.277888,37.812655],[-122.277922,37.812669],[-122.277947,37.812678],[-122.278686,37.812969],[-122.279017,37.813099],[-122.279053,37.813113],[-122.279152,37.81315]]}},{"type":"Feature","properties":{"name":"21st Street","kind":"street","eras":["1950","1965","1985"],"src":"osm"},"geometry":{"type":"LineString","coordinates":[[-122.277436,37.812476],[-122.277728,37.812592],[-122.277751,37.812601],[-122.27777,37.812609]]}},{"type":"Feature","properties":{"name":"Brush Street","kind":"street","eras":["1950","1965","1985"],"src":"osm"},"geometry":{"type":"LineString","coordinates":[[-122.275913,37.811083],[-122.275971,37.811002],[-122.276165,37.810693],[-122.276221,37.810601],[-122.276317,37.810447],[-122.2764,37.810316],[-122.276433,37.810264],[-122.276484,37.810177],[-122.276665,37.809849]]}},{"type":"Feature","properties":{"name":"Curtis Street","kind":"street","eras":["1950","1965","1985"],"src":"osm"},"geometry":{"type":"LineString","coordinates":[[-122.278015,37.812335],[-122.278008,37.812347],[-122.27788,37.812552],[-122.277865,37.812576],[-122.27786,37.812584]]}},{"type":"Feature","properties":{"name":"Curtis Street","kind":"street","eras":["1950","1965","1985"],"src":"osm"},"geometry":{"type":"LineString","coordinates":[[-122.277801,37.812677],[-122.277795,37.812687],[-122.277787,37.812701],[-122.277576,37.813035],[-122.27743,37.813267],[-122.277132,37.813755],[-122.277084,37.813834]]}},{"type":"Feature","properties":{"name":"Market Street","kind":"major","eras":["1950","1965","1985"],"src":"osm"},"geometry":{"type":"LineString","coordinates":[[-122.282844,37.802682],[-122.282826,37.802824]]}},{"type":"Feature","properties":{"name":"Market Street","kind":"street","eras":["1950","1965","1985"],"src":"osm"},"geometry":{"type":"LineString","coordinates":[[-122.283927,37.799876],[-122.283855,37.7999],[-122.283838,37.79991],[-122.283819,37.799921],[-122.283799,37.799944],[-122.283759,37.800053],[-122.283562,37.800604],[-122.283419,37.800989]]}},{"type":"Feature","properties":{"name":"","kind":"street","eras":["1950","1965","1985"],"src":"osm"},"geometry":{"type":"LineString","coordinates":[[-122.27786,37.812584],[-122.277831,37.812579],[-122.277802,37.812584],[-122.277783,37.812594],[-122.27777,37.812609],[-122.277764,37.812628],[-122.277768,37.812648],[-122.277781,37.812665],[-122.277801,37.812677],[-122.277826,37.812683],[-122.27785,37.81268],[-122.277872,37.812671],[-122.277888,37.812655],[-122.277896,37.812636],[-122.277893,37.812615],[-122.27788,37.812597],[-122.27786,37.812584]]}},{"type":"Feature","properties":{"name":"11th Street","kind":"major","eras":["1950","1965","1985"],"src":"osm"},"geometry":{"type":"LineString","coordinates":[[-122.278453,37.804596],[-122.278331,37.804549],[-122.277376,37.804184],[-122.277266,37.804139]]}},{"type":"Feature","properties":{"name":"12th Street","kind":"street","eras":["1950","1965","1985"],"src":"osm"},"geometry":{"type":"LineString","coordinates":[[-122.280832,37.806388],[-122.281088,37.806491],[-122.281309,37.806582],[-122.281398,37.806623]]}},{"type":"Feature","properties":{"name":"12th Street","kind":"major","eras":["1950","1965","1985"],"src":"osm"},"geometry":{"type":"LineString","coordinates":[[-122.27952,37.805882],[-122.27962,37.805918],[-122.279765,37.805968]]}},{"type":"Feature","properties":{"name":"12th Street","kind":"street","eras":["1950","1965","1985"],"src":"osm"},"geometry":{"type":"LineString","coordinates":[[-122.279765,37.805968],[-122.279908,37.806078],[-122.28025,37.806213],[-122.280347,37.806252]]}},{"type":"Feature","properties":{"name":"West Street","kind":"major","eras":["1950","1965","1985"],"src":"osm"},"geometry":{"type":"LineString","coordinates":[[-122.280343,37.805965],[-122.280458,37.805929],[-122.280549,37.805886],[-122.280635,37.805839],[-122.280693,37.805796]]}},{"type":"Feature","properties":{"name":"18th Street","kind":"street","eras":["1950","1965","1985"],"src":"osm"},"geometry":{"type":"LineString","coordinates":[[-122.272502,37.80791],[-122.272378,37.807884]]}},{"type":"Feature","properties":{"name":"19th Street","kind":"street","eras":["1950","1965","1985"],"src":"osm"},"geometry":{"type":"LineString","coordinates":[[-122.272668,37.808789],[-122.272791,37.808805]]}},{"type":"Feature","properties":{"name":"19th Street","kind":"street","eras":["1950","1965","1985"],"src":"osm"},"geometry":{"type":"LineString","coordinates":[[-122.273319,37.80885],[-122.273399,37.80883],[-122.273497,37.808804],[-122.273622,37.80877]]}},{"type":"Feature","properties":{"name":"19th Street","kind":"street","eras":["1950","1965","1985"],"src":"osm"},"geometry":{"type":"LineString","coordinates":[[-122.272791,37.808805],[-122.273019,37.808845],[-122.273064,37.808853],[-122.273147,37.80886],[-122.273216,37.808861],[-122.273319,37.80885]]}},{"type":"Feature","properties":{"name":"Castro Street","kind":"major","eras":["1950","1965","1985"],"src":"osm"},"geometry":{"type":"LineString","coordinates":[[-122.273563,37.811596],[-122.273593,37.811571],[-122.273618,37.811544],[-122.273638,37.811511],[-122.27365,37.81147]]}},{"type":"Feature","properties":{"name":"6th Street","kind":"street","eras":["1950","1965","1985"],"src":"osm"},"geometry":{"type":"LineString","coordinates":[[-122.274611,37.798768],[-122.274712,37.798822]]}},{"type":"Feature","properties":{"name":"6th Street","kind":"street","eras":["1950","1965","1985"],"src":"osm"},"geometry":{"type":"LineString","coordinates":[[-122.275866,37.799304],[-122.275979,37.799349],[-122.277033,37.799765],[-122.277785,37.800065]]}},{"type":"Feature","properties":{"name":"Castro Street","kind":"street","eras":["1950","1965","1985"],"src":"osm"},"geometry":{"type":"LineString","coordinates":[[-122.280592,37.801141],[-122.28054,37.801213],[-122.280518,37.801238],[-122.280472,37.801293],[-122.280397,37.801366],[-122.280043,37.801671],[-122.27997,37.801734]]}},{"type":"Feature","properties":{"name":"Washington Street","kind":"street","eras":["1950","1965","1985"],"src":"osm"},"geometry":{"type":"LineString","coordinates":[[-122.275736,37.799512],[-122.275677,37.799607]]}},{"type":"Feature","properties":{"name":"6th Street","kind":"street","eras":["1950","1965","1985"],"src":"osm"},"geometry":{"type":"LineString","coordinates":[[-122.269844,37.796989],[-122.269933,37.797026]]}},{"type":"Feature","properties":{"name":"Alice Street","kind":"street","eras":["1950","1965","1985"],"src":"osm"},"geometry":{"type":"LineString","coordinates":[[-122.269844,37.796989],[-122.269637,37.797324]]}},{"type":"Feature","properties":{"name":"Jackson Street","kind":"major","eras":["1950","1965","1985"],"src":"osm"},"geometry":{"type":"LineString","coordinates":[[-122.268259,37.797172],[-122.268309,37.797091],[-122.268652,37.796546]]}},{"type":"Feature","properties":{"name":"Jackson Street","kind":"major","eras":["1950","1965","1985"],"src":"osm"},"geometry":{"type":"LineString","coordinates":[[-122.268746,37.796401],[-122.26878,37.796347],[-122.26906,37.79589],[-122.269104,37.795819]]}},{"type":"Feature","properties":{"name":"Webster Street","kind":"major","eras":["1950","1965","1985"],"src":"osm"},"geometry":{"type":"LineString","coordinates":[[-122.271892,37.798492],[-122.272282,37.797892]]}},{"type":"Feature","properties":{"name":"Webster Street","kind":"street","eras":["1950","1965","1985"],"src":"osm"},"geometry":{"type":"LineString","coordinates":[[-122.27217,37.797848],[-122.272648,37.79721],[-122.272691,37.797152]]}},{"type":"Feature","properties":{"name":"17th Street","kind":"major","eras":["1950","1965","1985"],"src":"osm"},"geometry":{"type":"LineString","coordinates":[[-122.272205,37.807144],[-122.272033,37.807112],[-122.271248,37.806987],[-122.270393,37.806851],[-122.270275,37.806829]]}},{"type":"Feature","properties":{"name":"17th Street","kind":"street","eras":["1950","1965","1985"],"src":"osm"},"geometry":{"type":"LineString","coordinates":[[-122.275933,37.808626],[-122.275834,37.808587],[-122.275642,37.808512],[-122.275152,37.80832],[-122.275043,37.808273],[-122.274952,37.808228],[-122.274876,37.808186],[-122.274777,37.808129]]}},{"type":"Feature","properties":{"name":"22nd Street","kind":"street","eras":["1950","1965","1985"],"src":"osm"},"geometry":{"type":"LineString","coordinates":[[-122.267044,37.810946],[-122.267235,37.810951],[-122.267716,37.811032],[-122.267951,37.811072],[-122.268016,37.811083],[-122.268462,37.811158]]}},{"type":"Feature","properties":{"name":"2nd Street","kind":"street","eras":["1950","1965","1985"],"src":"osm"},"geometry":{"type":"LineString","coordinates":[[-122.281135,37.797939],[-122.281008,37.797889],[-122.28097,37.797874],[-122.279958,37.797474]]}},{"type":"Feature","properties":{"name":"4th Street","kind":"street","eras":["1950","1965","1985"],"src":"osm"},"geometry":{"type":"LineString","coordinates":[[-122.275452,37.797427],[-122.275558,37.797468]]}},{"type":"Feature","properties":{"name":"4th Street","kind":"street","eras":["1950","1965","1985"],"src":"osm"},"geometry":{"type":"LineString","coordinates":[[-122.275558,37.797468],[-122.275679,37.797515],[-122.275745,37.797541],[-122.275952,37.79762],[-122.27607,37.797666],[-122.276609,37.797876],[-122.276738,37.797926],[-122.276842,37.797966],[-122.276858,37.797972],[-122.276951,37.798008],[-122.277364,37.79817],[-122.277828,37.798353],[-122.277925,37.798392],[-122.278012,37.798426],[-122.278783,37.798732],[-122.279021,37.798827],[-122.279094,37.798856],[-122.280141,37.799265],[-122.280168,37.799276],[-122.28027,37.799316]]}},{"type":"Feature","properties":{"name":"3rd Street","kind":"street","eras":["1950","1965","1985"],"src":"osm"},"geometry":{"type":"LineString","coordinates":[[-122.291405,37.801589],[-122.290297,37.801331]]}},{"type":"Feature","properties":{"name":"3rd Street","kind":"street","eras":["1950","1965","1985"],"src":"osm"},"geometry":{"type":"LineString","coordinates":[[-122.290297,37.801331],[-122.290123,37.801292],[-122.28944,37.80114],[-122.289272,37.801103]]}},{"type":"Feature","properties":{"name":"4th Street","kind":"street","eras":["1950","1965","1985"],"src":"osm"},"geometry":{"type":"LineString","coordinates":[[-122.283562,37.800604],[-122.283687,37.800653]]}},{"type":"Feature","properties":{"name":"5th Street","kind":"major","eras":["1950","1965","1985"],"src":"osm"},"geometry":{"type":"LineString","coordinates":[[-122.283427,37.801386],[-122.283289,37.801342]]}},{"type":"Feature","properties":{"name":"6th Street","kind":"major","eras":["1950","1965","1985"],"src":"osm"},"geometry":{"type":"LineString","coordinates":[[-122.283053,37.802004],[-122.283186,37.802063],[-122.283331,37.802113],[-122.283612,37.802211],[-122.283973,37.802323],[-122.284128,37.802357]]}},{"type":"Feature","properties":{"name":"Adeline Street","kind":"street","eras":["1950","1965","1985"],"src":"osm"},"geometry":{"type":"LineString","coordinates":[[-122.289272,37.801103],[-122.289347,37.801067],[-122.289427,37.801029],[-122.289572,37.800843]]}},{"type":"Feature","properties":{"name":"Clay Street","kind":"street","eras":["1950","1965","1985"],"src":"osm"},"geometry":{"type":"LineString","coordinates":[[-122.279158,37.796369],[-122.279121,37.79643],[-122.279084,37.796489],[-122.278848,37.796869],[-122.278805,37.796938],[-122.278762,37.797008]]}},{"type":"Feature","properties":{"name":"Martin Luther King Junior Way","kind":"street","eras":["1950","1965","1985"],"src":"osm"},"geometry":{"type":"LineString","coordinates":[[-122.281495,37.797356],[-122.281135,37.797939]]}},{"type":"Feature","properties":{"name":"Middle Harbor Road","kind":"major","eras":["1950","1965","1985"],"src":"osm"},"geometry":{"type":"LineString","coordinates":[[-122.294903,37.798478],[-122.295502,37.798325],[-122.296226,37.798141]]}},{"type":"Feature","properties":{"name":"Middle Harbor Road","kind":"major","eras":["1950","1965","1985"],"src":"osm"},"geometry":{"type":"LineString","coordinates":[[-122.28934,37.800872],[-122.289269,37.800992],[-122.28927,37.801051],[-122.289272,37.801103]]}},{"type":"Feature","properties":{"name":"Broadway","kind":"street","eras":["1950","1965","1985"],"src":"osm"},"geometry":{"type":"LineString","coordinates":[[-122.275886,37.796731],[-122.27583,37.796822],[-122.275452,37.797427]]}},{"type":"Feature","properties":{"name":"3rd Street","kind":"street","eras":["1950","1965","1985"],"src":"osm"},"geometry":{"type":"LineString","coordinates":[[-122.275886,37.796731],[-122.275795,37.796695],[-122.274814,37.796314],[-122.274712,37.796273],[-122.27461,37.796233],[-122.273634,37.795845],[-122.27354,37.795808]]}},{"type":"Feature","properties":{"name":"Embarcadero West","kind":"street","eras":["1950","1965","1985"],"src":"osm"},"geometry":{"type":"LineString","coordinates":[[-122.276824,37.79544],[-122.276902,37.79547],[-122.277895,37.795861],[-122.277991,37.795898],[-122.278108,37.795946],[-122.279062,37.796331],[-122.279158,37.796369]]}},{"type":"Feature","properties":{"name":"Webster Street","kind":"street","eras":["1950","1965","1985"],"src":"osm"},"geometry":{"type":"LineString","coordinates":[[-122.270522,37.800625],[-122.270678,37.800375],[-122.27088,37.800061],[-122.2709,37.800028],[-122.270954,37.799945]]}},{"type":"Feature","properties":{"name":"10th Street","kind":"street","eras":["1950","1965","1985"],"src":"osm"},"geometry":{"type":"LineString","coordinates":[[-122.269337,37.80016],[-122.269451,37.800202],[-122.269972,37.800408]]}},{"type":"Feature","properties":{"name":"9th Street","kind":"street","eras":["1950","1965","1985"],"src":"osm"},"geometry":{"type":"LineString","coordinates":[[-122.273391,37.800897],[-122.273301,37.800862]]}},{"type":"Feature","properties":{"name":"Washington Street","kind":"street","eras":["1950","1965","1985"],"src":"osm"},"geometry":{"type":"LineString","coordinates":[[-122.275436,37.799995],[-122.275008,37.800678]]}},{"type":"Feature","properties":{"name":"5th Street","kind":"major","eras":["1950","1965","1985"],"src":"osm"},"geometry":{"type":"LineString","coordinates":[[-122.275124,37.798161],[-122.275018,37.798119]]}},{"type":"Feature","properties":{"name":"14th Street","kind":"street","eras":["1950","1965","1985"],"src":"osm"},"geometry":{"type":"LineString","coordinates":[[-122.293956,37.811373],[-122.294061,37.811408],[-122.29436,37.81156],[-122.294404,37.811582],[-122.295162,37.811967],[-122.295185,37.811979],[-122.295244,37.81201],[-122.295315,37.812045],[-122.295357,37.812065],[-122.295722,37.812247],[-122.295942,37.812356],[-122.29624,37.812509],[-122.296266,37.812522],[-122.296451,37.812615],[-122.296472,37.812626],[-122.296538,37.812659],[-122.296609,37.812694],[-122.297388,37.813083],[-122.29772,37.813249],[-122.297755,37.813266],[-122.297809,37.813293]]}},{"type":"Feature","properties":{"name":"Peralta Street","kind":"street","eras":["1950","1965","1985"],"src":"osm"},"geometry":{"type":"LineString","coordinates":[[-122.293956,37.811373],[-122.293928,37.811409],[-122.293885,37.811462],[-122.293586,37.811838],[-122.293447,37.812013],[-122.29304,37.812524],[-122.292943,37.812644],[-122.292881,37.812722],[-122.292837,37.812777],[-122.292823,37.812795],[-122.2927,37.812949],[-122.292398,37.813329],[-122.292394,37.813335],[-122.292346,37.813396]]}},{"type":"Feature","properties":{"name":"Castro Street","kind":"major","eras":["1950","1965","1985"],"src":"osm"},"geometry":{"type":"LineString","coordinates":[[-122.273049,37.811875],[-122.273082,37.811831],[-122.273117,37.81179],[-122.27316,37.81175],[-122.273209,37.811716],[-122.273269,37.811684],[-122.273331,37.811661],[-122.273495,37.811616],[-122.273563,37.811596]]}},{"type":"Feature","properties":{"name":"Martin Luther King Junior Way","kind":"major","eras":["1950","1965","1985"],"src":"osm"},"geometry":{"type":"LineString","coordinates":[[-122.272964,37.811817],[-122.272935,37.811874],[-122.272912,37.811931],[-122.272908,37.811984],[-122.272915,37.812063]]}},{"type":"Feature","properties":{"name":"Clay Street","kind":"street","eras":["1950","1965","1985"],"src":"osm"},"geometry":{"type":"LineString","coordinates":[[-122.274038,37.804584],[-122.273752,37.805041]]}},{"type":"Feature","properties":{"name":"Nimitz Freeway","kind":"freeway","eras":["1965","1985"],"src":"osm"},"geometry":{"type":"LineString","coordinates":[[-122.273871,37.797769],[-122.272941,37.797433],[-122.272269,37.797163]]}},{"type":"Feature","properties":{"name":"12th Street","kind":"major","eras":["1950","1965","1985"],"src":"osm"},"geometry":{"type":"LineString","coordinates":[[-122.270108,37.802182],[-122.270542,37.802355]]}},{"type":"Feature","properties":{"name":"8th Street","kind":"major","eras":["1950","1965","1985"],"src":"osm"},"geometry":{"type":"LineString","coordinates":[[-122.276829,37.801396],[-122.277262,37.801569],[-122.277321,37.801592],[-122.277369,37.801612]]}},{"type":"Feature","properties":{"name":"8th Street","kind":"major","eras":["1950","1965","1985"],"src":"osm"},"geometry":{"type":"LineString","coordinates":[[-122.275008,37.800678],[-122.275542,37.800887]]}},{"type":"Feature","properties":{"name":"8th Street","kind":"major","eras":["1950","1965","1985"],"src":"osm"},"geometry":{"type":"LineString","coordinates":[[-122.275542,37.800887],[-122.276062,37.801091],[-122.276102,37.801106],[-122.27619,37.801142]]}},{"type":"Feature","properties":{"name":"8th Street","kind":"major","eras":["1950","1965","1985"],"src":"osm"},"geometry":{"type":"LineString","coordinates":[[-122.272106,37.799547],[-122.272407,37.799666],[-122.272439,37.799678],[-122.272452,37.799683],[-122.272554,37.799722]]}},{"type":"Feature","properties":{"name":"8th Street","kind":"major","eras":["1950","1965","1985"],"src":"osm"},"geometry":{"type":"LineString","coordinates":[[-122.272554,37.799722],[-122.272567,37.799727],[-122.272687,37.799773],[-122.273304,37.800013]]}},{"type":"Feature","properties":{"name":"7th Street","kind":"major","eras":["1950","1965","1985"],"src":"osm"},"geometry":{"type":"LineString","coordinates":[[-122.269101,37.797506],[-122.268879,37.797422]]}},{"type":"Feature","properties":{"name":"Brush Street","kind":"street","eras":["1950","1965","1985"],"src":"osm"},"geometry":{"type":"LineString","coordinates":[[-122.281772,37.801606],[-122.281825,37.80152],[-122.282136,37.801022],[-122.282203,37.800939]]}},{"type":"Feature","properties":{"name":"Market Street","kind":"street","eras":["1950","1965","1985"],"src":"osm"},"geometry":{"type":"LineString","coordinates":[[-122.283419,37.800989],[-122.283374,37.801111],[-122.28332,37.801258],[-122.283289,37.801342]]}},{"type":"Feature","properties":{"name":"Market Street","kind":"street","eras":["1950","1965","1985"],"src":"osm"},"geometry":{"type":"LineString","coordinates":[[-122.283687,37.800653],[-122.283783,37.800382]]}},{"type":"Feature","properties":{"name":"Market Street","kind":"street","eras":["1950","1965","1985"],"src":"osm"},"geometry":{"type":"LineString","coordinates":[[-122.283528,37.801101],[-122.283612,37.800863],[-122.283687,37.800653]]}},{"type":"Feature","properties":{"name":"Market Street","kind":"street","eras":["1950","1965","1985"],"src":"osm"},"geometry":{"type":"LineString","coordinates":[[-122.283783,37.800382],[-122.283918,37.800001],[-122.283926,37.79998],[-122.283931,37.799942],[-122.28393,37.799934],[-122.283927,37.799876]]}},{"type":"Feature","properties":{"name":"5th Street","kind":"street","eras":["1950","1965","1985"],"src":"osm"},"geometry":{"type":"LineString","coordinates":[[-122.292148,37.803463],[-122.291993,37.803486]]}},{"type":"Feature","properties":{"name":"5th Street","kind":"street","eras":["1950","1965","1985"],"src":"osm"},"geometry":{"type":"LineString","coordinates":[[-122.291993,37.803486],[-122.291873,37.803504],[-122.291743,37.803523],[-122.291607,37.803539],[-122.291275,37.803543],[-122.291079,37.803482]]}},{"type":"Feature","properties":{"name":"I-980 \u00b7 Grove Shafter Fwy","kind":"freeway","eras":["1985"],"src":"osm"},"geometry":{"type":"LineString","coordinates":[[-122.278713,37.799776],[-122.278574,37.799695],[-122.278431,37.799617],[-122.278291,37.799548],[-122.278141,37.799478],[-122.277914,37.799376]]}},{"type":"Feature","properties":{"name":"Middle Harbor Road","kind":"major","eras":["1950","1965","1985"],"src":"osm"},"geometry":{"type":"LineString","coordinates":[[-122.299284,37.797457],[-122.299622,37.797402],[-122.300686,37.797226]]}},{"type":"Feature","properties":{"name":"Middle Harbor Road","kind":"major","eras":["1950","1965","1985"],"src":"osm"},"geometry":{"type":"LineString","coordinates":[[-122.29759,37.797778],[-122.297751,37.797735],[-122.298609,37.797565],[-122.299284,37.797457]]}},{"type":"Feature","properties":{"name":"Nimitz Freeway","kind":"freeway","eras":["1965","1985"],"src":"osm"},"geometry":{"type":"LineString","coordinates":[[-122.280218,37.804168],[-122.280347,37.803593]]}},{"type":"Feature","properties":{"name":"Nimitz Freeway","kind":"freeway","eras":["1965","1985"],"src":"osm"},"geometry":{"type":"LineString","coordinates":[[-122.279958,37.805189],[-122.280008,37.805035],[-122.280039,37.804934],[-122.28007,37.804823],[-122.280129,37.804561],[-122.280218,37.804168]]}},{"type":"Feature","properties":{"name":"Nimitz Freeway","kind":"freeway","eras":["1965","1985"],"src":"osm"},"geometry":{"type":"LineString","coordinates":[[-122.280389,37.802052],[-122.280335,37.801838],[-122.280179,37.801478]]}},{"type":"Feature","properties":{"name":"Nimitz Freeway","kind":"freeway","eras":["1965","1985"],"src":"osm"},"geometry":{"type":"LineString","coordinates":[[-122.279607,37.800268],[-122.2782,37.799714]]}},{"type":"Feature","properties":{"name":"Nimitz Freeway","kind":"freeway","eras":["1965","1985"],"src":"osm"},"geometry":{"type":"LineString","coordinates":[[-122.28389,37.801898],[-122.283599,37.80179],[-122.2833,37.801679],[-122.283005,37.80157],[-122.282708,37.80146],[-122.282412,37.80135],[-122.282119,37.80124],[-122.281823,37.801127],[-122.281382,37.800956],[-122.281085,37.800841],[-122.280787,37.800727],[-122.280489,37.800611],[-122.279607,37.800268]]}},{"type":"Feature","properties":{"name":"Nimitz Freeway","kind":"freeway","eras":["1965","1985"],"src":"osm"},"geometry":{"type":"LineString","coordinates":[[-122.280168,37.800666],[-122.280769,37.800896],[-122.281055,37.801006]]}},{"type":"Feature","properties":{"name":"Market Street","kind":"street","eras":["1950","1965","1985"],"src":"osm"},"geometry":{"type":"LineString","coordinates":[[-122.282918,37.802379],[-122.282888,37.802473],[-122.282876,37.802519],[-122.282857,37.802596],[-122.282844,37.802682]]}},{"type":"Feature","properties":{"name":"5th Street","kind":"major","eras":["1950","1965","1985"],"src":"osm"},"geometry":{"type":"LineString","coordinates":[[-122.290198,37.803241],[-122.289648,37.803079]]}},{"type":"Feature","properties":{"name":"6th Street","kind":"major","eras":["1950","1965","1985"],"src":"osm"},"geometry":{"type":"LineString","coordinates":[[-122.287571,37.802686],[-122.288339,37.80288],[-122.288534,37.80293]]}},{"type":"Feature","properties":{"name":"Adeline Street","kind":"major","eras":["1950","1965","1985"],"src":"osm"},"geometry":{"type":"LineString","coordinates":[[-122.288534,37.80293],[-122.288439,37.803207],[-122.28838,37.803381],[-122.28836,37.803437]]}},{"type":"Feature","properties":{"name":"Adeline Street","kind":"major","eras":["1950","1965","1985"],"src":"osm"},"geometry":{"type":"LineString","coordinates":[[-122.28836,37.803437],[-122.288321,37.803551]]}},{"type":"Feature","properties":{"name":"Adeline Street","kind":"major","eras":["1950","1965","1985"],"src":"osm"},"geometry":{"type":"LineString","coordinates":[[-122.288321,37.803551],[-122.288275,37.803685],[-122.288263,37.803721],[-122.288236,37.803799]]}},{"type":"Feature","properties":{"name":"Adeline Street","kind":"major","eras":["1950","1965","1985"],"src":"osm"},"geometry":{"type":"LineString","coordinates":[[-122.28892,37.801907],[-122.288851,37.802018],[-122.28879,37.802115]]}},{"type":"Feature","properties":{"name":"Middle Harbor Road","kind":"major","eras":["1950","1965","1985"],"src":"osm"},"geometry":{"type":"LineString","coordinates":[[-122.293991,37.798711],[-122.294442,37.798596],[-122.294903,37.798478]]}},{"type":"Feature","properties":{"name":"Middle Harbor Road","kind":"major","eras":["1950","1965","1985"],"src":"osm"},"geometry":{"type":"LineString","coordinates":[[-122.296811,37.797985],[-122.29759,37.797778]]}},{"type":"Feature","properties":{"name":"Middle Harbor Road","kind":"major","eras":["1950","1965","1985"],"src":"osm"},"geometry":{"type":"LineString","coordinates":[[-122.296226,37.798141],[-122.296811,37.797985]]}},{"type":"Feature","properties":{"name":"Thomas L. Berkley Way","kind":"street","eras":["1950","1965","1985"],"src":"osm"},"geometry":{"type":"LineString","coordinates":[[-122.272638,37.810064],[-122.272701,37.810074],[-122.272752,37.810082],[-122.272968,37.810117],[-122.273,37.810125],[-122.273093,37.810145]]}},{"type":"Feature","properties":{"name":"Thomas L. Berkley Way","kind":"street","eras":["1950","1965","1985"],"src":"osm"},"geometry":{"type":"LineString","coordinates":[[-122.269594,37.809567],[-122.269659,37.809588],[-122.269732,37.809608],[-122.270055,37.809659],[-122.270103,37.809667],[-122.270262,37.809692]]}},{"type":"Feature","properties":{"name":"7th Street","kind":"major","eras":["1950","1965","1985"],"src":"osm"},"geometry":{"type":"LineString","coordinates":[[-122.295724,37.805543],[-122.295922,37.80559],[-122.296032,37.805573]]}},{"type":"Feature","properties":{"name":"7th Street","kind":"major","eras":["1950","1965","1985"],"src":"osm"},"geometry":{"type":"LineString","coordinates":[[-122.296369,37.805647],[-122.296715,37.80572]]}},{"type":"Feature","properties":{"name":"7th Street","kind":"major","eras":["1950","1965","1985"],"src":"osm"},"geometry":{"type":"LineString","coordinates":[[-122.296032,37.805573],[-122.29615,37.805599],[-122.296369,37.805647]]}},{"type":"Feature","properties":{"name":"Market Street","kind":"street","eras":["1950","1965","1985"],"src":"osm"},"geometry":{"type":"LineString","coordinates":[[-122.283289,37.801342],[-122.283254,37.801439],[-122.283053,37.802004]]}},{"type":"Feature","properties":{"name":"Maritime Street","kind":"major","eras":["1950","1965","1985"],"src":"osm"},"geometry":{"type":"LineString","coordinates":[[-122.302842,37.820457],[-122.303132,37.820183]]}},{"type":"Feature","properties":{"name":"Maritime Street","kind":"major","eras":["1950","1965","1985"],"src":"osm"},"geometry":{"type":"LineString","coordinates":[[-122.303132,37.820183],[-122.30346,37.819871]]}},{"type":"Feature","properties":{"name":"Maritime Street","kind":"major","eras":["1950","1965","1985"],"src":"osm"},"geometry":{"type":"LineString","coordinates":[[-122.30346,37.819871],[-122.303834,37.819518]]}},{"type":"Feature","properties":{"name":"Maritime Street","kind":"major","eras":["1950","1965","1985"],"src":"osm"},"geometry":{"type":"LineString","coordinates":[[-122.303834,37.819518],[-122.304365,37.819014],[-122.304421,37.818961],[-122.30447,37.818915]]}},{"type":"Feature","properties":{"name":"Maritime Street","kind":"major","eras":["1950","1965","1985"],"src":"osm"},"geometry":{"type":"LineString","coordinates":[[-122.301692,37.821525],[-122.30211,37.821143],[-122.302239,37.82103]]}},{"type":"Feature","properties":{"name":"Martin Luther King Junior Way","kind":"street","eras":["1950","1965","1985"],"src":"osm"},"geometry":{"type":"LineString","coordinates":[[-122.280702,37.798625],[-122.28027,37.799316],[-122.27989,37.79994],[-122.279844,37.800014]]}},{"type":"Feature","properties":{"name":"Brush Street","kind":"street","eras":["1950","1965","1985"],"src":"osm"},"geometry":{"type":"LineString","coordinates":[[-122.274676,37.812996],[-122.27473,37.812909]]}},{"type":"Feature","properties":{"name":"West Grand Avenue","kind":"major","eras":["1950","1965","1985"],"src":"osm"},"geometry":{"type":"LineString","coordinates":[[-122.274676,37.812996],[-122.274795,37.813045],[-122.275177,37.813195],[-122.275266,37.81323]]}},{"type":"Feature","properties":{"name":"West Grand Avenue","kind":"major","eras":["1950","1965","1985"],"src":"osm"},"geometry":{"type":"LineString","coordinates":[[-122.275266,37.81323],[-122.275751,37.813425],[-122.275853,37.813463],[-122.276855,37.813855],[-122.277026,37.813922],[-122.277903,37.814268],[-122.278115,37.81435]]}},{"type":"Feature","properties":{"name":"West Grand Avenue","kind":"major","eras":["1950","1965","1985"],"src":"osm"},"geometry":{"type":"LineString","coordinates":[[-122.275328,37.813148],[-122.274862,37.812964],[-122.274847,37.812958],[-122.27473,37.812909]]}},{"type":"Feature","properties":{"name":"Northgate Avenue","kind":"major","eras":["1950","1965","1985"],"src":"osm"},"geometry":{"type":"LineString","coordinates":[[-122.270232,37.815043],[-122.270174,37.8153],[-122.270157,37.815377]]}},{"type":"Feature","properties":{"name":"Sycamore Street","kind":"street","eras":["1950","1965","1985"],"src":"osm"},"geometry":{"type":"LineString","coordinates":[[-122.270157,37.815377],[-122.270314,37.815403]]}},{"type":"Feature","properties":{"name":"Sycamore Street","kind":"street","eras":["1950","1965","1985"],"src":"osm"},"geometry":{"type":"LineString","coordinates":[[-122.270314,37.815403],[-122.271445,37.815588],[-122.271637,37.815619],[-122.271888,37.81566],[-122.271992,37.815677],[-122.272088,37.815693],[-122.272247,37.815719],[-122.27255,37.815769],[-122.273187,37.815874],[-122.274453,37.816082],[-122.274559,37.816099],[-122.274674,37.816118],[-122.274958,37.816164],[-122.275037,37.816177]]}},{"type":"Feature","properties":{"name":"Broadway","kind":"major","eras":["1950","1965","1985"],"src":"osm"},"geometry":{"type":"LineString","coordinates":[[-122.272963,37.801584],[-122.273014,37.801503],[-122.273225,37.801163],[-122.27334,37.800978],[-122.273391,37.800897]]}},{"type":"Feature","properties":{"name":"Broadway","kind":"major","eras":["1950","1965","1985"],"src":"osm"},"geometry":{"type":"LineString","coordinates":[[-122.272791,37.801861],[-122.272906,37.801676],[-122.272963,37.801584]]}},{"type":"Feature","properties":{"name":"10th Street","kind":"street","eras":["1950","1965","1985"],"src":"osm"},"geometry":{"type":"LineString","coordinates":[[-122.272877,37.80155],[-122.272963,37.801584]]}},{"type":"Feature","properties":{"name":"Broadway","kind":"major","eras":["1950","1965","1985"],"src":"osm"},"geometry":{"type":"LineString","coordinates":[[-122.273301,37.800862],[-122.273251,37.800944],[-122.273121,37.801154],[-122.272926,37.801471],[-122.272877,37.80155]]}},{"type":"Feature","properties":{"name":"7th Street","kind":"major","eras":["1950","1965","1985"],"src":"osm"},"geometry":{"type":"LineString","coordinates":[[-122.274262,37.799534],[-122.274158,37.799493]]}},{"type":"Feature","properties":{"name":"Broadway","kind":"major","eras":["1950","1965","1985"],"src":"osm"},"geometry":{"type":"LineString","coordinates":[[-122.274262,37.799534],[-122.274319,37.799445],[-122.274463,37.799216],[-122.274649,37.798921],[-122.274712,37.798822]]}},{"type":"Feature","properties":{"name":"2nd Street","kind":"street","eras":["1950","1965","1985"],"src":"osm"},"geometry":{"type":"LineString","coordinates":[[-122.277594,37.796549],[-122.277488,37.796507],[-122.276546,37.796135],[-122.276511,37.796121],[-122.276423,37.796088]]}},{"type":"Feature","properties":{"name":"Prescott Street","kind":"street","eras":["1950","1965","1985"],"src":"osm"},"geometry":{"type":"LineString","coordinates":[[-122.298785,37.813778],[-122.298596,37.814003],[-122.298285,37.814377],[-122.298252,37.814417],[-122.297742,37.814789],[-122.29744,37.815034]]}},{"type":"Feature","properties":{"name":"San Pablo Avenue","kind":"major","eras":["1950","1965","1985"],"src":"osm"},"geometry":{"type":"LineString","coordinates":[[-122.273916,37.812695],[-122.273956,37.812816]]}},{"type":"Feature","properties":{"name":"Pullman Way","kind":"street","eras":["1950","1965","1985"],"src":"osm"},"geometry":{"type":"LineString","coordinates":[[-122.29786,37.815318],[-122.297923,37.815273],[-122.298019,37.815203],[-122.298072,37.815165],[-122.29865,37.814745],[-122.299222,37.81433],[-122.299493,37.814133]]}},{"type":"Feature","properties":{"name":"16th Street","kind":"street","eras":["1950","1965","1985"],"src":"osm"},"geometry":{"type":"LineString","coordinates":[[-122.298177,37.815573],[-122.298051,37.815472],[-122.298025,37.815451],[-122.29786,37.815318]]}},{"type":"Feature","properties":{"name":"Hornbeam Alley","kind":"street","eras":["1950","1965","1985"],"src":"osm"},"geometry":{"type":"LineString","coordinates":[[-122.299222,37.81433],[-122.298596,37.814003]]}},{"type":"Feature","properties":{"name":"Natchez Alley","kind":"street","eras":["1950","1965","1985"],"src":"osm"},"geometry":{"type":"LineString","coordinates":[[-122.297252,37.814531],[-122.297525,37.814194],[-122.297594,37.814104],[-122.297812,37.813837],[-122.297929,37.813686],[-122.297995,37.813595],[-122.298104,37.813437]]}},{"type":"Feature","properties":{"name":"Bay Alley","kind":"street","eras":["1950","1965","1985"],"src":"osm"},"geometry":{"type":"LineString","coordinates":[[-122.298445,37.814577],[-122.297856,37.81499],[-122.298072,37.815165]]}},{"type":"Feature","properties":{"name":"Ironwood Alley","kind":"street","eras":["1950","1965","1985"],"src":"osm"},"geometry":{"type":"LineString","coordinates":[[-122.297742,37.814789],[-122.297252,37.814531]]}},{"type":"Feature","properties":{"name":"Washington Street","kind":"street","eras":["1950","1965","1985"],"src":"osm"},"geometry":{"type":"LineString","coordinates":[[-122.277168,37.797235],[-122.277112,37.797323],[-122.276938,37.797601],[-122.276909,37.79765],[-122.276738,37.797926],[-122.276555,37.798217],[-122.276344,37.798548],[-122.276292,37.798621]]}},{"type":"Feature","properties":{"name":"3rd Street","kind":"street","eras":["1950","1965","1985"],"src":"osm"},"geometry":{"type":"LineString","coordinates":[[-122.276856,37.797112],[-122.27707,37.797197],[-122.277168,37.797235]]}},{"type":"Feature","properties":{"name":"San Pablo Avenue","kind":"major","eras":["1950","1965","1985"],"src":"osm"},"geometry":{"type":"LineString","coordinates":[[-122.272853,37.808999],[-122.272821,37.808902],[-122.272791,37.808805]]}},{"type":"Feature","properties":{"name":"Peralta Street","kind":"street","eras":["1950","1965","1985"],"src":"osm"},"geometry":{"type":"LineString","coordinates":[[-122.298365,37.805847],[-122.298317,37.805906],[-122.298257,37.805979]]}},{"type":"Feature","properties":{"name":"Lewis Street","kind":"street","eras":["1950","1965","1985"],"src":"osm"},"geometry":{"type":"LineString","coordinates":[[-122.298229,37.805666],[-122.298227,37.805699]]}},{"type":"Feature","properties":{"name":"San Pablo Avenue","kind":"major","eras":["1950","1965","1985"],"src":"osm"},"geometry":{"type":"LineString","coordinates":[[-122.274062,37.812727],[-122.274026,37.81262]]}},{"type":"Feature","properties":{"name":"West 14th Street","kind":"street","eras":["1950","1965","1985"],"src":"osm"},"geometry":{"type":"LineString","coordinates":[[-122.303044,37.814781],[-122.303002,37.814768]]}},{"type":"Feature","properties":{"name":"Edy Lane","kind":"street","eras":["1950","1965","1985"],"src":"osm"},"geometry":{"type":"LineString","coordinates":[[-122.278729,37.815452],[-122.278767,37.815353],[-122.278802,37.815253]]}},{"type":"Feature","properties":{"name":"Uptown Circle","kind":"street","eras":["1950","1965","1985"],"src":"osm"},"geometry":{"type":"LineString","coordinates":[[-122.280377,37.81516],[-122.280574,37.815195],[-122.280584,37.815197],[-122.280642,37.815207]]}},{"type":"Feature","properties":{"name":"Edy Lane","kind":"street","eras":["1950","1965","1985"],"src":"osm"},"geometry":{"type":"LineString","coordinates":[[-122.278767,37.815353],[-122.279366,37.815485],[-122.279375,37.815488],[-122.279445,37.815505],[-122.279537,37.815527],[-122.279555,37.815532],[-122.279738,37.815576]]}},{"type":"Feature","properties":{"name":"Uptown Circle","kind":"street","eras":["1950","1965","1985"],"src":"osm"},"geometry":{"type":"LineString","coordinates":[[-122.279479,37.816042],[-122.279564,37.816063],[-122.280018,37.81617],[-122.280075,37.816183]]}},{"type":"Feature","properties":{"name":"Uptown Circle","kind":"street","eras":["1950","1965","1985"],"src":"osm"},"geometry":{"type":"LineString","coordinates":[[-122.280018,37.81617],[-122.280197,37.815665],[-122.280377,37.81516],[-122.279928,37.81506],[-122.279738,37.815576],[-122.279564,37.816063]]}},{"type":"Feature","properties":{"name":"Myrtle Alley","kind":"street","eras":["1950","1965","1985"],"src":"osm"},"geometry":{"type":"LineString","coordinates":[[-122.29865,37.814745],[-122.298445,37.814577],[-122.298315,37.814469],[-122.298252,37.814417],[-122.298156,37.814377],[-122.298028,37.814307],[-122.297636,37.814124],[-122.297594,37.814104]]}},{"type":"Feature","properties":{"name":"Washington Street","kind":"street","eras":["1950","1965","1985"],"src":"osm"},"geometry":{"type":"LineString","coordinates":[[-122.275677,37.799607],[-122.275621,37.799703]]}},{"type":"Feature","properties":{"name":"Washington Street","kind":"street","eras":["1950","1965","1985"],"src":"osm"},"geometry":{"type":"LineString","coordinates":[[-122.275621,37.799703],[-122.275486,37.799916],[-122.275436,37.799995]]}},{"type":"Feature","properties":{"name":"12th Street","kind":"major","eras":["1950","1965","1985"],"src":"osm"},"geometry":{"type":"LineString","coordinates":[[-122.275653,37.804364],[-122.275711,37.804387],[-122.275777,37.804413],[-122.276725,37.804787],[-122.276834,37.80483]]}},{"type":"Feature","properties":{"name":"Jefferson Street","kind":"street","eras":["1950","1965","1985"],"src":"osm"},"geometry":{"type":"LineString","coordinates":[[-122.275653,37.804364],[-122.275708,37.804273],[-122.276021,37.803774],[-122.276083,37.803674]]}},{"type":"Feature","properties":{"name":"Martin Luther King Junior Way","kind":"street","eras":["1950","1965","1985"],"src":"osm"},"geometry":{"type":"LineString","coordinates":[[-122.277697,37.803445],[-122.277641,37.803533],[-122.277353,37.803994]]}},{"type":"Feature","properties":{"name":"10th Street","kind":"street","eras":["1950","1965","1985"],"src":"osm"},"geometry":{"type":"LineString","coordinates":[[-122.277697,37.803445],[-122.277809,37.80349],[-122.27835,37.803699],[-122.278761,37.80386],[-122.278867,37.803901]]}},{"type":"Feature","properties":{"name":"10th Street","kind":"street","eras":["1950","1965","1985"],"src":"osm"},"geometry":{"type":"LineString","coordinates":[[-122.276514,37.802977],[-122.276579,37.803003],[-122.276628,37.803022],[-122.277599,37.803407],[-122.277697,37.803445]]}},{"type":"Feature","properties":{"name":"Jefferson Street","kind":"street","eras":["1950","1965","1985"],"src":"osm"},"geometry":{"type":"LineString","coordinates":[[-122.276083,37.803674],[-122.276137,37.803589],[-122.276455,37.803071],[-122.276514,37.802977]]}},{"type":"Feature","properties":{"name":"Harrison Street","kind":"street","eras":["1950","1965","1985"],"src":"osm"},"geometry":{"type":"LineString","coordinates":[[-122.26915,37.80046],[-122.268956,37.800771],[-122.268905,37.800852],[-122.26885,37.800941],[-122.268526,37.801469],[-122.268475,37.801549]]}},{"type":"Feature","properties":{"name":"12th Street","kind":"major","eras":["1950","1965","1985"],"src":"osm"},"geometry":{"type":"LineString","coordinates":[[-122.268475,37.801549],[-122.268589,37.801592],[-122.268803,37.801675],[-122.269412,37.80191],[-122.269562,37.801968],[-122.26966,37.802007],[-122.269775,37.80205],[-122.270005,37.802142],[-122.270028,37.802151],[-122.270108,37.802182]]}},{"type":"Feature","properties":{"name":"Broadway","kind":"street","eras":["1950","1965","1985"],"src":"osm"},"geometry":{"type":"LineString","coordinates":[[-122.275124,37.798161],[-122.275182,37.798069],[-122.275515,37.797536],[-122.275558,37.797468],[-122.275677,37.797279],[-122.275925,37.796882],[-122.275937,37.796863],[-122.275994,37.796774]]}},{"type":"Feature","properties":{"name":"Clay Street","kind":"street","eras":["1950","1965","1985"],"src":"osm"},"geometry":{"type":"LineString","coordinates":[[-122.277925,37.798392],[-122.277967,37.798322],[-122.277986,37.79829],[-122.278272,37.797817],[-122.278291,37.797786],[-122.27834,37.797706]]}},{"type":"Feature","properties":{"name":"2nd Street","kind":"street","eras":["1950","1965","1985"],"src":"osm"},"geometry":{"type":"LineString","coordinates":[[-122.278762,37.797008],[-122.278673,37.796973],[-122.278648,37.796963],[-122.277755,37.796615]]}},{"type":"Feature","properties":{"name":"Clay Street","kind":"street","eras":["1950","1965","1985"],"src":"osm"},"geometry":{"type":"LineString","coordinates":[[-122.274468,37.803895],[-122.274421,37.80397],[-122.274038,37.804584]]}},{"type":"Feature","properties":{"name":"12th Street","kind":"major","eras":["1950","1965","1985"],"src":"osm"},"geometry":{"type":"LineString","coordinates":[[-122.274468,37.803895],[-122.274575,37.803937],[-122.274948,37.804085]]}},{"type":"Feature","properties":{"name":"Webster Street","kind":"street","eras":["1950","1965","1985"],"src":"osm"},"geometry":{"type":"LineString","coordinates":[[-122.27009,37.801317],[-122.270139,37.801239],[-122.270357,37.80089],[-122.270425,37.80078],[-122.270466,37.800715],[-122.270522,37.800625]]}},{"type":"Feature","properties":{"name":"11th Street","kind":"major","eras":["1950","1965","1985"],"src":"osm"},"geometry":{"type":"LineString","coordinates":[[-122.272492,37.80226],[-122.272377,37.802214],[-122.272277,37.802174],[-122.272103,37.802105],[-122.27178,37.80198],[-122.271379,37.801823],[-122.271269,37.80178]]}},{"type":"Feature","properties":{"name":"7th Street","kind":"major","eras":["1950","1965","1985"],"src":"osm"},"geometry":{"type":"LineString","coordinates":[[-122.299886,37.806368],[-122.299567,37.8063],[-122.299437,37.806271],[-122.299357,37.806254],[-122.29928,37.806237],[-122.298923,37.806159],[-122.298649,37.806086]]}},{"type":"Feature","properties":{"name":"Nimitz Freeway","kind":"freeway","eras":["1965","1985"],"src":"osm"},"geometry":{"type":"LineString","coordinates":[[-122.273622,37.798088],[-122.275211,37.798708]]}},{"type":"Feature","properties":{"name":"Nimitz Freeway","kind":"freeway","eras":["1965","1985"],"src":"osm"},"geometry":{"type":"LineString","coordinates":[[-122.296644,37.801837],[-122.296362,37.801847]]}},{"type":"Feature","properties":{"name":"Cypress Street","kind":"major","eras":["1950"],"src":"osm"},"geometry":{"type":"LineString","coordinates":[[-122.293655,37.805006],[-122.293566,37.805068]]}},{"type":"Feature","properties":{"name":"Cypress Structure \u00b7 Nimitz Fwy","kind":"freeway","eras":["1965","1985"],"src":"osm"},"geometry":{"type":"LineString","coordinates":[[-122.293655,37.805006],[-122.293566,37.805068]]}},{"type":"Feature","properties":{"name":"7th Street","kind":"major","eras":["1950","1965","1985"],"src":"osm"},"geometry":{"type":"LineString","coordinates":[[-122.293566,37.805068],[-122.293634,37.805081]]}},{"type":"Feature","properties":{"name":"Admiral Toney Way","kind":"street","eras":["1950","1965","1985"],"src":"osm"},"geometry":{"type":"LineString","coordinates":[[-122.295573,37.820824],[-122.295707,37.820815],[-122.29583,37.820792],[-122.295955,37.820749],[-122.296037,37.820706],[-122.296125,37.820664],[-122.296267,37.820623],[-122.296402,37.8206],[-122.296556,37.820584],[-122.296903,37.820569],[-122.297065,37.820553],[-122.297212,37.820526],[-122.297641,37.820418]]}},{"type":"Feature","properties":{"name":"2nd Street","kind":"street","eras":["1950","1965","1985"],"src":"osm"},"geometry":{"type":"LineString","coordinates":[[-122.276423,37.796088],[-122.276315,37.796047]]}},{"type":"Feature","properties":{"name":"Broadway","kind":"street","eras":["1950","1965","1985"],"src":"osm"},"geometry":{"type":"LineString","coordinates":[[-122.276423,37.796088],[-122.276467,37.796018],[-122.276782,37.795515],[-122.276805,37.795478],[-122.276824,37.79544]]}},{"type":"Feature","properties":{"name":"Nimitz Freeway","kind":"freeway","eras":["1965","1985"],"src":"osm"},"geometry":{"type":"LineString","coordinates":[[-122.296367,37.802139],[-122.296463,37.802139],[-122.29663,37.802141],[-122.296796,37.802145],[-122.296959,37.802151],[-122.297127,37.802161],[-122.297289,37.802173],[-122.297455,37.802188],[-122.297619,37.802207],[-122.297783,37.802228],[-122.297944,37.802251]]}},{"type":"Feature","properties":{"name":"Jackson Street","kind":"street","eras":["1950","1965","1985"],"src":"osm"},"geometry":{"type":"LineString","coordinates":[[-122.267966,37.797641],[-122.2682,37.797267],[-122.268259,37.797172]]}},{"type":"Feature","properties":{"name":"9th Street","kind":"street","eras":["1950","1965","1985"],"src":"osm"},"geometry":{"type":"LineString","coordinates":[[-122.270954,37.799945],[-122.270841,37.799901],[-122.270468,37.799752],[-122.270446,37.799744],[-122.269881,37.799518],[-122.269764,37.799473]]}},{"type":"Feature","properties":{"name":"2nd Street","kind":"street","eras":["1950","1965","1985"],"src":"osm"},"geometry":{"type":"LineString","coordinates":[[-122.277755,37.796615],[-122.277699,37.796592],[-122.277594,37.796549]]}},{"type":"Feature","properties":{"name":"10th Street","kind":"street","eras":["1950","1965","1985"],"src":"osm"},"geometry":{"type":"LineString","coordinates":[[-122.274153,37.80205],[-122.274252,37.802089],[-122.27455,37.802206]]}},{"type":"Feature","properties":{"name":"11th Street","kind":"major","eras":["1950","1965","1985"],"src":"osm"},"geometry":{"type":"LineString","coordinates":[[-122.275712,37.803529],[-122.275254,37.80335]]}},{"type":"Feature","properties":{"name":"12th Street","kind":"major","eras":["1950","1965","1985"],"src":"osm"},"geometry":{"type":"LineString","coordinates":[[-122.272057,37.802948],[-122.272207,37.803007],[-122.272489,37.803119]]}},{"type":"Feature","properties":{"name":"14th Street","kind":"major","eras":["1950","1965","1985"],"src":"osm"},"geometry":{"type":"LineString","coordinates":[[-122.271703,37.80452],[-122.271346,37.804381],[-122.271189,37.80432]]}},{"type":"Feature","properties":{"name":"12th Street","kind":"major","eras":["1950","1965","1985"],"src":"osm"},"geometry":{"type":"LineString","coordinates":[[-122.274948,37.804085],[-122.275548,37.804323],[-122.275607,37.804346],[-122.275653,37.804364]]}},{"type":"Feature","properties":{"name":"Broadway","kind":"major","eras":["1950","1965","1985"],"src":"osm"},"geometry":{"type":"LineString","coordinates":[[-122.271189,37.80432],[-122.271243,37.804233],[-122.271267,37.804195]]}},{"type":"Feature","properties":{"name":"Martin Luther King Junior Way","kind":"street","eras":["1950","1965","1985"],"src":"osm"},"geometry":{"type":"LineString","coordinates":[[-122.277353,37.803994],[-122.277313,37.804062],[-122.277266,37.804139]]}},{"type":"Feature","properties":{"name":"11th Street","kind":"major","eras":["1950","1965","1985"],"src":"osm"},"geometry":{"type":"LineString","coordinates":[[-122.276225,37.803726],[-122.276197,37.803717],[-122.276144,37.803697],[-122.276083,37.803674]]}},{"type":"Feature","properties":{"name":"Northgate Avenue","kind":"major","eras":["1950","1965","1985"],"src":"osm"},"geometry":{"type":"LineString","coordinates":[[-122.271291,37.812354],[-122.271274,37.812396],[-122.271254,37.812443],[-122.271162,37.812671],[-122.271117,37.812776],[-122.271068,37.812888],[-122.271002,37.813]]}},{"type":"Feature","properties":{"name":"West Grand Avenue","kind":"major","eras":["1950","1965","1985"],"src":"osm"},"geometry":{"type":"LineString","coordinates":[[-122.271439,37.81238],[-122.27153,37.812397],[-122.271781,37.812439]]}},{"type":"Feature","properties":{"name":"I-980 \u00b7 Grove Shafter Fwy","kind":"freeway","eras":["1985"],"src":"osm"},"geometry":{"type":"LineString","coordinates":[[-122.269012,37.8227],[-122.269062,37.822501],[-122.269379,37.821346],[-122.269835,37.819647]]}},{"type":"Feature","properties":{"name":"I-980 \u00b7 Grove Shafter Fwy","kind":"freeway","eras":["1985"],"src":"osm"},"geometry":{"type":"LineString","coordinates":[[-122.279695,37.801171],[-122.279804,37.801373],[-122.279868,37.80149],[-122.279922,37.801636],[-122.279964,37.801772],[-122.279995,37.801906],[-122.280011,37.802042],[-122.280017,37.802157],[-122.280012,37.80228]]}},{"type":"Feature","properties":{"name":"Nimitz Freeway","kind":"freeway","eras":["1965","1985"],"src":"osm"},"geometry":{"type":"LineString","coordinates":[[-122.276794,37.799322],[-122.27734,37.799546],[-122.277925,37.799776],[-122.278219,37.799885],[-122.278362,37.799943],[-122.278507,37.800002],[-122.278633,37.800054],[-122.278775,37.800111],[-122.280168,37.800666]]}},{"type":"Feature","properties":{"name":"Broadway","kind":"major","eras":["1950","1965","1985"],"src":"osm"},"geometry":{"type":"LineString","coordinates":[[-122.271502,37.803824],[-122.271521,37.803795]]}},{"type":"Feature","properties":{"name":"Broadway","kind":"major","eras":["1950","1965","1985"],"src":"osm"},"geometry":{"type":"LineString","coordinates":[[-122.271623,37.803634],[-122.271648,37.803593]]}},{"type":"Feature","properties":{"name":"Nimitz Freeway","kind":"freeway","eras":["1965","1985"],"src":"osm"},"geometry":{"type":"LineString","coordinates":[[-122.302094,37.803985],[-122.302397,37.804226],[-122.302428,37.804256],[-122.302464,37.80429],[-122.302544,37.80436],[-122.302627,37.804436],[-122.302679,37.804485],[-122.302792,37.804593],[-122.302896,37.8047],[-122.302987,37.804802],[-122.303085,37.804906],[-122.303181,37.805016],[-122.303269,37.805124],[-122.303359,37.805234],[-122.303439,37.80534],[-122.303528,37.80546],[-122.303605,37.805574],[-122.303686,37.805667],[-122.303759,37.805783],[-122.303829,37.805901],[-122.303898,37.806023],[-122.303962,37.806143],[-122.304023,37.806265],[-122.304082,37.806387],[-122.304137,37.80651],[-122.304188,37.806635],[-122.304237,37.806762],[-122.304284,37.806886],[-122.304328,37.807014],[-122.304367,37.807139],[-122.304403,37.807269],[-122.304435,37.807407],[-122.304464,37.807543]]}},{"type":"Feature","properties":{"name":"Burma Road","kind":"street","eras":["1950","1965","1985"],"src":"osm"},"geometry":{"type":"LineString","coordinates":[[-122.302239,37.82103],[-122.30239,37.821139],[-122.303237,37.821748],[-122.303409,37.821939],[-122.303467,37.822005],[-122.304087,37.823029],[-122.304309,37.823422]]}},{"type":"Feature","properties":{"name":"Admiral Toney Way","kind":"street","eras":["1950","1965","1985"],"src":"osm"},"geometry":{"type":"LineString","coordinates":[[-122.298874,37.820133],[-122.298771,37.820119],[-122.298298,37.820223],[-122.298074,37.820271]]}},{"type":"Feature","properties":{"name":"Admiral Toney Way","kind":"street","eras":["1950","1965","1985"],"src":"osm"},"geometry":{"type":"LineString","coordinates":[[-122.297641,37.820418],[-122.297886,37.820404],[-122.298446,37.820283],[-122.2988,37.820206],[-122.298874,37.820133]]}},{"type":"Feature","properties":{"name":"Admiral Toney Way","kind":"street","eras":["1950","1965","1985"],"src":"osm"},"geometry":{"type":"LineString","coordinates":[[-122.298874,37.820133],[-122.299117,37.820078],[-122.299361,37.820023],[-122.299767,37.819911],[-122.300019,37.819866],[-122.300309,37.819881],[-122.300425,37.819908],[-122.300532,37.819934],[-122.301433,37.820533],[-122.301552,37.820607],[-122.302086,37.820936]]}},{"type":"Feature","properties":{"name":"7th Street","kind":"major","eras":["1950","1965","1985"],"src":"osm"},"geometry":{"type":"LineString","coordinates":[[-122.294369,37.805176],[-122.294143,37.805125]]}},{"type":"Feature","properties":{"name":"Chester Street","kind":"street","eras":["1950","1965","1985"],"src":"osm"},"geometry":{"type":"LineString","coordinates":[[-122.296448,37.804365],[-122.296277,37.804862]]}},{"type":"Feature","properties":{"name":"5th Street","kind":"street","eras":["1950","1965","1985"],"src":"osm"},"geometry":{"type":"LineString","coordinates":[[-122.296448,37.804365],[-122.295794,37.804217],[-122.295364,37.804114]]}},{"type":"Feature","properties":{"name":"Cypress Street","kind":"major","eras":["1950"],"src":"osm"},"geometry":{"type":"LineString","coordinates":[[-122.290598,37.813788],[-122.290644,37.813663],[-122.290867,37.813053],[-122.291,37.812696],[-122.291114,37.812432],[-122.291161,37.812323],[-122.291247,37.812115],[-122.29144,37.811586],[-122.291692,37.810983],[-122.291722,37.810903],[-122.291739,37.810858],[-122.291784,37.810733],[-122.291849,37.810554],[-122.291902,37.810297],[-122.292,37.809992],[-122.292021,37.809907],[-122.292045,37.809826],[-122.292078,37.809697],[-122.29225,37.809265],[-122.29229,37.809161],[-122.292321,37.809071],[-122.292516,37.808511],[-122.292542,37.808436],[-122.292693,37.808018],[-122.292703,37.807988],[-122.292744,37.80789],[-122.292784,37.807782],[-122.292965,37.807282],[-122.293019,37.807113],[-122.293051,37.807012],[-122.293055,37.807],[-122.293074,37.806912],[-122.293226,37.806278],[-122.293248,37.806181],[-122.293282,37.806077]]}},{"type":"Feature","properties":{"name":"Cypress Structure \u00b7 Nimitz Fwy","kind":"freeway","eras":["1965","1985"],"src":"osm"},"geometry":{"type":"LineString","coordinates":[[-122.290598,37.813788],[-122.290644,37.813663],[-122.290867,37.813053],[-122.291,37.812696],[-122.291114,37.812432],[-122.291161,37.812323],[-122.291247,37.812115],[-122.29144,37.811586],[-122.291692,37.810983],[-122.291722,37.810903],[-122.291739,37.810858],[-122.291784,37.810733],[-122.291849,37.810554],[-122.291902,37.810297],[-122.292,37.809992],[-122.292021,37.809907],[-122.292045,37.809826],[-122.292078,37.809697],[-122.29225,37.809265],[-122.29229,37.809161],[-122.292321,37.809071],[-122.292516,37.808511],[-122.292542,37.808436],[-122.292693,37.808018],[-122.292703,37.807988],[-122.292744,37.80789],[-122.292784,37.807782],[-122.292965,37.807282],[-122.293019,37.807113],[-122.293051,37.807012],[-122.293055,37.807],[-122.293074,37.806912],[-122.293226,37.806278],[-122.293248,37.806181],[-122.293282,37.806077]]}},{"type":"Feature","properties":{"name":"18th Street","kind":"street","eras":["1950","1965","1985"],"src":"osm"},"geometry":{"type":"LineString","coordinates":[[-122.290598,37.813788],[-122.290661,37.813803],[-122.290717,37.813815],[-122.291692,37.814035],[-122.291801,37.814074]]}},{"type":"Feature","properties":{"name":"7th Street","kind":"major","eras":["1950","1965","1985"],"src":"osm"},"geometry":{"type":"LineString","coordinates":[[-122.302935,37.80742],[-122.303309,37.807572],[-122.303673,37.807697],[-122.3041,37.807815]]}},{"type":"Feature","properties":{"name":"7th Street","kind":"major","eras":["1950","1965","1985"],"src":"osm"},"geometry":{"type":"LineString","coordinates":[[-122.3041,37.807815],[-122.304387,37.807891],[-122.304713,37.807973],[-122.304962,37.80802]]}},{"type":"Feature","properties":{"name":"18th Street","kind":"street","eras":["1950","1965","1985"],"src":"osm"},"geometry":{"type":"LineString","coordinates":[[-122.290246,37.813712],[-122.290376,37.81374],[-122.290598,37.813788]]}},{"type":"Feature","properties":{"name":"Cypress Street","kind":"major","eras":["1950"],"src":"osm"},"geometry":{"type":"LineString","coordinates":[[-122.290246,37.813712],[-122.290203,37.813849],[-122.28976,37.815073],[-122.289718,37.815188]]}},{"type":"Feature","properties":{"name":"Cypress Structure \u00b7 Nimitz Fwy","kind":"freeway","eras":["1965","1985"],"src":"osm"},"geometry":{"type":"LineString","coordinates":[[-122.290246,37.813712],[-122.290203,37.813849],[-122.28976,37.815073],[-122.289718,37.815188]]}},{"type":"Feature","properties":{"name":"Frontage Road","kind":"major","eras":["1950","1965","1985"],"src":"osm"},"geometry":{"type":"LineString","coordinates":[[-122.295417,37.817648],[-122.29552,37.817549],[-122.295662,37.817423],[-122.295864,37.817256],[-122.296106,37.81707],[-122.296244,37.81697],[-122.297198,37.816283]]}},{"type":"Feature","properties":{"name":"West Street","kind":"street","eras":["1950","1965","1985"],"src":"osm"},"geometry":{"type":"LineString","coordinates":[[-122.278672,37.808937],[-122.278631,37.809004],[-122.278621,37.809019],[-122.278485,37.809239],[-122.278277,37.809572],[-122.278248,37.809619],[-122.278089,37.809884],[-122.278043,37.809962],[-122.278006,37.810021],[-122.277902,37.810181],[-122.277854,37.810256],[-122.277821,37.810312],[-122.27781,37.810331],[-122.277759,37.810413],[-122.277726,37.810464],[-122.27768,37.810536],[-122.277665,37.81056],[-122.277643,37.810595],[-122.277639,37.810602],[-122.277595,37.810674],[-122.277494,37.810838],[-122.277458,37.810895],[-122.277422,37.810949],[-122.277304,37.811129],[-122.277108,37.811453],[-122.277062,37.81153],[-122.277013,37.811608],[-122.276823,37.811908],[-122.276659,37.812172],[-122.276623,37.812234],[-122.276477,37.812452],[-122.27625,37.812811],[-122.276163,37.812958],[-122.276087,37.813085],[-122.276046,37.813155],[-122.275973,37.813277],[-122.275963,37.813292],[-122.275909,37.813374]]}},{"type":"Feature","properties":{"name":"16th Street","kind":"street","eras":["1950","1965","1985"],"src":"osm"},"geometry":{"type":"LineString","coordinates":[[-122.278672,37.808937],[-122.278463,37.808855],[-122.277811,37.808598],[-122.277792,37.80859],[-122.277697,37.808552]]}},{"type":"Feature","properties":{"name":"16th Street","kind":"street","eras":["1950","1965","1985"],"src":"osm"},"geometry":{"type":"LineString","coordinates":[[-122.296723,37.814647],[-122.296652,37.814611],[-122.296179,37.814372],[-122.295904,37.814232],[-122.295526,37.814041],[-122.29545,37.814003],[-122.29539,37.813972],[-122.294254,37.813401],[-122.294162,37.813354],[-122.294108,37.813328],[-122.292999,37.81278],[-122.292979,37.81277],[-122.292881,37.812722],[-122.292769,37.812694],[-122.292727,37.812684],[-122.292373,37.812598],[-122.291296,37.812354],[-122.291244,37.812342],[-122.291161,37.812323],[-122.291099,37.812309],[-122.29078,37.812234],[-122.289698,37.811986],[-122.289519,37.811946],[-122.288734,37.811772],[-122.287781,37.811553],[-122.287695,37.811532],[-122.287398,37.811465],[-122.287286,37.811439],[-122.286805,37.811329],[-122.286684,37.811301],[-122.286628,37.811289],[-122.28661,37.811285],[-122.286174,37.811187],[-122.285753,37.811092],[-122.285734,37.811087],[-122.285673,37.811073],[-122.285612,37.81106],[-122.285503,37.811035],[-122.28548,37.81103],[-122.285393,37.81101],[-122.284525,37.810813],[-122.283858,37.810663],[-122.283553,37.810594],[-122.283447,37.81057],[-122.283366,37.810551],[-122.283173,37.810505],[-122.282754,37.810405],[-122.282425,37.810327],[-122.282,37.810231],[-122.281958,37.810222],[-122.2814,37.810096],[-122.281048,37.810009],[-122.280877,37.809971],[-122.28076,37.809939],[-122.280626,37.80988],[-122.280501,37.80981],[-122.280404,37.809736]]}},{"type":"Feature","properties":{"name":"Wood Street","kind":"street","eras":["1950","1965","1985"],"src":"osm"},"geometry":{"type":"LineString","coordinates":[[-122.292247,37.820246],[-122.291174,37.821607],[-122.291121,37.821674],[-122.291092,37.82171],[-122.290972,37.821863],[-122.29053,37.822414],[-122.290461,37.822501],[-122.290378,37.82263],[-122.290366,37.822652],[-122.290343,37.822711],[-122.290321,37.822783],[-122.290295,37.822926],[-122.290241,37.823199],[-122.290419,37.823775],[-122.290582,37.824305],[-122.290689,37.824561],[-122.290925,37.825184],[-122.290951,37.82527],[-122.291061,37.825633],[-122.291092,37.825749],[-122.291116,37.825866],[-122.291135,37.825981],[-122.291147,37.82609],[-122.291153,37.826206],[-122.291152,37.826327],[-122.291139,37.826452]]}},{"type":"Feature","properties":{"name":"10th Street","kind":"street","eras":["1950","1965","1985"],"src":"osm"},"geometry":{"type":"LineString","coordinates":[[-122.266973,37.799232],[-122.267085,37.799276],[-122.26718,37.799313],[-122.268006,37.799637],[-122.26806,37.799658],[-122.268159,37.799697],[-122.26827,37.799741],[-122.268306,37.799755],[-122.268672,37.799899],[-122.268805,37.799951]]}},{"type":"Feature","properties":{"name":"Alice Street","kind":"street","eras":["1950","1965","1985"],"src":"osm"},"geometry":{"type":"LineString","coordinates":[[-122.268582,37.799016],[-122.268532,37.799098],[-122.26851,37.799134],[-122.268227,37.799588],[-122.268207,37.799621],[-122.268159,37.799697]]}},{"type":"Feature","properties":{"name":"Nimitz Freeway","kind":"freeway","eras":["1985"],"src":"osm"},"geometry":{"type":"LineString","coordinates":[[-122.275325,37.811212],[-122.275396,37.81115],[-122.275458,37.811091],[-122.27556,37.810988],[-122.275663,37.810883],[-122.276183,37.810344],[-122.276264,37.810259],[-122.276665,37.809849]]}},{"type":"Feature","properties":{"name":"Nimitz Freeway","kind":"freeway","eras":["1965","1985"],"src":"osm"},"geometry":{"type":"LineString","coordinates":[[-122.266998,37.795499],[-122.267506,37.795688],[-122.269164,37.796298],[-122.271001,37.797019],[-122.273622,37.798088]]}},{"type":"Feature","properties":{"name":"Nimitz Freeway","kind":"freeway","eras":["1965","1985"],"src":"osm"},"geometry":{"type":"LineString","coordinates":[[-122.302279,37.80371],[-122.302157,37.80362],[-122.302032,37.803532],[-122.301906,37.803446],[-122.301779,37.803363],[-122.30165,37.80328],[-122.301518,37.803201],[-122.301384,37.803123],[-122.301249,37.803047],[-122.30111,37.802974],[-122.300973,37.802902],[-122.300832,37.802833],[-122.300688,37.802765],[-122.300545,37.8027],[-122.300399,37.802636],[-122.300253,37.802576],[-122.300105,37.802517],[-122.299955,37.802462],[-122.299802,37.802409],[-122.299649,37.802357],[-122.299495,37.802309],[-122.29934,37.802262],[-122.299184,37.802219],[-122.299026,37.802176],[-122.298873,37.802138],[-122.29871,37.802101],[-122.298406,37.802035]]}},{"type":"Feature","properties":{"name":"Webster Street","kind":"street","eras":["1950","1965","1985"],"src":"osm"},"geometry":{"type":"LineString","coordinates":[[-122.271807,37.798565],[-122.271823,37.798462],[-122.272104,37.79801],[-122.272132,37.797955],[-122.27217,37.797848]]}},{"type":"Feature","properties":{"name":"Nimitz Freeway","kind":"freeway","eras":["1965","1985"],"src":"osm"},"geometry":{"type":"LineString","coordinates":[[-122.2782,37.799714],[-122.277663,37.799504]]}},{"type":"Feature","properties":{"name":"Nimitz Freeway","kind":"freeway","eras":["1965","1985"],"src":"osm"},"geometry":{"type":"LineString","coordinates":[[-122.283294,37.80146],[-122.283148,37.801414],[-122.28313,37.801409],[-122.282615,37.801254],[-122.282145,37.801101],[-122.281719,37.800968],[-122.279607,37.800268]]}},{"type":"Feature","properties":{"name":"Nimitz Freeway","kind":"freeway","eras":["1965","1985"],"src":"osm"},"geometry":{"type":"LineString","coordinates":[[-122.295255,37.819154],[-122.295274,37.819138],[-122.295394,37.81904],[-122.296327,37.818292]]}},{"type":"Feature","properties":{"name":"Nimitz Freeway","kind":"freeway","eras":["1985"],"src":"osm"},"geometry":{"type":"LineString","coordinates":[[-122.270163,37.819359],[-122.270258,37.819108]]}},{"type":"Feature","properties":{"name":"Franklin Street","kind":"street","eras":["1950","1965","1985"],"src":"osm"},"geometry":{"type":"LineString","coordinates":[[-122.269369,37.804828],[-122.269331,37.804889],[-122.269131,37.805207]]}},{"type":"Feature","properties":{"name":"15th Street","kind":"street","eras":["1950","1965","1985"],"src":"osm"},"geometry":{"type":"LineString","coordinates":[[-122.269369,37.804828],[-122.269483,37.804871],[-122.27045,37.805255],[-122.27058,37.805306]]}},{"type":"Feature","properties":{"name":"Castro Street","kind":"street","eras":["1950","1965","1985"],"src":"osm"},"geometry":{"type":"LineString","coordinates":[[-122.278013,37.805289],[-122.277988,37.805321]]}},{"type":"Feature","properties":{"name":"Nimitz Freeway","kind":"freeway","eras":["1985"],"src":"osm"},"geometry":{"type":"LineString","coordinates":[[-122.278013,37.805289],[-122.277993,37.805397],[-122.277978,37.805507],[-122.277969,37.805653]]}},{"type":"Feature","properties":{"name":"Magnolia Street","kind":"street","eras":["1950","1965","1985"],"src":"osm"},"geometry":{"type":"LineString","coordinates":[[-122.290297,37.801331],[-122.290312,37.801292],[-122.290331,37.801238],[-122.290387,37.801083],[-122.290554,37.800622],[-122.290562,37.8006],[-122.290704,37.800244]]}},{"type":"Feature","properties":{"name":"Admiral Toney Way","kind":"street","eras":["1950","1965","1985"],"src":"osm"},"geometry":{"type":"LineString","coordinates":[[-122.302086,37.820936],[-122.302239,37.82103]]}},{"type":"Feature","properties":{"name":"Frontage Road","kind":"major","eras":["1950","1965","1985"],"src":"osm"},"geometry":{"type":"LineString","coordinates":[[-122.297198,37.816283],[-122.298177,37.815573]]}},{"type":"Feature","properties":{"name":"Franklin Street","kind":"street","eras":["1950","1965","1985"],"src":"osm"},"geometry":{"type":"LineString","coordinates":[[-122.271269,37.80178],[-122.271214,37.801869],[-122.271028,37.802166],[-122.270889,37.802388],[-122.270885,37.802397],[-122.270839,37.80247]]}},{"type":"Feature","properties":{"name":"11th Street","kind":"major","eras":["1950","1965","1985"],"src":"osm"},"geometry":{"type":"LineString","coordinates":[[-122.270828,37.801607],[-122.270758,37.80158],[-122.270575,37.801508],[-122.270202,37.801361],[-122.27009,37.801317]]}},{"type":"Feature","properties":{"name":"Clay Street","kind":"street","eras":["1950","1965","1985"],"src":"osm"},"geometry":{"type":"LineString","coordinates":[[-122.272579,37.806947],[-122.272495,37.807083],[-122.272432,37.807185]]}},{"type":"Feature","properties":{"name":"San Pablo Avenue","kind":"major","eras":["1950","1965","1985"],"src":"osm"},"geometry":{"type":"LineString","coordinates":[[-122.276684,37.821279],[-122.276724,37.821407],[-122.276763,37.82153]]}},{"type":"Feature","properties":{"name":"31st Street","kind":"street","eras":["1950","1965","1985"],"src":"osm"},"geometry":{"type":"LineString","coordinates":[[-122.276454,37.821488],[-122.276506,37.821495],[-122.276615,37.82151],[-122.276632,37.821512]]}},{"type":"Feature","properties":{"name":"Market Street","kind":"major","eras":["1950","1965","1985"],"src":"osm"},"geometry":{"type":"LineString","coordinates":[[-122.280969,37.808175],[-122.281007,37.808071],[-122.281045,37.807965],[-122.281082,37.807862]]}},{"type":"Feature","properties":{"name":"7th Street","kind":"major","eras":["1950","1965","1985"],"src":"osm"},"geometry":{"type":"LineString","coordinates":[[-122.302339,37.807139],[-122.30255,37.807247],[-122.302935,37.80742]]}},{"type":"Feature","properties":{"name":"7th Street","kind":"major","eras":["1950","1965","1985"],"src":"osm"},"geometry":{"type":"LineString","coordinates":[[-122.303002,37.807328],[-122.302853,37.80726]]}},{"type":"Feature","properties":{"name":"Nimitz Freeway","kind":"freeway","eras":["1965","1985"],"src":"osm"},"geometry":{"type":"LineString","coordinates":[[-122.303701,37.80613],[-122.303779,37.806261],[-122.303835,37.806354],[-122.303882,37.806443],[-122.303918,37.806521],[-122.30395,37.806602],[-122.303976,37.806688],[-122.303993,37.806753],[-122.304006,37.806815],[-122.304016,37.806886],[-122.304024,37.806956],[-122.304028,37.80703]]}},{"type":"Feature","properties":{"name":"Frontage Road","kind":"major","eras":["1950","1965","1985"],"src":"osm"},"geometry":{"type":"LineString","coordinates":[[-122.304175,37.809393],[-122.304186,37.809271],[-122.304195,37.809143],[-122.304199,37.809012],[-122.304198,37.808875],[-122.304193,37.808742],[-122.304189,37.808667],[-122.304179,37.808546],[-122.304165,37.808405]]}},{"type":"Feature","properties":{"name":"Nimitz Freeway","kind":"freeway","eras":["1965","1985"],"src":"osm"},"geometry":{"type":"LineString","coordinates":[[-122.304621,37.805937],[-122.304575,37.805861],[-122.304491,37.805736],[-122.304405,37.805619],[-122.304319,37.805506],[-122.304232,37.805393],[-122.304168,37.805317]]}},{"type":"Feature","properties":{"name":"Washington Street","kind":"street","eras":["1950","1965","1985"],"src":"osm"},"geometry":{"type":"LineString","coordinates":[[-122.27458,37.801365],[-122.274357,37.801722],[-122.274333,37.801761],[-122.274202,37.801972],[-122.274153,37.80205]]}},{"type":"Feature","properties":{"name":"24th Street","kind":"street","eras":["1950","1965","1985"],"src":"osm"},"geometry":{"type":"LineString","coordinates":[[-122.288183,37.818273],[-122.28829,37.8183],[-122.288386,37.818346]]}},{"type":"Feature","properties":{"name":"23rd Street","kind":"street","eras":["1950","1965","1985"],"src":"osm"},"geometry":{"type":"LineString","coordinates":[[-122.266353,37.812174],[-122.266458,37.812192],[-122.266483,37.812196],[-122.267019,37.812291],[-122.267666,37.812395],[-122.268223,37.812485],[-122.268298,37.812497],[-122.268649,37.812554],[-122.26867,37.81256],[-122.268692,37.812566],[-122.268825,37.812601],[-122.268969,37.812643],[-122.268995,37.812647],[-122.269468,37.81273],[-122.270019,37.812827],[-122.270086,37.812839],[-122.270526,37.812916],[-122.27077,37.812959],[-122.270903,37.812983],[-122.271002,37.813]]}},{"type":"Feature","properties":{"name":"Castro Street","kind":"major","eras":["1950","1965","1985"],"src":"osm"},"geometry":{"type":"LineString","coordinates":[[-122.27365,37.81147],[-122.273536,37.811513]]}},{"type":"Feature","properties":{"name":"San Pablo Avenue","kind":"major","eras":["1950","1965","1985"],"src":"osm"},"geometry":{"type":"LineString","coordinates":[[-122.273459,37.811279],[-122.273515,37.811451],[-122.273536,37.811513]]}},{"type":"Feature","properties":{"name":"West Grand Avenue","kind":"major","eras":["1950","1965","1985"],"src":"osm"},"geometry":{"type":"LineString","coordinates":[[-122.278185,37.814377],[-122.27831,37.814426],[-122.278357,37.814445],[-122.278409,37.814465],[-122.278529,37.814512],[-122.278643,37.814556]]}},{"type":"Feature","properties":{"name":"West Grand Avenue","kind":"major","eras":["1950","1965","1985"],"src":"osm"},"geometry":{"type":"LineString","coordinates":[[-122.278115,37.81435],[-122.278185,37.814377]]}},{"type":"Feature","properties":{"name":"19th Street","kind":"street","eras":["1950","1965","1985"],"src":"osm"},"geometry":{"type":"LineString","coordinates":[[-122.269532,37.807979],[-122.269826,37.808095],[-122.269861,37.808117],[-122.269885,37.808148],[-122.269908,37.808191],[-122.269922,37.808256]]}},{"type":"Feature","properties":{"name":"West Grand Avenue","kind":"major","eras":["1950","1965","1985"],"src":"osm"},"geometry":{"type":"LineString","coordinates":[[-122.273916,37.812695],[-122.273819,37.812671],[-122.273284,37.812578]]}},{"type":"Feature","properties":{"name":"Martin Luther King Junior Way","kind":"major","eras":["1950","1965","1985"],"src":"osm"},"geometry":{"type":"LineString","coordinates":[[-122.272915,37.812063],[-122.272888,37.812156],[-122.272873,37.812217],[-122.272821,37.812401],[-122.272815,37.812422],[-122.272797,37.812491]]}},{"type":"Feature","properties":{"name":"West Grand Avenue","kind":"major","eras":["1950","1965","1985"],"src":"osm"},"geometry":{"type":"LineString","coordinates":[[-122.273284,37.812578],[-122.272949,37.812524],[-122.272923,37.81252],[-122.272797,37.812491]]}},{"type":"Feature","properties":{"name":"West Grand Avenue","kind":"major","eras":["1950","1965","1985"],"src":"osm"},"geometry":{"type":"LineString","coordinates":[[-122.272764,37.812609],[-122.27289,37.812632],[-122.27306,37.812661]]}},{"type":"Feature","properties":{"name":"San Pablo Avenue","kind":"major","eras":["1950","1965","1985"],"src":"osm"},"geometry":{"type":"LineString","coordinates":[[-122.275361,37.817175],[-122.275411,37.817332],[-122.275474,37.817533]]}},{"type":"Feature","properties":{"name":"San Pablo Avenue","kind":"major","eras":["1950","1965","1985"],"src":"osm"},"geometry":{"type":"LineString","coordinates":[[-122.275474,37.817533],[-122.275515,37.817658],[-122.275549,37.817764],[-122.275588,37.817885],[-122.275603,37.817933],[-122.275625,37.818004]]}},{"type":"Feature","properties":{"name":"17th Street","kind":"street","eras":["1950","1965","1985"],"src":"osm"},"geometry":{"type":"LineString","coordinates":[[-122.26974,37.806652],[-122.269621,37.806606],[-122.268633,37.806221],[-122.268524,37.806175]]}},{"type":"Feature","properties":{"name":"17th Street","kind":"street","eras":["1950","1965","1985"],"src":"osm"},"geometry":{"type":"LineString","coordinates":[[-122.268524,37.806175],[-122.268434,37.806137],[-122.268419,37.806131],[-122.267459,37.805753],[-122.26735,37.80571]]}},{"type":"Feature","properties":{"name":"Webster Street","kind":"street","eras":["1950","1965","1985"],"src":"osm"},"geometry":{"type":"LineString","coordinates":[[-122.26735,37.80571],[-122.267392,37.805643],[-122.267494,37.805479],[-122.267539,37.805406],[-122.267618,37.805279],[-122.267693,37.805159],[-122.267787,37.805009],[-122.267824,37.80495],[-122.26793,37.80478],[-122.268106,37.804499],[-122.268147,37.804433],[-122.26819,37.804363],[-122.268231,37.804297],[-122.268522,37.803832],[-122.268747,37.803469],[-122.2688,37.803389]]}},{"type":"Feature","properties":{"name":"Market Street","kind":"major","eras":["1950","1965","1985"],"src":"osm"},"geometry":{"type":"LineString","coordinates":[[-122.279884,37.810765],[-122.279793,37.811019],[-122.279759,37.811114]]}},{"type":"Feature","properties":{"name":"Broadway","kind":"major","eras":["1950","1965","1985"],"src":"osm"},"geometry":{"type":"LineString","coordinates":[[-122.274712,37.798822],[-122.274754,37.798754],[-122.275124,37.798161]]}},{"type":"Feature","properties":{"name":"8th Street","kind":"major","eras":["1950","1965","1985"],"src":"osm"},"geometry":{"type":"LineString","coordinates":[[-122.267825,37.797866],[-122.267932,37.797908],[-122.268001,37.797936]]}},{"type":"Feature","properties":{"name":"Cypress Street","kind":"major","eras":["1950"],"src":"osm"},"geometry":{"type":"LineString","coordinates":[[-122.289619,37.81698],[-122.289625,37.816918],[-122.289634,37.81683]]}},{"type":"Feature","properties":{"name":"Cypress Structure \u00b7 Nimitz Fwy","kind":"freeway","eras":["1965","1985"],"src":"osm"},"geometry":{"type":"LineString","coordinates":[[-122.289619,37.81698],[-122.289625,37.816918],[-122.289634,37.81683]]}},{"type":"Feature","properties":{"name":"8th Street","kind":"major","eras":["1950","1965","1985"],"src":"osm"},"geometry":{"type":"LineString","coordinates":[[-122.271372,37.799261],[-122.271491,37.799305],[-122.272106,37.799547]]}},{"type":"Feature","properties":{"name":"West Grand Avenue","kind":"major","eras":["1950","1965","1985"],"src":"osm"},"geometry":{"type":"LineString","coordinates":[[-122.273956,37.812816],[-122.274099,37.812838]]}},{"type":"Feature","properties":{"name":"Cypress Street","kind":"major","eras":["1950"],"src":"osm"},"geometry":{"type":"LineString","coordinates":[[-122.28898,37.819827],[-122.288933,37.820478],[-122.288926,37.820568],[-122.288918,37.820681],[-122.28887,37.821275],[-122.28884,37.821648],[-122.28883,37.821775],[-122.288824,37.821884],[-122.288784,37.822582],[-122.288759,37.823005],[-122.28876,37.823091],[-122.288764,37.823165],[-122.288782,37.82339],[-122.28883,37.823631],[-122.288905,37.823856],[-122.289045,37.824178],[-122.289141,37.824373],[-122.289262,37.824582]]}},{"type":"Feature","properties":{"name":"Cypress Structure \u00b7 Nimitz Fwy","kind":"freeway","eras":["1965","1985"],"src":"osm"},"geometry":{"type":"LineString","coordinates":[[-122.28898,37.819827],[-122.288933,37.820478],[-122.288926,37.820568],[-122.288918,37.820681],[-122.28887,37.821275],[-122.28884,37.821648],[-122.28883,37.821775],[-122.288824,37.821884],[-122.288784,37.822582],[-122.288759,37.823005],[-122.28876,37.823091],[-122.288764,37.823165],[-122.288782,37.82339],[-122.28883,37.823631],[-122.288905,37.823856],[-122.289045,37.824178],[-122.289141,37.824373],[-122.289262,37.824582]]}},{"type":"Feature","properties":{"name":"Market Street","kind":"major","eras":["1950","1965","1985"],"src":"osm"},"geometry":{"type":"LineString","coordinates":[[-122.279656,37.811755],[-122.279699,37.811693],[-122.27971,37.81166],[-122.279794,37.811421]]}},{"type":"Feature","properties":{"name":"9th Street","kind":"street","eras":["1950","1965","1985"],"src":"osm"},"geometry":{"type":"LineString","coordinates":[[-122.269764,37.799473],[-122.269663,37.799434],[-122.269366,37.799319]]}},{"type":"Feature","properties":{"name":"9th Street","kind":"street","eras":["1950","1965","1985"],"src":"osm"},"geometry":{"type":"LineString","coordinates":[[-122.269366,37.799319],[-122.26904,37.799194],[-122.26871,37.799066],[-122.268674,37.799052],[-122.268582,37.799016]]}},{"type":"Feature","properties":{"name":"9th Street","kind":"street","eras":["1950","1965","1985"],"src":"osm"},"geometry":{"type":"LineString","coordinates":[[-122.268582,37.799016],[-122.268497,37.798983],[-122.268067,37.79881],[-122.26751,37.798586],[-122.267403,37.798544]]}},{"type":"Feature","properties":{"name":"Webster Street","kind":"street","eras":["1950","1965","1985"],"src":"osm"},"geometry":{"type":"LineString","coordinates":[[-122.270954,37.799945],[-122.271001,37.799856],[-122.271152,37.799613]]}},{"type":"Feature","properties":{"name":"8th Street","kind":"major","eras":["1950","1965","1985"],"src":"osm"},"geometry":{"type":"LineString","coordinates":[[-122.273304,37.800013],[-122.273328,37.800022],[-122.273525,37.800096],[-122.273662,37.80015],[-122.273728,37.800175]]}},{"type":"Feature","properties":{"name":"21st Street","kind":"street","eras":["1950","1965","1985"],"src":"osm"},"geometry":{"type":"LineString","coordinates":[[-122.268024,37.810107],[-122.267913,37.810091],[-122.267773,37.81007],[-122.267662,37.81005]]}},{"type":"Feature","properties":{"name":"West Grand Avenue","kind":"major","eras":["1950","1965","1985"],"src":"osm"},"geometry":{"type":"LineString","coordinates":[[-122.271291,37.812354],[-122.271439,37.81238]]}},{"type":"Feature","properties":{"name":"19th Street","kind":"street","eras":["1950","1965","1985"],"src":"osm"},"geometry":{"type":"LineString","coordinates":[[-122.26782,37.807306],[-122.267935,37.807352],[-122.268302,37.807495],[-122.26832,37.807502],[-122.268439,37.807549],[-122.268539,37.807588],[-122.268905,37.807732],[-122.268934,37.807744],[-122.269033,37.807782]]}},{"type":"Feature","properties":{"name":"7th Street","kind":"major","eras":["1950","1965","1985"],"src":"osm"},"geometry":{"type":"LineString","coordinates":[[-122.298649,37.806086],[-122.298588,37.806069],[-122.298439,37.806029],[-122.298362,37.806008],[-122.298257,37.805979]]}},{"type":"Feature","properties":{"name":"11th Street","kind":"major","eras":["1950","1965","1985"],"src":"osm"},"geometry":{"type":"LineString","coordinates":[[-122.279807,37.805131],[-122.279209,37.804895]]}},{"type":"Feature","properties":{"name":"San Pablo Avenue","kind":"major","eras":["1950","1965","1985"],"src":"osm"},"geometry":{"type":"LineString","coordinates":[[-122.2743,37.813459],[-122.274228,37.81324]]}},{"type":"Feature","properties":{"name":"West Grand Avenue","kind":"major","eras":["1950","1965","1985"],"src":"osm"},"geometry":{"type":"LineString","coordinates":[[-122.272284,37.812527],[-122.272445,37.812554],[-122.272627,37.812585],[-122.27264,37.812587],[-122.272764,37.812609]]}},{"type":"Feature","properties":{"name":"5th Street","kind":"major","eras":["1950","1965","1985"],"src":"osm"},"geometry":{"type":"LineString","coordinates":[[-122.276292,37.798621],[-122.276197,37.798584],[-122.275476,37.798301]]}},{"type":"Feature","properties":{"name":"5th Street","kind":"major","eras":["1950","1965","1985"],"src":"osm"},"geometry":{"type":"LineString","coordinates":[[-122.275476,37.798301],[-122.275209,37.798196],[-122.275124,37.798161]]}},{"type":"Feature","properties":{"name":"West Grand Avenue","kind":"major","eras":["1950","1965","1985"],"src":"osm"},"geometry":{"type":"LineString","coordinates":[[-122.271481,37.812264],[-122.271451,37.81226],[-122.271338,37.81224]]}},{"type":"Feature","properties":{"name":"7th Street","kind":"major","eras":["1950","1965","1985"],"src":"osm"},"geometry":{"type":"LineString","coordinates":[[-122.286238,37.803515],[-122.286465,37.803565]]}},{"type":"Feature","properties":{"name":"26th Street","kind":"street","eras":["1950","1965","1985"],"src":"osm"},"geometry":{"type":"LineString","coordinates":[[-122.289443,37.820829],[-122.289551,37.820883],[-122.289828,37.821024],[-122.290369,37.821293],[-122.290785,37.821503],[-122.291121,37.821674]]}},{"type":"Feature","properties":{"name":"26th Street","kind":"street","eras":["1950","1965","1985"],"src":"osm"},"geometry":{"type":"LineString","coordinates":[[-122.288865,37.820537],[-122.288926,37.820568],[-122.28919,37.8207],[-122.289282,37.820746],[-122.289443,37.820829]]}},{"type":"Feature","properties":{"name":"12th Street","kind":"major","eras":["1950","1965","1985"],"src":"osm"},"geometry":{"type":"LineString","coordinates":[[-122.267798,37.801282],[-122.26837,37.801509],[-122.268475,37.801549]]}},{"type":"Feature","properties":{"name":"14th Street","kind":"major","eras":["1950","1965","1985"],"src":"osm"},"geometry":{"type":"LineString","coordinates":[[-122.279493,37.807491],[-122.279211,37.80738],[-122.278936,37.807272],[-122.278804,37.80722],[-122.278692,37.80722]]}},{"type":"Feature","properties":{"name":"Broadway","kind":"major","eras":["1950","1965","1985"],"src":"osm"},"geometry":{"type":"LineString","coordinates":[[-122.269955,37.806304],[-122.26986,37.806458],[-122.269778,37.806592],[-122.26974,37.806652]]}},{"type":"Feature","properties":{"name":"Broadway","kind":"major","eras":["1950","1965","1985"],"src":"osm"},"geometry":{"type":"LineString","coordinates":[[-122.271411,37.803969],[-122.271502,37.803824]]}},{"type":"Feature","properties":{"name":"Broadway","kind":"major","eras":["1950","1965","1985"],"src":"osm"},"geometry":{"type":"LineString","coordinates":[[-122.271794,37.803365],[-122.271982,37.803068],[-122.272003,37.803032],[-122.272057,37.802948]]}},{"type":"Feature","properties":{"name":"Broadway","kind":"major","eras":["1950","1965","1985"],"src":"osm"},"geometry":{"type":"LineString","coordinates":[[-122.270643,37.8052],[-122.270622,37.805234],[-122.27058,37.805306]]}},{"type":"Feature","properties":{"name":"Broadway","kind":"major","eras":["1950","1965","1985"],"src":"osm"},"geometry":{"type":"LineString","coordinates":[[-122.268838,37.808094],[-122.268587,37.808495]]}},{"type":"Feature","properties":{"name":"Broadway","kind":"major","eras":["1950","1965","1985"],"src":"osm"},"geometry":{"type":"LineString","coordinates":[[-122.269033,37.807782],[-122.268983,37.807863],[-122.268977,37.807871],[-122.268924,37.807958],[-122.268872,37.80804],[-122.268838,37.808094]]}},{"type":"Feature","properties":{"name":"Broadway","kind":"major","eras":["1950","1965","1985"],"src":"osm"},"geometry":{"type":"LineString","coordinates":[[-122.268508,37.808622],[-122.268284,37.808961],[-122.268239,37.809033]]}},{"type":"Feature","properties":{"name":"11th Street","kind":"major","eras":["1950","1965","1985"],"src":"osm"},"geometry":{"type":"LineString","coordinates":[[-122.269664,37.80115],[-122.26902,37.800897],[-122.268905,37.800852]]}},{"type":"Feature","properties":{"name":"11th Street","kind":"major","eras":["1950","1965","1985"],"src":"osm"},"geometry":{"type":"LineString","coordinates":[[-122.27009,37.801317],[-122.269982,37.801275],[-122.269664,37.80115]]}},{"type":"Feature","properties":{"name":"11th Street","kind":"major","eras":["1950","1965","1985"],"src":"osm"},"geometry":{"type":"LineString","coordinates":[[-122.271269,37.80178],[-122.271168,37.801741],[-122.270828,37.801607]]}},{"type":"Feature","properties":{"name":"7th Street","kind":"major","eras":["1950","1965","1985"],"src":"osm"},"geometry":{"type":"LineString","coordinates":[[-122.275436,37.799995],[-122.275369,37.799969],[-122.274388,37.799584],[-122.274356,37.799572],[-122.274262,37.799534]]}},{"type":"Feature","properties":{"name":"Martin Luther King Junior Way","kind":"major","eras":["1950","1965","1985"],"src":"osm"},"geometry":{"type":"LineString","coordinates":[[-122.27252,37.813574],[-122.272344,37.814279]]}},{"type":"Feature","properties":{"name":"Martin Luther King Junior Way","kind":"major","eras":["1950","1965","1985"],"src":"osm"},"geometry":{"type":"LineString","coordinates":[[-122.272703,37.812849],[-122.272597,37.813269],[-122.27252,37.813574]]}},{"type":"Feature","properties":{"name":"Harrison Street","kind":"street","eras":["1950","1965","1985"],"src":"osm"},"geometry":{"type":"LineString","coordinates":[[-122.270642,37.798108],[-122.270574,37.798207],[-122.27053,37.798258]]}},{"type":"Feature","properties":{"name":"Harrison Street","kind":"street","eras":["1950","1965","1985"],"src":"osm"},"geometry":{"type":"LineString","coordinates":[[-122.269764,37.799473],[-122.269709,37.799563],[-122.26967,37.799626]]}},{"type":"Feature","properties":{"name":"San Pablo Avenue","kind":"major","eras":["1950","1965","1985"],"src":"osm"},"geometry":{"type":"LineString","coordinates":[[-122.273563,37.811596],[-122.273648,37.811835],[-122.273822,37.812368]]}},{"type":"Feature","properties":{"name":"San Pablo Avenue","kind":"major","eras":["1950","1965","1985"],"src":"osm"},"geometry":{"type":"LineString","coordinates":[[-122.273713,37.81165],[-122.27365,37.81147]]}},{"type":"Feature","properties":{"name":"Castro Street","kind":"street","eras":["1950","1965","1985"],"src":"osm"},"geometry":{"type":"LineString","coordinates":[[-122.273713,37.81165],[-122.273672,37.811686],[-122.27365,37.811721],[-122.273648,37.811835]]}},{"type":"Feature","properties":{"name":"7th Street","kind":"major","eras":["1950","1965","1985"],"src":"osm"},"geometry":{"type":"LineString","coordinates":[[-122.302853,37.80726],[-122.302719,37.80719]]}},{"type":"Feature","properties":{"name":"Broadway","kind":"major","eras":["1950","1965","1985"],"src":"osm"},"geometry":{"type":"LineString","coordinates":[[-122.269375,37.807235],[-122.269074,37.807716],[-122.269069,37.807724],[-122.269033,37.807782]]}},{"type":"Feature","properties":{"name":"Broadway","kind":"major","eras":["1950","1965","1985"],"src":"osm"},"geometry":{"type":"LineString","coordinates":[[-122.268587,37.808495],[-122.268508,37.808622]]}},{"type":"Feature","properties":{"name":"Peralta Street","kind":"street","eras":["1950","1965","1985"],"src":"osm"},"geometry":{"type":"LineString","coordinates":[[-122.297993,37.80631],[-122.297759,37.806605],[-122.297649,37.806743],[-122.297493,37.806939],[-122.29743,37.807018],[-122.297375,37.807086],[-122.297355,37.807112],[-122.297271,37.807217],[-122.296627,37.808016],[-122.296611,37.808037],[-122.296584,37.808071],[-122.296477,37.808207],[-122.296443,37.808249],[-122.296437,37.808258],[-122.296314,37.808414],[-122.296271,37.808467],[-122.296116,37.808661],[-122.295704,37.809178],[-122.295663,37.80923],[-122.295138,37.809889],[-122.295125,37.809906],[-122.295041,37.810011],[-122.294974,37.810096],[-122.29497,37.8101],[-122.294488,37.810707],[-122.294249,37.811006],[-122.294019,37.811294],[-122.293956,37.811373]]}},{"type":"Feature","properties":{"name":"San Pablo Avenue","kind":"major","eras":["1950","1965","1985"],"src":"osm"},"geometry":{"type":"LineString","coordinates":[[-122.274829,37.815534],[-122.274877,37.815689],[-122.27495,37.81591],[-122.275037,37.816177],[-122.275067,37.816261]]}},{"type":"Feature","properties":{"name":"San Pablo Avenue","kind":"major","eras":["1950","1965","1985"],"src":"osm"},"geometry":{"type":"LineString","coordinates":[[-122.274771,37.814951],[-122.274739,37.814829],[-122.274499,37.814079]]}},{"type":"Feature","properties":{"name":"San Pablo Avenue","kind":"major","eras":["1950","1965","1985"],"src":"osm"},"geometry":{"type":"LineString","coordinates":[[-122.274783,37.815399],[-122.274829,37.815534]]}},{"type":"Feature","properties":{"name":"San Pablo Avenue","kind":"major","eras":["1950","1965","1985"],"src":"osm"},"geometry":{"type":"LineString","coordinates":[[-122.27502,37.815718],[-122.274933,37.815456]]}},{"type":"Feature","properties":{"name":"2nd Street","kind":"street","eras":["1950","1965","1985"],"src":"osm"},"geometry":{"type":"LineString","coordinates":[[-122.283501,37.798864],[-122.283385,37.79882],[-122.283347,37.798806],[-122.282696,37.798551],[-122.282317,37.7984],[-122.281273,37.797993],[-122.281231,37.797977],[-122.281135,37.797939]]}},{"type":"Feature","properties":{"name":"Cypress Street","kind":"major","eras":["1950"],"src":"osm"},"geometry":{"type":"LineString","coordinates":[[-122.293713,37.80487],[-122.293691,37.80493],[-122.293655,37.805006]]}},{"type":"Feature","properties":{"name":"Cypress Structure \u00b7 Nimitz Fwy","kind":"freeway","eras":["1965","1985"],"src":"osm"},"geometry":{"type":"LineString","coordinates":[[-122.293713,37.80487],[-122.293691,37.80493],[-122.293655,37.805006]]}},{"type":"Feature","properties":{"name":"Admiral Toney Way","kind":"street","eras":["1950","1965","1985"],"src":"osm"},"geometry":{"type":"LineString","coordinates":[[-122.298074,37.820271],[-122.297851,37.82032],[-122.297641,37.820418]]}},{"type":"Feature","properties":{"name":"Broadway","kind":"major","eras":["1950","1965","1985"],"src":"osm"},"geometry":{"type":"LineString","coordinates":[[-122.274611,37.798768],[-122.274547,37.798869],[-122.274426,37.799053]]}},{"type":"Feature","properties":{"name":"2nd Street","kind":"street","eras":["1950","1965","1985"],"src":"osm"},"geometry":{"type":"LineString","coordinates":[[-122.275141,37.795582],[-122.275336,37.795659],[-122.276193,37.796],[-122.276228,37.796014],[-122.276315,37.796047]]}},{"type":"Feature","properties":{"name":"2nd Street","kind":"street","eras":["1950","1965","1985"],"src":"osm"},"geometry":{"type":"LineString","coordinates":[[-122.279958,37.797474],[-122.278903,37.797064],[-122.278876,37.797053],[-122.278762,37.797008]]}},{"type":"Feature","properties":{"name":"Brush Street","kind":"street","eras":["1950","1965","1985"],"src":"osm"},"geometry":{"type":"LineString","coordinates":[[-122.283068,37.799558],[-122.283039,37.799604],[-122.283012,37.799648],[-122.283002,37.799664],[-122.28264,37.800249]]}},{"type":"Feature","properties":{"name":"Franklin Street","kind":"street","eras":["1950","1965","1985"],"src":"osm"},"geometry":{"type":"LineString","coordinates":[[-122.269131,37.805207],[-122.269102,37.805253],[-122.268601,37.806049]]}},{"type":"Feature","properties":{"name":"Thomas L. Berkley Way","kind":"street","eras":["1950","1965","1985"],"src":"osm"},"geometry":{"type":"LineString","coordinates":[[-122.267688,37.808823],[-122.267782,37.808849],[-122.268125,37.808984],[-122.268239,37.809033]]}},{"type":"Feature","properties":{"name":"Adeline Street","kind":"major","eras":["1950","1965","1985"],"src":"osm"},"geometry":{"type":"LineString","coordinates":[[-122.287859,37.804844],[-122.287835,37.804908],[-122.287672,37.805357],[-122.287482,37.805878],[-122.287453,37.805958],[-122.287401,37.806103],[-122.287289,37.806413],[-122.287247,37.80653],[-122.287235,37.806564],[-122.287211,37.80663]]}},{"type":"Feature","properties":{"name":"Nimitz Freeway","kind":"freeway","eras":["1965","1985"],"src":"osm"},"geometry":{"type":"LineString","coordinates":[[-122.270089,37.796512],[-122.2672,37.795391],[-122.266755,37.795211],[-122.266318,37.795001]]}},{"type":"Feature","properties":{"name":"Martin Luther King Junior Way","kind":"major","eras":["1950","1965","1985"],"src":"osm"},"geometry":{"type":"LineString","coordinates":[[-122.272797,37.812491],[-122.272764,37.812609]]}},{"type":"Feature","properties":{"name":"12th Street","kind":"major","eras":["1950","1965","1985"],"src":"osm"},"geometry":{"type":"LineString","coordinates":[[-122.279148,37.805738],[-122.279301,37.805797],[-122.279398,37.805836],[-122.27952,37.805882]]}},{"type":"Feature","properties":{"name":"Broadway","kind":"street","eras":["1950","1965","1985"],"src":"osm"},"geometry":{"type":"LineString","coordinates":[[-122.275452,37.797427],[-122.275408,37.797496],[-122.275072,37.798029],[-122.275018,37.798119]]}},{"type":"Feature","properties":{"name":"11th Street","kind":"major","eras":["1950","1965","1985"],"src":"osm"},"geometry":{"type":"LineString","coordinates":[[-122.273075,37.802489],[-122.273013,37.802465],[-122.272699,37.80234],[-122.272633,37.802316],[-122.272492,37.80226]]}},{"type":"Feature","properties":{"name":"Jackson Street","kind":"major","eras":["1950","1965","1985"],"src":"osm"},"geometry":{"type":"LineString","coordinates":[[-122.268652,37.796546],[-122.268746,37.796401]]}},{"type":"Feature","properties":{"name":"8th Street","kind":"major","eras":["1950","1965","1985"],"src":"osm"},"geometry":{"type":"LineString","coordinates":[[-122.271098,37.79915],[-122.271219,37.799197],[-122.271256,37.799212],[-122.271372,37.799261]]}},{"type":"Feature","properties":{"name":"Webster Street","kind":"street","eras":["1950","1965","1985"],"src":"osm"},"geometry":{"type":"LineString","coordinates":[[-122.271152,37.799613],[-122.271262,37.799437]]}},{"type":"Feature","properties":{"name":"9th Street","kind":"street","eras":["1950","1965","1985"],"src":"osm"},"geometry":{"type":"LineString","coordinates":[[-122.302861,37.810621],[-122.303208,37.810795]]}},{"type":"Feature","properties":{"name":"Poplar Street","kind":"street","eras":["1950","1965","1985"],"src":"osm"},"geometry":{"type":"LineString","coordinates":[[-122.286539,37.817898],[-122.286441,37.818153],[-122.286394,37.81827],[-122.286269,37.818615],[-122.286159,37.818922],[-122.285969,37.819449],[-122.285395,37.820987],[-122.285121,37.821781],[-122.285084,37.821889],[-122.285012,37.822095],[-122.285008,37.822109]]}},{"type":"Feature","properties":{"name":"Washington Street","kind":"street","eras":["1950","1965","1985"],"src":"osm"},"geometry":{"type":"LineString","coordinates":[[-122.275866,37.799304],[-122.275822,37.799374],[-122.275736,37.799512]]}},{"type":"Feature","properties":{"name":"San Pablo Avenue","kind":"major","eras":["1950","1965","1985"],"src":"osm"},"geometry":{"type":"LineString","coordinates":[[-122.27286,37.809428],[-122.272976,37.809785]]}},{"type":"Feature","properties":{"name":"San Pablo Avenue","kind":"major","eras":["1950","1965","1985"],"src":"osm"},"geometry":{"type":"LineString","coordinates":[[-122.272997,37.809445],[-122.272853,37.808999]]}},{"type":"Feature","properties":{"name":"13th Street","kind":"street","eras":["1950","1965","1985"],"src":"osm"},"geometry":{"type":"LineString","coordinates":[[-122.27041,37.803159],[-122.270315,37.803121],[-122.269925,37.802969],[-122.269344,37.802742],[-122.26923,37.802696],[-122.269122,37.802653],[-122.268162,37.802278],[-122.268045,37.802232],[-122.267951,37.802195],[-122.267628,37.802069],[-122.267277,37.801931],[-122.267193,37.801899],[-122.267122,37.801871],[-122.266966,37.801811],[-122.266868,37.801771]]}},{"type":"Feature","properties":{"name":"8th Street","kind":"major","eras":["1950","1965","1985"],"src":"osm"},"geometry":{"type":"LineString","coordinates":[[-122.268001,37.797936],[-122.268328,37.798063],[-122.26861,37.798174],[-122.268919,37.798295],[-122.26901,37.798331]]}},{"type":"Feature","properties":{"name":"Willow Street","kind":"street","eras":["1950","1965","1985"],"src":"osm"},"geometry":{"type":"LineString","coordinates":[[-122.300891,37.806593],[-122.300855,37.806696],[-122.300833,37.806758],[-122.300819,37.806796],[-122.300803,37.806843],[-122.300766,37.806945],[-122.300697,37.80715],[-122.300638,37.807323],[-122.300618,37.807384],[-122.300532,37.807613],[-122.300496,37.807677]]}},{"type":"Feature","properties":{"name":"","kind":"street","eras":["1950","1965","1985"],"src":"osm"},"geometry":{"type":"LineString","coordinates":[[-122.300496,37.807677],[-122.300477,37.807675],[-122.300458,37.807679],[-122.300442,37.807688],[-122.300433,37.807701],[-122.30043,37.807715],[-122.300434,37.807728],[-122.300443,37.807739],[-122.300456,37.807747],[-122.300477,37.807752],[-122.300499,37.807748],[-122.300516,37.807738],[-122.300526,37.807723],[-122.300528,37.807709],[-122.300522,37.807695],[-122.300511,37.807684],[-122.300496,37.807677]]}},{"type":"Feature","properties":{"name":"Campbell Street","kind":"street","eras":["1950","1965","1985"],"src":"osm"},"geometry":{"type":"LineString","coordinates":[[-122.299357,37.806254],[-122.299317,37.806362],[-122.299301,37.806404],[-122.299285,37.806451],[-122.298999,37.807265],[-122.298982,37.807314]]}},{"type":"Feature","properties":{"name":"8th Street","kind":"street","eras":["1950","1965","1985"],"src":"osm"},"geometry":{"type":"LineString","coordinates":[[-122.29902,37.807387],[-122.299606,37.807515],[-122.29973,37.807543],[-122.299952,37.807594],[-122.300378,37.807688],[-122.300433,37.807701]]}},{"type":"Feature","properties":{"name":"","kind":"street","eras":["1950","1965","1985"],"src":"osm"},"geometry":{"type":"LineString","coordinates":[[-122.299,37.807323],[-122.298982,37.807314],[-122.298961,37.807309],[-122.29894,37.807309],[-122.298919,37.807314],[-122.298902,37.807323],[-122.298888,37.807336],[-122.298879,37.807351],[-122.298877,37.80737],[-122.298881,37.807389],[-122.298894,37.807405],[-122.298912,37.807417],[-122.298932,37.807424],[-122.298954,37.807426],[-122.298975,37.807422],[-122.298995,37.807414],[-122.29901,37.807402],[-122.29902,37.807387],[-122.299025,37.80737],[-122.299022,37.807353],[-122.299014,37.807337],[-122.299,37.807323]]}},{"type":"Feature","properties":{"name":"","kind":"street","eras":["1950","1965","1985"],"src":"osm"},"geometry":{"type":"LineString","coordinates":[[-122.301971,37.808105],[-122.301988,37.808109],[-122.302006,37.808107],[-122.302022,37.8081],[-122.302033,37.80809],[-122.302039,37.808078],[-122.30204,37.808065],[-122.302035,37.808052],[-122.302025,37.808042],[-122.302012,37.808035]]}},{"type":"Feature","properties":{"name":"Wood Street","kind":"street","eras":["1950","1965","1985"],"src":"osm"},"geometry":{"type":"LineString","coordinates":[[-122.302339,37.807139],[-122.302305,37.807234],[-122.302142,37.80772],[-122.302083,37.807882],[-122.302079,37.807891],[-122.302053,37.807963],[-122.302012,37.808035]]}},{"type":"Feature","properties":{"name":"","kind":"street","eras":["1950","1965","1985"],"src":"osm"},"geometry":{"type":"LineString","coordinates":[[-122.302012,37.808035],[-122.301996,37.808031],[-122.301979,37.808033],[-122.301964,37.808038],[-122.301952,37.808047],[-122.301945,37.808059],[-122.301942,37.808072],[-122.301947,37.808086],[-122.301957,37.808097],[-122.301971,37.808105]]}},{"type":"Feature","properties":{"name":"5th Street","kind":"street","eras":["1950","1965","1985"],"src":"osm"},"geometry":{"type":"LineString","coordinates":[[-122.271342,37.79663],[-122.270987,37.796487],[-122.270319,37.79623]]}},{"type":"Feature","properties":{"name":"9th Street","kind":"street","eras":["1950","1965","1985"],"src":"osm"},"geometry":{"type":"LineString","coordinates":[[-122.302094,37.810237],[-122.30216,37.810269],[-122.302861,37.810621]]}},{"type":"Feature","properties":{"name":"Wood Street","kind":"street","eras":["1950","1965","1985"],"src":"osm"},"geometry":{"type":"LineString","coordinates":[[-122.296723,37.814647],[-122.296475,37.814961]]}},{"type":"Feature","properties":{"name":"Wood Street","kind":"street","eras":["1950","1965","1985"],"src":"osm"},"geometry":{"type":"LineString","coordinates":[[-122.296475,37.814961],[-122.296331,37.815141],[-122.296181,37.815331]]}},{"type":"Feature","properties":{"name":"Wood Street","kind":"street","eras":["1950","1965","1985"],"src":"osm"},"geometry":{"type":"LineString","coordinates":[[-122.296181,37.815331],[-122.29572,37.815917],[-122.295647,37.816009]]}},{"type":"Feature","properties":{"name":"Wood Street","kind":"street","eras":["1950","1965","1985"],"src":"osm"},"geometry":{"type":"LineString","coordinates":[[-122.295647,37.816009],[-122.295608,37.816058],[-122.294577,37.817357]]}},{"type":"Feature","properties":{"name":"Wood Street","kind":"street","eras":["1950","1965","1985"],"src":"osm"},"geometry":{"type":"LineString","coordinates":[[-122.294577,37.817357],[-122.294496,37.817458],[-122.294492,37.817463],[-122.293747,37.818391]]}},{"type":"Feature","properties":{"name":"Wood Street","kind":"street","eras":["1950","1965","1985"],"src":"osm"},"geometry":{"type":"LineString","coordinates":[[-122.293747,37.818391],[-122.293494,37.818701],[-122.293465,37.818736],[-122.293306,37.818937],[-122.29281,37.819551],[-122.292247,37.820246]]}},{"type":"Feature","properties":{"name":"10th Street","kind":"street","eras":["1950","1965","1985"],"src":"osm"},"geometry":{"type":"LineString","coordinates":[[-122.301475,37.810997],[-122.3018,37.811164]]}},{"type":"Feature","properties":{"name":"11th Street","kind":"street","eras":["1950","1965","1985"],"src":"osm"},"geometry":{"type":"LineString","coordinates":[[-122.300864,37.81176],[-122.301505,37.812083],[-122.301645,37.812153]]}},{"type":"Feature","properties":{"name":"11th Street","kind":"street","eras":["1950","1965","1985"],"src":"osm"},"geometry":{"type":"LineString","coordinates":[[-122.299954,37.811302],[-122.300864,37.81176]]}},{"type":"Feature","properties":{"name":"Chestnut Street","kind":"street","eras":["1950","1965","1985"],"src":"osm"},"geometry":{"type":"LineString","coordinates":[[-122.282873,37.815366],[-122.282841,37.815452],[-122.282827,37.815489],[-122.282745,37.815718],[-122.282604,37.816104],[-122.282323,37.816934]]}},{"type":"Feature","properties":{"name":"Magnolia Street","kind":"street","eras":["1950","1965","1985"],"src":"osm"},"geometry":{"type":"LineString","coordinates":[[-122.285087,37.815752],[-122.285048,37.815859],[-122.285016,37.815947],[-122.284734,37.816726],[-122.284621,37.817037],[-122.284489,37.817429]]}},{"type":"Feature","properties":{"name":"Union Street","kind":"street","eras":["1950","1965","1985"],"src":"osm"},"geometry":{"type":"LineString","coordinates":[[-122.284617,37.820295],[-122.284452,37.820781],[-122.283963,37.822137],[-122.283826,37.822516],[-122.283628,37.823039],[-122.283457,37.82349],[-122.283362,37.823742],[-122.28318,37.824252]]}},{"type":"Feature","properties":{"name":"Union Street","kind":"street","eras":["1950","1965","1985"],"src":"osm"},"geometry":{"type":"LineString","coordinates":[[-122.284982,37.819224],[-122.284888,37.819499],[-122.284617,37.820295]]}},{"type":"Feature","properties":{"name":"26th Street","kind":"street","eras":["1950","1965","1985"],"src":"osm"},"geometry":{"type":"LineString","coordinates":[[-122.288759,37.820485],[-122.288865,37.820537]]}},{"type":"Feature","properties":{"name":"Linden Street","kind":"street","eras":["1950","1965","1985"],"src":"osm"},"geometry":{"type":"LineString","coordinates":[[-122.281233,37.816687],[-122.280676,37.818235]]}},{"type":"Feature","properties":{"name":"Filbert Street","kind":"street","eras":["1950","1965","1985"],"src":"osm"},"geometry":{"type":"LineString","coordinates":[[-122.280205,37.816461],[-122.28009,37.816782],[-122.27985,37.817452],[-122.279681,37.817927],[-122.279652,37.818008]]}},{"type":"Feature","properties":{"name":"Willow Street","kind":"street","eras":["1950","1965","1985"],"src":"osm"},"geometry":{"type":"LineString","coordinates":[[-122.295205,37.814309],[-122.294968,37.814605],[-122.294913,37.814674]]}},{"type":"Feature","properties":{"name":"Willow Street","kind":"street","eras":["1950","1965","1985"],"src":"osm"},"geometry":{"type":"LineString","coordinates":[[-122.29545,37.814003],[-122.295412,37.81405],[-122.295386,37.814084],[-122.295205,37.814309]]}},{"type":"Feature","properties":{"name":"Campbell Street","kind":"street","eras":["1950","1965","1985"],"src":"osm"},"geometry":{"type":"LineString","coordinates":[[-122.2908,37.817588],[-122.290728,37.817676],[-122.290474,37.81799],[-122.289715,37.81896]]}},{"type":"Feature","properties":{"name":"Campbell Street","kind":"street","eras":["1950","1965","1985"],"src":"osm"},"geometry":{"type":"LineString","coordinates":[[-122.294162,37.813354],[-122.294122,37.813404],[-122.2941,37.813431],[-122.294097,37.813435],[-122.293943,37.813627]]}},{"type":"Feature","properties":{"name":"Campbell Street","kind":"street","eras":["1950","1965","1985"],"src":"osm"},"geometry":{"type":"LineString","coordinates":[[-122.293943,37.813627],[-122.293844,37.813752],[-122.293699,37.813934],[-122.293617,37.814036],[-122.293561,37.814107],[-122.293076,37.814715]]}},{"type":"Feature","properties":{"name":"Campbell Street","kind":"street","eras":["1950","1965","1985"],"src":"osm"},"geometry":{"type":"LineString","coordinates":[[-122.292009,37.816066],[-122.292001,37.816077],[-122.291369,37.816876]]}},{"type":"Feature","properties":{"name":"Campbell Street","kind":"street","eras":["1950","1965","1985"],"src":"osm"},"geometry":{"type":"LineString","coordinates":[[-122.291369,37.816876],[-122.291269,37.817007],[-122.290949,37.817411],[-122.290903,37.817469]]}},{"type":"Feature","properties":{"name":"Campbell Street","kind":"street","eras":["1950","1965","1985"],"src":"osm"},"geometry":{"type":"LineString","coordinates":[[-122.290864,37.81751],[-122.2908,37.817588]]}},{"type":"Feature","properties":{"name":"Willow Street","kind":"street","eras":["1950","1965","1985"],"src":"osm"},"geometry":{"type":"LineString","coordinates":[[-122.29202,37.818291],[-122.291971,37.818352],[-122.291732,37.818652],[-122.291689,37.818706]]}},{"type":"Feature","properties":{"name":"Willow Street","kind":"street","eras":["1950","1965","1985"],"src":"osm"},"geometry":{"type":"LineString","coordinates":[[-122.291689,37.818706],[-122.291242,37.819265],[-122.291181,37.81934],[-122.290968,37.819609]]}},{"type":"Feature","properties":{"name":"Linden Street","kind":"street","eras":["1950","1965","1985"],"src":"osm"},"geometry":{"type":"LineString","coordinates":[[-122.281853,37.81502],[-122.281815,37.815127],[-122.281784,37.81521],[-122.281769,37.815246],[-122.28169,37.815473],[-122.281664,37.815541],[-122.281258,37.81662],[-122.281233,37.816687]]}},{"type":"Feature","properties":{"name":"Filbert Street","kind":"street","eras":["1950","1965","1985"],"src":"osm"},"geometry":{"type":"LineString","coordinates":[[-122.280795,37.814778],[-122.280758,37.814884],[-122.280725,37.814973],[-122.280721,37.814985],[-122.280642,37.815207],[-122.28045,37.815745],[-122.280443,37.815764],[-122.280243,37.816347],[-122.28023,37.816386],[-122.280205,37.816461]]}},{"type":"Feature","properties":{"name":"23rd Street","kind":"street","eras":["1950","1965","1985"],"src":"osm"},"geometry":{"type":"LineString","coordinates":[[-122.271148,37.813024],[-122.27127,37.813042],[-122.272488,37.813251],[-122.272597,37.813269]]}},{"type":"Feature","properties":{"name":"23rd Street","kind":"street","eras":["1950","1965","1985"],"src":"osm"},"geometry":{"type":"LineString","coordinates":[[-122.271002,37.813],[-122.271148,37.813024]]}},{"type":"Feature","properties":{"name":"24th Street","kind":"street","eras":["1950","1965","1985"],"src":"osm"},"geometry":{"type":"LineString","coordinates":[[-122.270493,37.813797],[-122.270653,37.813822]]}},{"type":"Feature","properties":{"name":"Broadway","kind":"major","eras":["1950","1965","1985"],"src":"osm"},"geometry":{"type":"LineString","coordinates":[[-122.269976,37.806192],[-122.269943,37.806246],[-122.269955,37.806304]]}},{"type":"Feature","properties":{"name":"West Grand Avenue","kind":"major","eras":["1950","1965","1985"],"src":"osm"},"geometry":{"type":"LineString","coordinates":[[-122.289063,37.816787],[-122.289188,37.816824]]}},{"type":"Feature","properties":{"name":"West Grand Avenue","kind":"major","eras":["1950","1965","1985"],"src":"osm"},"geometry":{"type":"LineString","coordinates":[[-122.290777,37.817449],[-122.290514,37.817314]]}},{"type":"Feature","properties":{"name":"Peralta Street","kind":"street","eras":["1950","1965","1985"],"src":"osm"},"geometry":{"type":"LineString","coordinates":[[-122.289634,37.81683],[-122.289703,37.816717],[-122.289713,37.816705],[-122.289828,37.816567],[-122.289838,37.816555],[-122.289968,37.816394]]}},{"type":"Feature","properties":{"name":"Isabella Street","kind":"street","eras":["1950","1965","1985"],"src":"osm"},"geometry":{"type":"LineString","coordinates":[[-122.274645,37.814945],[-122.274771,37.814951]]}},{"type":"Feature","properties":{"name":"San Pablo Avenue","kind":"major","eras":["1950","1965","1985"],"src":"osm"},"geometry":{"type":"LineString","coordinates":[[-122.274543,37.814636],[-122.274616,37.814866]]}},{"type":"Feature","properties":{"name":"San Pablo Avenue","kind":"major","eras":["1950","1965","1985"],"src":"osm"},"geometry":{"type":"LineString","coordinates":[[-122.274933,37.815456],[-122.274905,37.815371]]}},{"type":"Feature","properties":{"name":"San Pablo Avenue","kind":"major","eras":["1950","1965","1985"],"src":"osm"},"geometry":{"type":"LineString","coordinates":[[-122.274905,37.815371],[-122.274866,37.815243],[-122.27484,37.815169],[-122.274831,37.815139],[-122.274803,37.815051],[-122.274771,37.814951]]}},{"type":"Feature","properties":{"name":"San Pablo Avenue","kind":"major","eras":["1950","1965","1985"],"src":"osm"},"geometry":{"type":"LineString","coordinates":[[-122.274616,37.814866],[-122.274645,37.814945]]}},{"type":"Feature","properties":{"name":"Clay Street","kind":"street","eras":["1950","1965","1985"],"src":"osm"},"geometry":{"type":"LineString","coordinates":[[-122.27952,37.795663],[-122.279522,37.795707],[-122.279515,37.79576],[-122.279512,37.795766]]}},{"type":"Feature","properties":{"name":"I-980 \u00b7 Grove Shafter Fwy","kind":"freeway","eras":["1985"],"src":"osm"},"geometry":{"type":"LineString","coordinates":[[-122.274146,37.812046],[-122.274296,37.811911]]}},{"type":"Feature","properties":{"name":"Nimitz Freeway","kind":"freeway","eras":["1965","1985"],"src":"osm"},"geometry":{"type":"LineString","coordinates":[[-122.296805,37.801843],[-122.296644,37.801837]]}},{"type":"Feature","properties":{"name":"Nimitz Freeway","kind":"freeway","eras":["1965","1985"],"src":"osm"},"geometry":{"type":"LineString","coordinates":[[-122.275211,37.798708],[-122.276794,37.799322]]}},{"type":"Feature","properties":{"name":"I-980 \u00b7 Grove Shafter Fwy","kind":"freeway","eras":["1985"],"src":"osm"},"geometry":{"type":"LineString","coordinates":[[-122.273385,37.812696],[-122.274146,37.812046]]}},{"type":"Feature","properties":{"name":"Nimitz Freeway","kind":"freeway","eras":["1965","1985"],"src":"osm"},"geometry":{"type":"LineString","coordinates":[[-122.298406,37.802035],[-122.297597,37.801905],[-122.297204,37.801865],[-122.296805,37.801843]]}},{"type":"Feature","properties":{"name":"I-980 \u00b7 Grove Shafter Fwy","kind":"freeway","eras":["1985"],"src":"osm"},"geometry":{"type":"LineString","coordinates":[[-122.275494,37.810654],[-122.275587,37.810529],[-122.275677,37.810408],[-122.276259,37.809584]]}},{"type":"Feature","properties":{"name":"Nimitz Freeway","kind":"freeway","eras":["1965","1985"],"src":"osm"},"geometry":{"type":"LineString","coordinates":[[-122.301144,37.803357],[-122.301354,37.80348],[-122.301487,37.803562],[-122.302094,37.803985]]}},{"type":"Feature","properties":{"name":"Lewis Street","kind":"street","eras":["1950","1965","1985"],"src":"osm"},"geometry":{"type":"LineString","coordinates":[[-122.298227,37.805699],[-122.298239,37.805731],[-122.298255,37.805762],[-122.298286,37.805794],[-122.298365,37.805847]]}},{"type":"Feature","properties":{"name":"West 14th Street","kind":"street","eras":["1950","1965","1985"],"src":"osm"},"geometry":{"type":"LineString","coordinates":[[-122.303044,37.814781],[-122.303405,37.814818]]}},{"type":"Feature","properties":{"name":"17th Street","kind":"street","eras":["1950","1965","1985"],"src":"osm"},"geometry":{"type":"LineString","coordinates":[[-122.272432,37.807185],[-122.272318,37.807164],[-122.272205,37.807144]]}},{"type":"Feature","properties":{"name":"San Pablo Avenue","kind":"major","eras":["1950","1965","1985"],"src":"osm"},"geometry":{"type":"LineString","coordinates":[[-122.272257,37.807307],[-122.272205,37.807144]]}},{"type":"Feature","properties":{"name":"San Pablo Avenue","kind":"major","eras":["1950","1965","1985"],"src":"osm"},"geometry":{"type":"LineString","coordinates":[[-122.272286,37.807411],[-122.272268,37.807351],[-122.272257,37.807307]]}},{"type":"Feature","properties":{"name":"Broadway","kind":"major","eras":["1950","1965","1985"],"src":"osm"},"geometry":{"type":"LineString","coordinates":[[-122.270915,37.804761],[-122.270873,37.804831],[-122.27083,37.8049]]}},{"type":"Feature","properties":{"name":"Broadway","kind":"major","eras":["1950","1965","1985"],"src":"osm"},"geometry":{"type":"LineString","coordinates":[[-122.27083,37.8049],[-122.270643,37.8052]]}},{"type":"Feature","properties":{"name":"Broadway","kind":"major","eras":["1950","1965","1985"],"src":"osm"},"geometry":{"type":"LineString","coordinates":[[-122.271608,37.803657],[-122.271623,37.803634]]}},{"type":"Feature","properties":{"name":"5th Street","kind":"street","eras":["1950","1965","1985"],"src":"osm"},"geometry":{"type":"LineString","coordinates":[[-122.271616,37.796728],[-122.271641,37.796776],[-122.271719,37.796857],[-122.272003,37.796965],[-122.272648,37.79721]]}},{"type":"Feature","properties":{"name":"5th Street","kind":"street","eras":["1950","1965","1985"],"src":"osm"},"geometry":{"type":"LineString","coordinates":[[-122.273186,37.797335],[-122.273165,37.797345],[-122.273139,37.797383],[-122.273161,37.797407],[-122.273771,37.797643],[-122.273885,37.797611]]}},{"type":"Feature","properties":{"name":"Telegraph Avenue","kind":"major","eras":["1950","1965","1985"],"src":"osm"},"geometry":{"type":"LineString","coordinates":[[-122.269089,37.811561],[-122.269109,37.811481],[-122.269123,37.811426]]}},{"type":"Feature","properties":{"name":"Cypress Street","kind":"major","eras":["1950"],"src":"osm"},"geometry":{"type":"LineString","coordinates":[[-122.290075,37.815265],[-122.290117,37.815145],[-122.290349,37.814481],[-122.290548,37.813926],[-122.290598,37.813788]]}},{"type":"Feature","properties":{"name":"Cypress Structure \u00b7 Nimitz Fwy","kind":"freeway","eras":["1965","1985"],"src":"osm"},"geometry":{"type":"LineString","coordinates":[[-122.290075,37.815265],[-122.290117,37.815145],[-122.290349,37.814481],[-122.290548,37.813926],[-122.290598,37.813788]]}},{"type":"Feature","properties":{"name":"West Grand Avenue","kind":"major","eras":["1950","1965","1985"],"src":"osm"},"geometry":{"type":"LineString","coordinates":[[-122.287136,37.816223],[-122.287036,37.8162],[-122.286156,37.815997],[-122.286095,37.815983],[-122.285087,37.815752],[-122.284132,37.815539],[-122.284005,37.81551]]}},{"type":"Feature","properties":{"name":"Adeline Street","kind":"major","eras":["1950","1965","1985"],"src":"osm"},"geometry":{"type":"LineString","coordinates":[[-122.284795,37.813307],[-122.284804,37.813281],[-122.284836,37.813193],[-122.285084,37.812506],[-122.285101,37.812461],[-122.285135,37.812365],[-122.28517,37.812269],[-122.285214,37.812153],[-122.285229,37.81211],[-122.285389,37.811669],[-122.285556,37.811208],[-122.285585,37.811131],[-122.285612,37.81106]]}},{"type":"Feature","properties":{"name":"Adeline Street","kind":"major","eras":["1950","1965","1985"],"src":"osm"},"geometry":{"type":"LineString","coordinates":[[-122.28387,37.815878],[-122.283936,37.815701],[-122.283966,37.815618],[-122.284005,37.81551]]}},{"type":"Feature","properties":{"name":"8th Street","kind":"street","eras":["1950","1965","1985"],"src":"osm"},"geometry":{"type":"LineString","coordinates":[[-122.282696,37.80368],[-122.282781,37.803724],[-122.282897,37.803747],[-122.282974,37.803738]]}},{"type":"Feature","properties":{"name":"8th Street","kind":"street","eras":["1950","1965","1985"],"src":"osm"},"geometry":{"type":"LineString","coordinates":[[-122.282974,37.803738],[-122.282924,37.803704],[-122.282796,37.803676],[-122.282696,37.80368]]}},{"type":"Feature","properties":{"name":"8th Street","kind":"street","eras":["1950","1965","1985"],"src":"osm"},"geometry":{"type":"LineString","coordinates":[[-122.282561,37.803656],[-122.282696,37.80368]]}},{"type":"Feature","properties":{"name":"","kind":"street","eras":["1950","1965","1985"],"src":"osm"},"geometry":{"type":"LineString","coordinates":[[-122.295702,37.806663],[-122.295716,37.806649],[-122.295724,37.806632],[-122.295725,37.806616],[-122.295721,37.806601],[-122.295711,37.806587],[-122.295697,37.806576],[-122.29568,37.806568],[-122.295658,37.806565],[-122.295636,37.806567],[-122.295616,37.806574],[-122.295599,37.806585],[-122.295588,37.806601],[-122.295584,37.806619],[-122.295587,37.806638],[-122.295597,37.806654],[-122.295614,37.806667],[-122.295636,37.806675],[-122.295659,37.806677],[-122.295682,37.806673],[-122.295702,37.806663]]}},{"type":"Feature","properties":{"name":"8th Street","kind":"street","eras":["1950","1965","1985"],"src":"osm"},"geometry":{"type":"LineString","coordinates":[[-122.295724,37.806632],[-122.296176,37.806732],[-122.296692,37.806847],[-122.297308,37.80699],[-122.29743,37.807018],[-122.297567,37.807049],[-122.298425,37.807245],[-122.298843,37.807341],[-122.298879,37.807351]]}},{"type":"Feature","properties":{"name":"Chester Street","kind":"street","eras":["1950","1965","1985"],"src":"osm"},"geometry":{"type":"LineString","coordinates":[[-122.296032,37.805573],[-122.295994,37.805688],[-122.295986,37.805711],[-122.295962,37.805781],[-122.295701,37.806517],[-122.29568,37.806568]]}},{"type":"Feature","properties":{"name":"","kind":"street","eras":["1950","1965","1985"],"src":"osm"},"geometry":{"type":"LineString","coordinates":[[-122.294631,37.806399],[-122.29464,37.806386],[-122.294644,37.806371],[-122.294641,37.806355],[-122.294633,37.80634],[-122.294618,37.806329],[-122.2946,37.806322],[-122.294579,37.80632],[-122.294559,37.806323],[-122.294541,37.806331],[-122.294528,37.806344],[-122.29452,37.806359],[-122.29452,37.806374],[-122.294524,37.806389],[-122.294534,37.806401],[-122.294549,37.806411],[-122.294566,37.806417],[-122.294584,37.806418],[-122.294602,37.806416],[-122.294618,37.806409],[-122.294631,37.806399]]}},{"type":"Feature","properties":{"name":"8th Street","kind":"street","eras":["1950","1965","1985"],"src":"osm"},"geometry":{"type":"LineString","coordinates":[[-122.29464,37.806386],[-122.294921,37.806448],[-122.295087,37.806486],[-122.295588,37.806601]]}},{"type":"Feature","properties":{"name":"Center Street","kind":"street","eras":["1950","1965","1985"],"src":"osm"},"geometry":{"type":"LineString","coordinates":[[-122.294954,37.805308],[-122.29493,37.805375],[-122.294902,37.80545],[-122.294818,37.805693],[-122.294771,37.80583],[-122.294741,37.805916],[-122.294619,37.806266],[-122.2946,37.806322]]}},{"type":"Feature","properties":{"name":"8th Street","kind":"street","eras":["1950","1965","1985"],"src":"osm"},"geometry":{"type":"LineString","coordinates":[[-122.293574,37.806143],[-122.29452,37.806359]]}},{"type":"Feature","properties":{"name":"8th Street","kind":"street","eras":["1950","1965","1985"],"src":"osm"},"geometry":{"type":"LineString","coordinates":[[-122.293574,37.806143],[-122.293543,37.806111],[-122.29342,37.806087],[-122.293375,37.806097]]}},{"type":"Feature","properties":{"name":"8th Street","kind":"street","eras":["1950","1965","1985"],"src":"osm"},"geometry":{"type":"LineString","coordinates":[[-122.293375,37.806097],[-122.293409,37.806123],[-122.293524,37.806148],[-122.293574,37.806143]]}},{"type":"Feature","properties":{"name":"8th Street","kind":"street","eras":["1950","1965","1985"],"src":"osm"},"geometry":{"type":"LineString","coordinates":[[-122.293113,37.806039],[-122.293157,37.806049],[-122.293282,37.806077]]}},{"type":"Feature","properties":{"name":"8th Street","kind":"street","eras":["1950","1965","1985"],"src":"osm"},"geometry":{"type":"LineString","coordinates":[[-122.292932,37.805999],[-122.292958,37.806038],[-122.293057,37.806063],[-122.293113,37.806039]]}},{"type":"Feature","properties":{"name":"8th Street","kind":"street","eras":["1950","1965","1985"],"src":"osm"},"geometry":{"type":"LineString","coordinates":[[-122.293113,37.806039],[-122.293077,37.806009],[-122.292981,37.805984],[-122.292932,37.805999]]}},{"type":"Feature","properties":{"name":"8th Street","kind":"street","eras":["1950","1965","1985"],"src":"osm"},"geometry":{"type":"LineString","coordinates":[[-122.289743,37.805285],[-122.289788,37.805316],[-122.289926,37.80535],[-122.290036,37.805347]]}},{"type":"Feature","properties":{"name":"8th Street","kind":"street","eras":["1950","1965","1985"],"src":"osm"},"geometry":{"type":"LineString","coordinates":[[-122.290036,37.805347],[-122.29115,37.805599],[-122.291306,37.805634],[-122.291317,37.805637],[-122.292027,37.805796],[-122.292158,37.805825],[-122.292932,37.805999]]}},{"type":"Feature","properties":{"name":"8th Street","kind":"street","eras":["1950","1965","1985"],"src":"osm"},"geometry":{"type":"LineString","coordinates":[[-122.290036,37.805347],[-122.289939,37.805311],[-122.289807,37.805285],[-122.289743,37.805285]]}},{"type":"Feature","properties":{"name":"8th Street","kind":"street","eras":["1950","1965","1985"],"src":"osm"},"geometry":{"type":"LineString","coordinates":[[-122.287859,37.804844],[-122.287954,37.804867],[-122.288371,37.804964],[-122.288543,37.805004],[-122.288828,37.805071],[-122.28907,37.805128],[-122.289383,37.805201],[-122.289743,37.805285]]}},{"type":"Feature","properties":{"name":"8th Street","kind":"street","eras":["1950","1965","1985"],"src":"osm"},"geometry":{"type":"LineString","coordinates":[[-122.287859,37.804844],[-122.287778,37.804807],[-122.287735,37.804798],[-122.287589,37.804784]]}},{"type":"Feature","properties":{"name":"8th Street","kind":"street","eras":["1950","1965","1985"],"src":"osm"},"geometry":{"type":"LineString","coordinates":[[-122.287589,37.804784],[-122.287724,37.804857],[-122.287763,37.804865],[-122.287859,37.804844]]}},{"type":"Feature","properties":{"name":"","kind":"street","eras":["1950","1965","1985"],"src":"osm"},"geometry":{"type":"LineString","coordinates":[[-122.284723,37.804095],[-122.284706,37.804083],[-122.284684,37.804076],[-122.284663,37.804076],[-122.284643,37.80408],[-122.284626,37.804088],[-122.284612,37.804101],[-122.284604,37.804115],[-122.284602,37.804131],[-122.284605,37.804147],[-122.284614,37.804161],[-122.284628,37.804172],[-122.284646,37.80418],[-122.284668,37.804184],[-122.28469,37.804182],[-122.28471,37.804174],[-122.284726,37.804162],[-122.284736,37.804146],[-122.284739,37.804128],[-122.284735,37.804111],[-122.284723,37.804095]]}},{"type":"Feature","properties":{"name":"8th Street","kind":"street","eras":["1950","1965","1985"],"src":"osm"},"geometry":{"type":"LineString","coordinates":[[-122.282974,37.803738],[-122.283359,37.803823],[-122.283724,37.803904],[-122.283975,37.803956],[-122.284083,37.803981],[-122.284285,37.804027],[-122.284612,37.804101]]}},{"type":"Feature","properties":{"name":"Filbert Street","kind":"street","eras":["1950","1965","1985"],"src":"osm"},"geometry":{"type":"LineString","coordinates":[[-122.285177,37.802662],[-122.285022,37.803096],[-122.284971,37.803236],[-122.284863,37.803525],[-122.284783,37.803742],[-122.284684,37.804076]]}},{"type":"Feature","properties":{"name":"3rd Street","kind":"street","eras":["1950","1965","1985"],"src":"osm"},"geometry":{"type":"LineString","coordinates":[[-122.289272,37.801103],[-122.289143,37.80107]]}},{"type":"Feature","properties":{"name":"3rd Street","kind":"street","eras":["1950","1965","1985"],"src":"osm"},"geometry":{"type":"LineString","coordinates":[[-122.283927,37.799876],[-122.283801,37.79984],[-122.283696,37.799804],[-122.283538,37.799742],[-122.283068,37.799558]]}},{"type":"Feature","properties":{"name":"8th Street","kind":"street","eras":["1950","1965","1985"],"src":"osm"},"geometry":{"type":"LineString","coordinates":[[-122.293282,37.806077],[-122.293375,37.806097]]}},{"type":"Feature","properties":{"name":"12th Street","kind":"street","eras":["1950","1965","1985"],"src":"osm"},"geometry":{"type":"LineString","coordinates":[[-122.294082,37.809795],[-122.294449,37.809877],[-122.294929,37.809985],[-122.295041,37.810011]]}},{"type":"Feature","properties":{"name":"15th Street","kind":"street","eras":["1950","1965","1985"],"src":"osm"},"geometry":{"type":"LineString","coordinates":[[-122.29601,37.813304],[-122.29609,37.813344],[-122.296124,37.813361],[-122.296453,37.813528],[-122.296878,37.813743],[-122.297206,37.813909],[-122.297284,37.813949]]}},{"type":"Feature","properties":{"name":"Pine Street","kind":"street","eras":["1950","1965","1985"],"src":"osm"},"geometry":{"type":"LineString","coordinates":[[-122.301475,37.810997],[-122.300864,37.81176],[-122.300497,37.812218],[-122.300445,37.812282],[-122.30032,37.812439],[-122.300285,37.812464],[-122.300243,37.812477]]}},{"type":"Feature","properties":{"name":"Poplar Street","kind":"street","eras":["1950","1965","1985"],"src":"osm"},"geometry":{"type":"LineString","coordinates":[[-122.287096,37.816331],[-122.287068,37.81641],[-122.287036,37.8165],[-122.286629,37.817657],[-122.286578,37.817794],[-122.286569,37.817818],[-122.286539,37.817898]]}},{"type":"Feature","properties":{"name":"Union Street","kind":"street","eras":["1950","1965","1985"],"src":"osm"},"geometry":{"type":"LineString","coordinates":[[-122.286938,37.813807],[-122.286952,37.813836],[-122.28695,37.813862],[-122.286772,37.814324],[-122.286759,37.814357],[-122.286549,37.814904]]}},{"type":"Feature","properties":{"name":"Wood Street","kind":"street","eras":["1950","1965","1985"],"src":"osm"},"geometry":{"type":"LineString","coordinates":[[-122.29896,37.81186],[-122.29889,37.811947],[-122.298858,37.811986],[-122.29842,37.812526],[-122.298407,37.812542],[-122.298346,37.812617],[-122.29833,37.812638],[-122.298297,37.81268],[-122.298284,37.812696],[-122.297895,37.813186],[-122.297866,37.813221],[-122.297809,37.813293]]}},{"type":"Feature","properties":{"name":"Center Street","kind":"street","eras":["1950","1965","1985"],"src":"osm"},"geometry":{"type":"LineString","coordinates":[[-122.293492,37.809433],[-122.293396,37.80967]]}},{"type":"Feature","properties":{"name":"Adeline Street","kind":"major","eras":["1950","1965","1985"],"src":"osm"},"geometry":{"type":"LineString","coordinates":[[-122.288186,37.803933],[-122.288151,37.804032],[-122.288068,37.804259],[-122.287979,37.804504],[-122.287911,37.804691],[-122.28788,37.804782],[-122.287859,37.804844]]}},{"type":"Feature","properties":{"name":"Martin Luther King Junior Way","kind":"street","eras":["1950","1965","1985"],"src":"osm"},"geometry":{"type":"LineString","coordinates":[[-122.278563,37.802057],[-122.278494,37.802162],[-122.278124,37.802764],[-122.277746,37.803365],[-122.277697,37.803445]]}},{"type":"Feature","properties":{"name":"Martin Luther King Junior Way","kind":"street","eras":["1950","1965","1985"],"src":"osm"},"geometry":{"type":"LineString","coordinates":[[-122.279844,37.800014],[-122.279806,37.800078],[-122.279448,37.800627],[-122.279411,37.800684]]}},{"type":"Feature","properties":{"name":"Castro Street","kind":"street","eras":["1950","1965","1985"],"src":"osm"},"geometry":{"type":"LineString","coordinates":[[-122.281013,37.800474],[-122.280973,37.800537],[-122.280626,37.801087],[-122.280592,37.801141]]}},{"type":"Feature","properties":{"name":"West Grand Avenue","kind":"major","eras":["1950","1965","1985"],"src":"osm"},"geometry":{"type":"LineString","coordinates":[[-122.274062,37.812727],[-122.273916,37.812695]]}},{"type":"Feature","properties":{"name":"31st Street","kind":"street","eras":["1950","1965","1985"],"src":"osm"},"geometry":{"type":"LineString","coordinates":[[-122.276225,37.821456],[-122.276314,37.821468],[-122.276398,37.82148]]}},{"type":"Feature","properties":{"name":"Martin Luther King Junior Way","kind":"major","eras":["1950","1965","1985"],"src":"osm"},"geometry":{"type":"LineString","coordinates":[[-122.272344,37.814279],[-122.272182,37.814921],[-122.272168,37.81498],[-122.27215,37.815049],[-122.272132,37.815122],[-122.272116,37.815185],[-122.27201,37.815608],[-122.271992,37.815677],[-122.271974,37.815752],[-122.271867,37.816177],[-122.271818,37.816368],[-122.271694,37.816863],[-122.271674,37.816939],[-122.271658,37.817005],[-122.271627,37.81713]]}},{"type":"Feature","properties":{"name":"Martin Luther King Junior Way","kind":"street","eras":["1950","1965","1985"],"src":"osm"},"geometry":{"type":"LineString","coordinates":[[-122.275138,37.807551],[-122.275096,37.807613],[-122.274953,37.807848],[-122.27484,37.808034],[-122.274777,37.808129],[-122.274715,37.808228],[-122.27458,37.808445],[-122.274447,37.808657],[-122.274394,37.808737],[-122.274327,37.80885],[-122.274277,37.808934],[-122.274245,37.808981],[-122.274146,37.809141],[-122.274141,37.809149],[-122.274113,37.809193],[-122.274076,37.809254],[-122.274072,37.80926],[-122.274037,37.809315],[-122.273909,37.80952],[-122.273824,37.809656],[-122.273812,37.809676],[-122.273712,37.809836],[-122.273519,37.810147],[-122.273481,37.810207]]}},{"type":"Feature","properties":{"name":"14th Street","kind":"major","eras":["1950","1965","1985"],"src":"osm"},"geometry":{"type":"LineString","coordinates":[[-122.275979,37.806202],[-122.275872,37.80616],[-122.275848,37.80615],[-122.274906,37.805779],[-122.274856,37.80576],[-122.274793,37.805735]]}},{"type":"Feature","properties":{"name":"Martin Luther King Junior Way","kind":"street","eras":["1950","1965","1985"],"src":"osm"},"geometry":{"type":"LineString","coordinates":[[-122.275979,37.806202],[-122.27592,37.806297],[-122.275744,37.806578]]}},{"type":"Feature","properties":{"name":"Martin Luther King Junior Way","kind":"street","eras":["1950","1965","1985"],"src":"osm"},"geometry":{"type":"LineString","coordinates":[[-122.275744,37.806578],[-122.275683,37.806676],[-122.275628,37.806764],[-122.275589,37.806827],[-122.275549,37.80689],[-122.275508,37.806957],[-122.275469,37.80702],[-122.275347,37.807215],[-122.275287,37.807311],[-122.275222,37.807416],[-122.275177,37.807485],[-122.275138,37.807551]]}},{"type":"Feature","properties":{"name":"14th Street","kind":"major","eras":["1950","1965","1985"],"src":"osm"},"geometry":{"type":"LineString","coordinates":[[-122.276342,37.806347],[-122.27612,37.806258],[-122.276088,37.806245],[-122.275979,37.806202]]}},{"type":"Feature","properties":{"name":"Harrison Street","kind":"street","eras":["1950","1965","1985"],"src":"osm"},"geometry":{"type":"LineString","coordinates":[[-122.267617,37.802926],[-122.267665,37.802851],[-122.267997,37.80231],[-122.268045,37.802232],[-122.268092,37.802157],[-122.268265,37.80188],[-122.268426,37.801627],[-122.268475,37.801549]]}},{"type":"Feature","properties":{"name":"13th Street","kind":"street","eras":["1950","1965","1985"],"src":"osm"},"geometry":{"type":"LineString","coordinates":[[-122.271623,37.803634],[-122.271506,37.803588],[-122.270929,37.803362],[-122.270524,37.803203],[-122.27041,37.803159]]}},{"type":"Feature","properties":{"name":"Franklin Street","kind":"street","eras":["1950","1965","1985"],"src":"osm"},"geometry":{"type":"LineString","coordinates":[[-122.270839,37.80247],[-122.270788,37.80255],[-122.270459,37.803079],[-122.27041,37.803159],[-122.270355,37.803245],[-122.270132,37.803604]]}},{"type":"Feature","properties":{"name":"Clay Street","kind":"street","eras":["1950","1965","1985"],"src":"osm"},"geometry":{"type":"LineString","coordinates":[[-122.272781,37.806621],[-122.272741,37.806686],[-122.272579,37.806947]]}},{"type":"Feature","properties":{"name":"19th Street","kind":"street","eras":["1950","1965","1985"],"src":"osm"},"geometry":{"type":"LineString","coordinates":[[-122.271545,37.808609],[-122.2716,37.808618],[-122.271676,37.80863],[-122.272587,37.808777],[-122.272668,37.808789]]}},{"type":"Feature","properties":{"name":"Rashida Muhammad Street","kind":"street","eras":["1950","1965","1985"],"src":"osm"},"geometry":{"type":"LineString","coordinates":[[-122.271399,37.809198],[-122.271383,37.80926],[-122.271377,37.809283],[-122.271264,37.809748],[-122.271258,37.809774],[-122.271241,37.809844]]}},{"type":"Feature","properties":{"name":"William Street","kind":"street","eras":["1950","1965","1985"],"src":"osm"},"geometry":{"type":"LineString","coordinates":[[-122.271399,37.809198],[-122.271463,37.809208],[-122.272786,37.809416],[-122.27286,37.809428]]}},{"type":"Feature","properties":{"name":"19th Street","kind":"street","eras":["1950","1965","1985"],"src":"osm"},"geometry":{"type":"LineString","coordinates":[[-122.269033,37.807782],[-122.269169,37.807836],[-122.269532,37.807979]]}},{"type":"Feature","properties":{"name":"Franklin Street","kind":"street","eras":["1950","1965","1985"],"src":"osm"},"geometry":{"type":"LineString","coordinates":[[-122.273885,37.797611],[-122.273908,37.797573],[-122.27398,37.79745],[-122.274159,37.797168],[-122.274213,37.79708],[-122.274234,37.797046],[-122.274282,37.796967]]}},{"type":"Feature","properties":{"name":"4th Street","kind":"street","eras":["1950","1965","1985"],"src":"osm"},"geometry":{"type":"LineString","coordinates":[[-122.274282,37.796967],[-122.274392,37.797011],[-122.274794,37.797168],[-122.275087,37.797283],[-122.275339,37.797382],[-122.275452,37.797427]]}},{"type":"Feature","properties":{"name":"4th Street","kind":"street","eras":["1950","1965","1985"],"src":"osm"},"geometry":{"type":"LineString","coordinates":[[-122.273105,37.796504],[-122.273212,37.796546],[-122.273503,37.79666],[-122.274166,37.796922],[-122.274282,37.796967]]}},{"type":"Feature","properties":{"name":"4th Street","kind":"street","eras":["1950","1965","1985"],"src":"osm"},"geometry":{"type":"LineString","coordinates":[[-122.28027,37.799316],[-122.280402,37.799369],[-122.281336,37.799737],[-122.281454,37.799783],[-122.281577,37.799831],[-122.282515,37.8002],[-122.282537,37.800209],[-122.28264,37.800249],[-122.282721,37.800281],[-122.282755,37.800294],[-122.283562,37.800604]]}},{"type":"Feature","properties":{"name":"Jefferson Street","kind":"street","eras":["1950","1965","1985"],"src":"osm"},"geometry":{"type":"LineString","coordinates":[[-122.279518,37.798166],[-122.27914,37.798781],[-122.279094,37.798856]]}},{"type":"Feature","properties":{"name":"Castro Street","kind":"street","eras":["1950","1965","1985"],"src":"osm"},"geometry":{"type":"LineString","coordinates":[[-122.282317,37.7984],[-122.282297,37.798433],[-122.282263,37.798488],[-122.282244,37.798519],[-122.281945,37.798998],[-122.281887,37.799091]]}},{"type":"Feature","properties":{"name":"Kirkham Street","kind":"street","eras":["1950","1965","1985"],"src":"osm"},"geometry":{"type":"LineString","coordinates":[[-122.291232,37.808037],[-122.291378,37.807643],[-122.291396,37.80758]]}},{"type":"Feature","properties":{"name":"20th Street","kind":"street","eras":["1950","1965","1985"],"src":"osm"},"geometry":{"type":"LineString","coordinates":[[-122.290712,37.815432],[-122.291942,37.816033],[-122.292009,37.816066]]}},{"type":"Feature","properties":{"name":"Campbell Street","kind":"street","eras":["1950","1965","1985"],"src":"osm"},"geometry":{"type":"LineString","coordinates":[[-122.293076,37.814715],[-122.293065,37.81473],[-122.293,37.814813],[-122.292009,37.816066]]}},{"type":"Feature","properties":{"name":"18th Street","kind":"street","eras":["1950","1965","1985"],"src":"osm"},"geometry":{"type":"LineString","coordinates":[[-122.291801,37.814074],[-122.291904,37.814126],[-122.292231,37.814291],[-122.292518,37.814435],[-122.292822,37.814588],[-122.292911,37.814633],[-122.293076,37.814715]]}},{"type":"Feature","properties":{"name":"Peralta Street","kind":"street","eras":["1950","1965","1985"],"src":"osm"},"geometry":{"type":"LineString","coordinates":[[-122.291995,37.813831],[-122.291801,37.814074]]}},{"type":"Feature","properties":{"name":"18th Street","kind":"street","eras":["1950","1965","1985"],"src":"osm"},"geometry":{"type":"LineString","coordinates":[[-122.285135,37.812365],[-122.285198,37.81239],[-122.285254,37.812413],[-122.285874,37.812679],[-122.28603,37.81274],[-122.286185,37.812785],[-122.28711,37.812997],[-122.2882,37.813246]]}},{"type":"Feature","properties":{"name":"18th Street","kind":"street","eras":["1950","1965","1985"],"src":"osm"},"geometry":{"type":"LineString","coordinates":[[-122.2882,37.813246],[-122.28835,37.813279],[-122.289159,37.813463],[-122.289821,37.81361],[-122.290179,37.813696],[-122.290246,37.813712]]}},{"type":"Feature","properties":{"name":"Union Street","kind":"street","eras":["1950","1965","1985"],"src":"osm"},"geometry":{"type":"LineString","coordinates":[[-122.286549,37.814904],[-122.286523,37.814975],[-122.286297,37.815605],[-122.286184,37.815918],[-122.286156,37.815997],[-122.286116,37.816109]]}},{"type":"Feature","properties":{"name":"Adeline Street","kind":"major","eras":["1950","1965","1985"],"src":"osm"},"geometry":{"type":"LineString","coordinates":[[-122.284005,37.81551],[-122.284035,37.815427],[-122.284057,37.815365],[-122.284136,37.815152],[-122.284375,37.814495],[-122.284392,37.81442],[-122.284415,37.814357],[-122.284795,37.813307]]}},{"type":"Feature","properties":{"name":"Adeline Street","kind":"major","eras":["1950","1965","1985"],"src":"osm"},"geometry":{"type":"LineString","coordinates":[[-122.287211,37.80663],[-122.287188,37.806696],[-122.287114,37.806899],[-122.287034,37.807121],[-122.286851,37.807624],[-122.286705,37.808028],[-122.286676,37.808107],[-122.286647,37.808188],[-122.286335,37.809047],[-122.286232,37.809333],[-122.286199,37.809426],[-122.286173,37.809497]]}},{"type":"Feature","properties":{"name":"Adeline Street","kind":"major","eras":["1950","1965","1985"],"src":"osm"},"geometry":{"type":"LineString","coordinates":[[-122.286173,37.809497],[-122.286137,37.809595]]}},{"type":"Feature","properties":{"name":"Linden Street","kind":"street","eras":["1950","1965","1985"],"src":"osm"},"geometry":{"type":"LineString","coordinates":[[-122.282971,37.811847],[-122.282937,37.811941],[-122.28293,37.811959],[-122.282819,37.812268],[-122.282795,37.812333],[-122.282558,37.812988],[-122.282461,37.813253],[-122.282218,37.814011],[-122.282197,37.814068],[-122.281888,37.814926],[-122.281883,37.814941],[-122.281853,37.81502]]}},{"type":"Feature","properties":{"name":"West Grand Avenue","kind":"major","eras":["1950","1965","1985"],"src":"osm"},"geometry":{"type":"LineString","coordinates":[[-122.279767,37.814632],[-122.279462,37.814611],[-122.279348,37.814599],[-122.279218,37.814585],[-122.279161,37.814574]]}},{"type":"Feature","properties":{"name":"Adeline Street","kind":"major","eras":["1950","1965","1985"],"src":"osm"},"geometry":{"type":"LineString","coordinates":[[-122.283394,37.81718],[-122.283425,37.817096],[-122.28359,37.816638],[-122.283616,37.816566],[-122.283758,37.816177],[-122.28387,37.815878]]}},{"type":"Feature","properties":{"name":"24th Street","kind":"street","eras":["1950","1965","1985"],"src":"osm"},"geometry":{"type":"LineString","coordinates":[[-122.284489,37.817429],[-122.285292,37.817618],[-122.285569,37.817681],[-122.286115,37.817801],[-122.286249,37.817832],[-122.286539,37.817898],[-122.287479,37.818103],[-122.288183,37.818273]]}},{"type":"Feature","properties":{"name":"Myrtle Street","kind":"street","eras":["1950","1965","1985"],"src":"osm"},"geometry":{"type":"LineString","coordinates":[[-122.277439,37.821061],[-122.277417,37.821123],[-122.277412,37.821137],[-122.277312,37.821419],[-122.277217,37.821676],[-122.277183,37.821769],[-122.277133,37.821824],[-122.277089,37.821843],[-122.276995,37.821865]]}},{"type":"Feature","properties":{"name":"30th Street","kind":"street","eras":["1950","1965","1985"],"src":"osm"},"geometry":{"type":"LineString","coordinates":[[-122.276679,37.820892],[-122.27679,37.820917],[-122.276843,37.820928],[-122.277263,37.821022],[-122.277364,37.821044],[-122.277439,37.821061]]}},{"type":"Feature","properties":{"name":"Myrtle Street","kind":"street","eras":["1950","1965","1985"],"src":"osm"},"geometry":{"type":"LineString","coordinates":[[-122.279723,37.81474],[-122.27969,37.81483],[-122.2796,37.815079],[-122.279535,37.815261],[-122.279445,37.815505],[-122.279209,37.816149],[-122.279186,37.816221]]}},{"type":"Feature","properties":{"name":"Myrtle Street","kind":"street","eras":["1950","1965","1985"],"src":"osm"},"geometry":{"type":"LineString","coordinates":[[-122.279186,37.816221],[-122.279023,37.816692],[-122.278997,37.816763],[-122.278957,37.81687],[-122.278618,37.817771],[-122.278481,37.818126],[-122.278325,37.818565],[-122.278056,37.819321],[-122.277947,37.819639],[-122.277933,37.819683],[-122.277848,37.819915],[-122.277834,37.819952],[-122.277618,37.820548],[-122.277464,37.820987],[-122.277459,37.821002],[-122.277439,37.821061]]}},{"type":"Feature","properties":{"name":"Chestnut Street","kind":"street","eras":["1950","1965","1985"],"src":"osm"},"geometry":{"type":"LineString","coordinates":[[-122.284915,37.8096],[-122.284919,37.809725],[-122.284808,37.810032],[-122.284561,37.810712],[-122.284525,37.810813],[-122.284491,37.810905],[-122.284235,37.811599],[-122.284094,37.811984],[-122.284052,37.812098]]}},{"type":"Feature","properties":{"name":"21st Street","kind":"street","eras":["1950","1965","1985"],"src":"osm"},"geometry":{"type":"LineString","coordinates":[[-122.284392,37.81442],[-122.284521,37.814451],[-122.28454,37.814455],[-122.285537,37.814677],[-122.285615,37.814694],[-122.286549,37.814904],[-122.287529,37.815131]]}},{"type":"Feature","properties":{"name":"21st Street","kind":"street","eras":["1950","1965","1985"],"src":"osm"},"geometry":{"type":"LineString","coordinates":[[-122.282218,37.814011],[-122.282291,37.814024],[-122.282325,37.81403],[-122.283283,37.814207],[-122.28426,37.814395],[-122.284282,37.814399],[-122.284392,37.81442]]}},{"type":"Feature","properties":{"name":"Market Street","kind":"major","eras":["1950","1965","1985"],"src":"osm"},"geometry":{"type":"LineString","coordinates":[[-122.279656,37.811755],[-122.279636,37.811815],[-122.279587,37.811951]]}},{"type":"Feature","properties":{"name":"25th Street","kind":"street","eras":["1950","1965","1985"],"src":"osm"},"geometry":{"type":"LineString","coordinates":[[-122.271999,37.814949],[-122.271909,37.814935],[-122.271871,37.814929],[-122.271796,37.814918]]}},{"type":"Feature","properties":{"name":"Jefferson Street","kind":"street","eras":["1950","1965","1985"],"src":"osm"},"geometry":{"type":"LineString","coordinates":[[-122.274793,37.805735],[-122.27484,37.80566],[-122.275167,37.805135],[-122.275221,37.80505],[-122.275601,37.804446],[-122.275653,37.804364]]}},{"type":"Feature","properties":{"name":"14th Street","kind":"major","eras":["1950","1965","1985"],"src":"osm"},"geometry":{"type":"LineString","coordinates":[[-122.274793,37.805735],[-122.27475,37.805718],[-122.274689,37.805694],[-122.274072,37.805452],[-122.273975,37.805414],[-122.273717,37.805313],[-122.273609,37.80527]]}},{"type":"Feature","properties":{"name":"14th Street","kind":"major","eras":["1950","1965","1985"],"src":"osm"},"geometry":{"type":"LineString","coordinates":[[-122.2688,37.803389],[-122.268703,37.803351],[-122.267989,37.803072]]}},{"type":"Feature","properties":{"name":"10th Street","kind":"street","eras":["1950","1965","1985"],"src":"osm"},"geometry":{"type":"LineString","coordinates":[[-122.269099,37.800066],[-122.269232,37.800119],[-122.269337,37.80016]]}},{"type":"Feature","properties":{"name":"10th Street","kind":"street","eras":["1950","1965","1985"],"src":"osm"},"geometry":{"type":"LineString","coordinates":[[-122.268805,37.799951],[-122.269099,37.800066]]}},{"type":"Feature","properties":{"name":"Telegraph Avenue","kind":"major","eras":["1950","1965","1985"],"src":"osm"},"geometry":{"type":"LineString","coordinates":[[-122.269922,37.808256],[-122.269963,37.808067],[-122.270082,37.807596],[-122.270097,37.807531],[-122.270134,37.807386],[-122.270182,37.807196]]}},{"type":"Feature","properties":{"name":"Pine Street","kind":"street","eras":["1950","1965"],"erased":true,"src":"usgs-1949"},"geometry":{"type":"LineString","coordinates":[[-122.3004,37.806613],[-122.301333,37.802613]]}},{"type":"Feature","properties":{"name":"Cedar Street","kind":"street","eras":["1950","1965"],"erased":true,"src":"usgs-1949"},"geometry":{"type":"LineString","coordinates":[[-122.2984,37.806147],[-122.299333,37.802147]]}},{"type":"Feature","properties":{"name":"4th Street","kind":"street","eras":["1950","1965"],"erased":true,"src":"usgs-1949"},"geometry":{"type":"LineString","coordinates":[[-122.3024,37.80427],[-122.2955,37.802661]]}},{"type":"Feature","properties":{"name":"5th Street (west)","kind":"street","eras":["1950","1965"],"erased":true,"src":"usgs-1949"},"geometry":{"type":"LineString","coordinates":[[-122.3024,37.80517],[-122.2955,37.803561]]}},{"type":"Feature","properties":{"name":"6th Street (west)","kind":"street","eras":["1950","1965"],"erased":true,"src":"usgs-1949"},"geometry":{"type":"LineString","coordinates":[[-122.3024,37.80607],[-122.2955,37.804461]]}},{"type":"Feature","properties":{"name":"Cypress corridor clearance","kind":"takings","eras":["1965"],"src":"usgs"},"geometry":{"type":"Polygon","coordinates":[[[-122.295,37.7995],[-122.29379999999999,37.7995],[-122.2915,37.818],[-122.29270000000001,37.818],[-122.295,37.7995]]]}},{"type":"Feature","properties":{"name":"Grove-Shafter (I-980) right-of-way","kind":"takings","eras":["1965"],"src":"usgs"},"geometry":{"type":"Polygon","coordinates":[[[-122.2757,37.799],[-122.2739,37.799],[-122.2679,37.8195],[-122.2697,37.8195],[-122.2757,37.799]]]}},{"type":"Feature","properties":{"name":"DeFremery Park","kind":"park","eras":["1950","1965","1985"],"src":"usgs"},"geometry":{"type":"Polygon","coordinates":[[[-122.2898,37.81],[-122.2866,37.8107],[-122.2872,37.8129],[-122.2903,37.8122],[-122.2898,37.81]]]}},{"type":"Feature","properties":{"name":"Prescott School","kind":"school","eras":["1950","1965","1985"],"src":"usgs"},"geometry":{"type":"Point","coordinates":[-122.3005,37.8078]}},{"type":"Feature","properties":{"name":"McClymonds High Sch","kind":"school","eras":["1950","1965","1985"],"src":"usgs"},"geometry":{"type":"Point","coordinates":[-122.282,37.8085]}},{"type":"Feature","properties":{"name":"Southern Pacific yards","kind":"rail","eras":["1950","1965","1985"],"src":"usgs"},"geometry":{"type":"Point","coordinates":[-122.301,37.7985]}}]}